x;y;life_span;mean_BC;max_BC;trend_BC;mean_DeltaBC;max_DeltaBC;BC_EuclideanNorm;BC_Deviation
2280757;6777228;46;3.9960893914305627e-07;2.257620881488073e-06;3.7460980102357116e-08;8.647917317765421e-08;1.9398002393713496e-06;5.936720476722929e-06;7.787815737693348e-07
2284652;6795827;35;1.6278114195657055e-07;1.923845844797584e-06;2.5519504358774708e-08;5.813690528382487e-08;1.923845844797584e-06;3.289575261796403e-06;5.316789014013974e-07
2291150;6779588;11;4.282657251907295e-07;6.412819482658614e-07;2.7248714387022052e-08;3.914693376858931e-08;3.135941298966653e-07;1.4812077218536805e-06;1.2665252040503098e-07
2291902;6779172;3;1.8991133228266565e-06;1.923845844797584e-06;-2.6404467426233196e-08;2.6404467426230767e-08;3.1420303792140646e-08;3.289575261796403e-06;2.1688431707239838e-08
2366458;6937814;50;0.0;0.0;0.0;0.0;0.0;0.0;0.0
2439801;6840607;55;5.413176886022447e-06;8.439169561603224e-06;9.444447988349958e-08;5.295333275501765e-07;4.41068222329053e-06;4.335886164036942e-05;2.2088839748264376e-06
2456130;6843516;10;6.0196576537017225e-06;6.412819482658614e-06;9.472236525866778e-09;2.0489510427744743e-07;8.421265703822808e-07;1.9060783955923033e-05;3.0833461315196604e-07
2531612;6846850;36;2.414675047508311e-06;3.013989129144009e-06;-9.495181900551687e-09;1.0074918377325658e-07;5.454104964166647e-07;1.455572165674706e-05;2.3365643620982055e-07
2671680;6821774;55;0.0;0.0;0.0;0.0;0.0;0.0;0.0
2699014;6800591;33;0.0;0.0;0.0;0.0;0.0;0.0;0.0
2971627;7367545;55;0.0;0.0;0.0;0.0;0.0;0.0;0.0
2995109;7733747;19;0.0;0.0;0.0;0.0;0.0;0.0;0.0
3040776;7067808;40;0.0;0.0;0.0;0.0;0.0;0.0;0.0
3106459;7512666;57;0.0013276839871398998;0.006568125438620674;-5.972637543958381e-06;0.0002717448994411841;0.006374699095970921;0.018034716648259494;0.001985802912031502
3120359;7804319;42;0.0;0.0;0.0;0.0;0.0;0.0;0.0
3126463;6534436;29;0.0;0.0;0.0;0.0;0.0;0.0;0.0
3129551;7527716;3;0.0015492590876988335;0.001559277057208442;-1.0798278359272288e-05;1.0798278359271086e-05;1.31392049082591e-05;0.002683439587800463;8.885548612846514e-06
3129576;7527616;3;0.0;0.0;0.0;0.0;0.0;0.0;0.0
3129649;7527513;3;0.0;0.0;0.0;0.0;0.0;0.0;0.0
3129660;7527578;3;0.002323413853217544;0.0023384346243514637;-1.6190816422051826e-05;1.6190816422050102e-05;1.970095228644034e-05;0.00402433700118147;1.3322901444288915e-05
3129678;7527689;3;0.006186591227519787;0.006226527076687381;-4.30478888662448e-05;4.304788886624021e-05;5.2384007962179464e-05;0.010715665980212922;3.54229220430126e-05
3129683;7527721;3;0.0;0.0;0.0;0.0;0.0;0.0;0.0
3130044;7527225;3;0.0;0.0;0.0;0.0;0.0;0.0;0.0
3130218;7527224;3;0.0;0.0;0.0;0.0;0.0;0.0;0.0
3130230;7527171;61;0.0;0.0;0.0;0.0;0.0;0.0;0.0
3135400;7267470;25;0.0019152937431751143;0.0037604694613605112;-9.647713610364397e-05;0.00017737191170276903;0.0022234793370491087;0.010830525226034332;0.0010117613079303335
3158274;7278173;55;0.0018236179189763146;0.005635142082869623;4.717433866815257e-05;0.0002533806006682775;0.004430926194131118;0.017817808150247198;0.0015641858758785247
3172988;6897210;49;0.0;0.0;0.0;0.0;0.0;0.0;0.0
3184930;7535368;37;0.004455622834526778;0.007802477464550735;2.1263196811170693e-06;0.00047487077224742536;0.0049214695501856465;0.029257757079028956;0.0018119056720561364
3210411;7818902;74;0.0;0.0;0.0;0.0;0.0;0.0;0.0
3212192;7816483;30;0.0;0.0;0.0;0.0;0.0;0.0;0.0
3219080;7747520;42;0.0013113648893253785;0.0018036170193838792;1.9001300003470244e-05;4.842116095199469e-05;0.0008982490011512703;0.008767366487946038;0.00033238834393902166
3230542;7605524;41;0.0;0.0;0.0;0.0;0.0;0.0;0.0
3235094;7604851;7;2.9843209358704604e-06;7.054101430924475e-06;1.4852450121812155e-06;1.207955698675028e-06;7.054101430924475e-06;1.2061775959920144e-05;3.446390226835367e-06
3235814;7608874;49;0.0;0.0;0.0;0.0;0.0;0.0;0.0
3244544;7787666;30;0.0005687401556726935;0.0019638211505562473;-8.009067652774612e-05;6.776003788703016e-05;0.0018250211433725896;0.0056857139396304926;0.0008683966463751938
3324985;7678562;9;0.0007868491359446272;0.0008018335836069579;-3.833260397522879e-06;4.51939050804993e-06;8.596901372289454e-06;0.0023607475507777375;1.0246592234749692e-05
3327548;7432598;8;0.0008937594977314296;0.0024012802552815177;0.0004246985989545247;0.00034844700768819355;0.0024012802552815177;0.004128185777662386;0.0011538776742257444
3335700;7227268;28;0.0025135258016471093;0.004004874881019099;8.971742916534299e-05;0.0003017710892843747;0.002195033476982965;0.014567439460866262;0.0011229991364123798
3350182;7635976;21;0.003553527505969752;0.00400737169584929;5.76155360400767e-05;0.00015045311462410615;0.0008970962508253865;0.016443463485788946;0.0004980332250878097
3351167;7635289;35;0.0025146111154436684;0.004806690568396548;2.2089421446356005e-05;0.0004252483147810627;0.004726784711841249;0.01852504641862792;0.001865957644943967
3354309;7556449;47;0.004379512571966172;0.008436026796791;1.7534536387115807e-05;0.0005193080987290298;0.004925638101938563;0.032945138670739275;0.001978157506893844
3355302;7039473;49;0.0007387621701839838;0.0045889402084422215;5.926319272443287e-05;0.00010508113380163654;0.0037978272103063957;0.009844911569203791;0.0011967607312461668
3356808;7546128;3;0.0007946096719783354;0.0007961985898659761;-1.2148657205180174e-06;2.3833768314607913e-06;3.5982425519789918e-06;0.0013763067721958185;1.4987536509020271e-06
3357061;7546568;3;0.0015885333815294353;0.001591709912930169;-2.4127182898716587e-06;4.764797101100386e-06;7.1775153909724426e-06;0.002751425392527795;2.987638236820518e-06
3363683;7610741;37;6.18035131954778e-08;3.4363340089165995e-07;8.098710479502333e-09;1.0428536577568504e-08;3.4363340089165995e-07;8.647181857710873e-07;1.280212813602032e-07
3366538;7632956;42;0.00014964486722053046;0.0007958549564650845;1.728926618688329e-05;2.0073794693358888e-05;0.0007946789170594703;0.0022222694589875166;0.000308527644989637
3367597;7625807;9;3.258910371177522e-05;3.772066589548861e-05;1.6256414981237038e-07;2.7340891192598018e-06;1.0681215337123958e-05;9.830785154141494e-05;3.4316589453905094e-06
3370127;7638321;8;3.297364604744819e-07;3.511616955631773e-07;-5.387856221487489e-09;5.617458653189082e-09;9.48485649284161e-09;9.33301707506231e-07;1.2465002527725973e-08
3370139;7638527;34;0.000972012752068117;0.0012813167352466275;-1.0460351217178175e-05;2.7852265422170842e-05;0.0003157457472865447;0.005708171872701863;0.00011628151212132142
3370254;7638529;34;4.595853066814301e-06;1.4009722747586826e-05;-2.6357245573570284e-07;3.5921988257537805e-07;2.1217078479414845e-06;3.222756294510293e-05;3.0701235335425155e-06
3370262;7638519;34;0.004843626036385108;0.006375332048544195;-5.163116522060103e-05;0.0001386117003238441;0.0015831411534427174;0.028441720220356976;0.0005756633248400504
3370897;7644238;48;0.0009863569679227104;0.001512603971620365;-1.1774454989921506e-05;2.985365994947783e-05;0.0003149286330254348;0.006944011867253315;0.0001779570137941862
3370933;7644110;48;0.0019660643388635583;0.0030124702255849797;-2.3378871727647422e-05;5.969830550493921e-05;0.0006318183402775335;0.013839785882713675;0.0003535546286441191
3371040;7644148;48;5.080366781082578e-06;1.5566358608429806e-05;-9.337870627505693e-08;7.40117964311392e-07;1.1996275193430814e-05;4.0626988062991926e-05;2.928545147960185e-06
3373113;6838997;51;0.0;0.0;0.0;0.0;0.0;0.0;0.0
3373367;7634008;11;0.003499943085196468;0.006662437902144837;-0.00046319599567719045;0.00043614797706251543;0.004021699303198975;0.013152074399267407;0.0018642922958520126
3373371;7634000;3;0.0;0.0;0.0;0.0;0.0;0.0;0.0
3373375;7634006;3;0.0;0.0;0.0;0.0;0.0;0.0;0.0
3373392;7634003;11;0.005080770136659558;0.008312431985754107;-0.0004726343885936451;0.00044840396880413153;0.004024742734879267;0.017978224386685632;0.0018892055834212572
3373392;7634195;11;0.004289932547889514;0.0074849132036382895;-0.0004676140326857494;0.00044199110929477183;0.0040205347685024085;0.015528389266492278;0.0018754911912217099
3374372;7650872;15;0.04620316408161966;0.15555555555555556;-0.010264084219987344;0.011059694571340841;0.06581196581196581;0.2625643197097707;0.049611179128202315
3374722;7650834;15;0.0;0.0;0.0;0.0;0.0;0.0;0.0
3375267;7647384;7;0.0013585115874367934;0.0015883008437169858;-7.264106401351369e-05;7.014726116871925e-05;0.00011204030923234968;0.0036152250560367674;0.00014686051370301523
3375726;7631431;59;0.006115128482721599;0.010386475165432063;8.08089047451349e-05;0.000484828271669838;0.00402786672359046;0.050019199686501474;0.002238444344896412
3375827;7645339;3;0.0;0.0;0.0;0.0;0.0;0.0;0.0
3375834;7645322;3;0.0012367793708397234;0.0015175300889586603;-0.00031391619198719683;0.00031391619198716555;0.0004134126135918513;0.0021891907362148635;0.0002605676131863352
3376227;7590904;7;0.0011014739547608998;0.0015240065500538196;0.0001536837537951221;0.00012738524884599748;0.0007359173468759031;0.0030640349920737536;0.00035769027334834355
3377029;7617893;39;0.0;0.0;0.0;0.0;0.0;0.0;0.0
3377803;7608767;78;0.00783488271527731;0.08888888888888889;-0.00027409367979093865;0.003189533529334785;0.047619047619047616;0.17223657291417768;0.017858911748858064
3378215;7608685;10;0.0007906037090337286;0.000821397730714744;-4.658303686354226e-06;6.154708344205742e-06;1.9204902670686233e-05;0.002500508632231144;1.4146280371823238e-05
3379514;7647979;6;0.0007872828330913067;0.0007972784269355805;-5.015639705112936e-06;4.783300831652645e-06;8.716697724306041e-06;0.0019285605272151396;8.757391646413279e-06
3379540;7648026;6;0.0023301112550140166;0.0023590887234556574;-1.459199128845667e-05;1.3912644930561858e-05;2.5459502437764382e-05;0.005707925217727556;2.5493550531412146e-05
3379653;7619063;11;0.012221085289434669;0.014181406821397914;-0.00010416818308893814;0.0008177245076862301;0.003564843928369919;0.040705408427195576;0.0011292029794506833
3379981;7647700;6;0.0015590208934838851;0.0015785177237400178;-9.808457617467159e-06;9.352434692988823e-06;1.7095146925271386e-05;0.003819036291811665;1.713339944301809e-05
3381413;7629108;10;0.008412999310622633;0.011135140572348238;-0.0003159026912519295;0.00044936147954938795;0.0032445372730436437;0.02689235171617253;0.0012414913137415993
3381625;7628797;65;0.014468658487357164;0.13333333333333333;-0.0006020824190570189;0.00480723418162603;0.13333333333333333;0.23565949553665044;0.025397808124398135
3387883;7604761;20;0.01195712575545044;0.015057838680454893;-0.00015336119540138924;0.0005614587660082862;0.004826559858417909;0.05419373705305192;0.0019685528840014386
3387947;7604822;11;0.002536630489285546;0.0026346987016906045;-8.227273230246814e-06;4.781736911601683e-05;0.00016497849679477858;0.008414774727071422;5.134294362122384e-05
3389266;7605182;11;0.0007952783532678371;0.0008352779830733031;-5.5035086999201906e-06;6.8618835307743004e-06;1.923895409031574e-05;0.002638354779837156;1.851705196725257e-05
3389589;7605395;11;0.0;0.0;0.0;0.0;0.0;0.0;0.0
3389694;7605806;42;0.015911370983562715;0.04863053276320351;-0.0006357887615128195;0.0024643980800688366;0.026020816727767626;0.12162152477571729;0.009950571618606635
3389914;7605029;44;0.0;0.0;0.0;0.0;0.0;0.0;0.0
3390418;7605975;11;0.013104963737209109;0.01492159316691855;-4.332037852074829e-05;0.0008394393370841381;0.003540170705720781;0.04361887749109759;0.0011064132671161355
3390789;7629083;13;0.0;0.0;0.0;0.0;0.0;0.0;0.0
3392756;7646439;49;0.00026901597571421434;0.0012801592675544444;-1.5631738102133575e-05;5.788993220205023e-05;0.0010569557495123838;0.0038194020360446702;0.0004747012325417915
3395928;7612723;15;0.0;0.0;0.0;0.0;0.0;0.0;0.0
3395941;7592206;11;0.0;0.0;0.0;0.0;0.0;0.0;0.0
3398058;7597567;7;0.014018893796437592;0.015598207333274229;7.818479238807411e-07;0.0010431667609713737;0.003560900940964477;0.03721789817229455;0.0011628942608061705
3398109;7597638;7;0.013302418672609262;0.014889978894036517;6.710832966951144e-06;0.0010377813278534956;0.0035640346196288766;0.03532967171744568;0.0011652900235439147
3398399;7597817;53;0.007008480636246954;0.022345141197600213;-0.00035365090972100784;0.0010956782815890018;0.010281473549174844;0.07003147928426098;0.006589173004517515
3398402;7597792;11;0.0;0.0;0.0;0.0;0.0;0.0;0.0
3398402;7597796;53;0.0;0.0;0.0;0.0;0.0;0.0;0.0
3398405;7597770;11;0.03201224266648655;0.054062174968219114;-0.0020007082867783224;0.005410733835322202;0.02721854921712478;0.11093871713147285;0.009699008725631845
3398427;7597820;53;0.0;0.0;0.0;0.0;0.0;0.0;0.0
3398431;7597772;11;0.0;0.0;0.0;0.0;0.0;0.0;0.0
3401852;7592255;63;0.003752608945849838;0.045389028222203004;-0.0001719540486246363;0.0015229763449682312;0.04423646528620058;0.07846178530482457;0.00914528336885614
3401968;7916555;24;0.0;0.0;0.0;0.0;0.0;0.0;0.0
3402765;7596438;39;0.020546909141150264;0.035063750512429666;-0.0011625463316991464;0.001190029290585541;0.027551773586866977;0.15920819535397757;0.01509152074114637
3402998;7616091;8;0.0008404128879818586;0.001038123988943661;6.254728914833139e-06;0.00014503144144011222;0.00033256440429618793;0.002399092821920146;0.00011472564550957297
3403262;7619032;57;0.02430143488167033;0.053921992562483784;0.00011297026723805637;0.00326874853817351;0.053598466124307666;0.19880967262254248;0.010142304058209541
3403546;7618359;3;0.003216612514918045;0.003454830340859469;-0.0002164034135163474;0.00021640341351633835;0.0002818466507915956;0.005579991424696092;0.0001793656287212957
3403810;7617903;3;0.0;0.0;0.0;0.0;0.0;0.0;0.0
3403832;7617906;39;0.01976056892857514;0.034078800639481224;-0.0011535278882046757;0.0011827783306037928;0.027544299153647218;0.15495450967285795;0.015006132743834782
3403832;7617908;39;0.0;0.0;0.0;0.0;0.0;0.0;0.0
3403840;7616742;8;0.0020902980627506467;0.002391506489867146;-6.133088828694958e-05;0.0001338140933106015;0.00039851148781512016;0.0059329519665509865;0.0001750539589270885
3408154;7562952;46;0.03694521950004826;0.08450877642442348;0.0007127360574562589;0.002799346061692455;0.04460557540596973;0.26997914351080743;0.014818520074495802
3426976;8436448;44;0.0;0.0;0.0;0.0;0.0;0.0;0.0
3450245;7394108;37;0.002387601359145059;0.005786697268109561;0.00015277970012372234;0.0002429556694738296;0.004881329249876952;0.019451564480400422;0.0021272979402131307
3455074;7929720;36;0.0005654764801867242;0.000932406244273345;2.9202339935551e-05;3.13758097366037e-05;0.000932406244273345;0.004163492105279801;0.0004021875986930735
3475599;7407017;10;1.0859321065116075e-05;2.2938147285843725e-05;2.765185078471852e-06;2.384810867520627e-06;1.9952815217406646e-05;4.553005445440931e-05;9.453768130585496e-06
3480548;7401221;34;0.0;0.0;0.0;0.0;0.0;0.0;0.0
3481188;7401200;14;0.0005573509605529974;0.0008187638396863412;6.588353826327345e-05;6.870343418042772e-05;0.0008187638396863412;0.0024685001321292734;0.00035300056627952936
3494831;7289882;25;0.0027107587383971977;0.004891782978836967;0.00010067296130123512;0.0003131651613568023;0.004891782978836967;0.01586053007480379;0.0016474354713776967
3517839;6631071;39;0.0;0.0;0.0;0.0;0.0;0.0;0.0
3525984;7490478;58;0.060343650548616214;0.08744278030193246;0.0006207539859794203;0.004717246849114488;0.05614171639424601;0.47615832206962194;0.016362325475065304
3567176;7549268;52;0.04642983526721463;0.05971432882361817;0.0006586364578263824;0.002163626648480622;0.03248610436565755;0.34443631428683336;0.011213346483425743
3572078;6797147;53;0.0;0.0;0.0;0.0;0.0;0.0;0.0
3579375;6779179;51;0.010823385441024916;0.014105322141702044;5.354880163588031e-05;0.0005645144919527624;0.008280984812338505;0.07944049877905102;0.002568144037290891
3592836;7093940;41;0.0;0.0;0.0;0.0;0.0;0.0;0.0
3603955;6852095;47;0.0019393978010831946;0.0028447262934790554;-2.2035684237900495e-05;5.7522288029707624e-05;0.0006329623002430873;0.013478870256756065;0.00032290382431812665
3603974;6852128;47;6.404125765943353e-06;1.320890544405038e-05;-1.4553229163799547e-07;4.826994567015475e-07;6.982362000678458e-06;4.65874076423489e-05;2.2727979289360444e-06
3603984;6852125;47;0.005053283175327351;0.006872175824788964;1.4827823066289947e-05;0.00020050108061875395;0.0026735609058861883;0.03549789852619752;0.0011291520997372799
3604003;8842923;36;0.004247276316926507;0.006030436927019511;0.00014392084762835682;0.00028727828018790784;0.0026230682880123563;0.027812170183538446;0.0018566695861318484
3604564;8844675;14;0.005010845347015979;0.005445125022725429;1.1031752417648592e-05;9.987349186343145e-05;0.0007244543112987899;0.01877421484481395;0.0002606513483109884
3605501;7989025;43;0.001227917626153136;0.001863862991352929;3.9853465169129343e-05;6.22803476269807e-05;0.0011515621645958954;0.009029592269449885;0.0006231749837866921
3608617;6925715;47;0.00409833811902849;0.005746961650500108;2.5618809424085935e-05;0.00017686459863123548;0.0027894775157950866;0.029235622006057692;0.0011786392550863331
3613601;8955512;9;0.0011253118946243105;0.0012801592675544444;-1.165138900278369e-05;7.606482812014499e-05;0.00031590917013876675;0.0033876918016500245;9.399409042900808e-05
3614199;8956288;9;0.0;0.0;0.0;0.0;0.0;0.0;0.0
3614423;8956321;50;0.003581320541636294;0.005030448791285527;7.213011547508039e-05;0.0001857980236881231;0.001972455420856016;0.027382533007787643;0.001473161721097014
3630838;7655356;9;0.0;0.0;0.0;0.0;0.0;0.0;0.0
3630872;7655381;9;0.0;0.0;0.0;0.0;0.0;0.0;0.0
3630967;7655353;9;0.002941994071721627;0.0030226824631511377;8.81663550937687e-06;5.735258185919856e-05;0.00015967399405947182;0.00882756296698924;5.5683504193134666e-05
3630988;7655325;9;0.0015753633475119745;0.0016054633893994152;-7.695214284029438e-06;9.05899874282864e-06;1.7229036965760213e-05;0.00472649266253556;2.0563718981852613e-05
3631651;7655782;9;0.0;0.0;0.0;0.0;0.0;0.0;0.0
3631656;7655786;9;0.0;0.0;0.0;0.0;0.0;0.0;0.0
3631656;7655846;51;0.0;0.0;0.0;0.0;0.0;0.0;0.0
3631678;7655842;9;0.0;0.0;0.0;0.0;0.0;0.0;0.0
3631682;7655845;9;0.0;0.0;0.0;0.0;0.0;0.0;0.0
3631696;7655880;60;0.0;0.0;0.0;0.0;0.0;0.0;0.0
3631697;7655813;51;0.013086572134084231;0.02944250568606004;-0.0001774832405999162;0.0011206950997250692;0.021431610869108986;0.09939462890368121;0.004738485266474546
3631713;7655867;60;0.006150976768330277;0.013067408313223025;0.00019559498124798605;0.0005266964624048473;0.008582610796975684;0.05750438147081759;0.004156687335024095
3631930;7655405;51;0.04622033948786168;0.0592695842104885;0.0005808054959680446;0.0015192711610788573;0.012305291026939516;0.3364773313360176;0.009144467524861614
3632192;7655512;51;0.009341912395826595;0.015389743201272631;0.00022456136699675725;0.00044213003552477507;0.008415393149798738;0.07237473859430155;0.003928940132535009
3632204;7655502;51;0.0;0.0;0.0;0.0;0.0;0.0;0.0
3632210;7655494;51;0.0;0.0;0.0;0.0;0.0;0.0;0.0
3632211;7655537;51;0.0;0.0;0.0;0.0;0.0;0.0;0.0
3632233;7655460;51;0.002924992006937682;0.0068882552892724725;-9.238964681379033e-05;0.00019764345547458197;0.0022178676610452685;0.023727383935259635;0.0015758860448132884
3632261;7655484;51;0.0;0.0;0.0;0.0;0.0;0.0;0.0
3641686;6492485;46;0.0;0.0;0.0;0.0;0.0;0.0;0.0
3647081;6841612;47;1.4671104427562142e-06;5.621988722290623e-06;-6.833911308623269e-08;1.0865890765888949e-07;8.075376660000614e-07;1.2938425961653257e-05;1.187160504274167e-06
3650151;6673630;46;0.010160242264471065;0.01566620506020903;0.00022389009247131758;0.0006901925679315169;0.011710879078477296;0.07604280670426083;0.004740905250457123
3652214;7674933;17;0.0;0.0;0.0;0.0;0.0;0.0;0.0
3652891;7025837;47;0.0015041391162411806;0.0023023493883004074;2.335605006491942e-05;7.308453237950515e-05;0.0011672806769025671;0.011183518644973358;0.0006313893608567787
3654117;9043637;50;0.0017319938957716082;0.0031153477046755545;7.209748152751926e-05;9.142023296238836e-05;0.0030203031489456906;0.015361636146425984;0.0013114093361393739
3654334;7672402;17;0.008837520212758174;0.009558583224214616;-8.389145980883199e-05;8.22870354103911e-05;0.00020274448353213223;0.036479636110794064;0.0004224488197676392
3680004;7700208;25;0.0;0.0;0.0;0.0;0.0;0.0;0.0
3682034;9218127;53;0.0005744028115419674;0.001558956416234309;2.6811298046116112e-05;3.888159047148526e-05;0.0010078976464121048;0.005501777546424917;0.0004911060083321668
3683788;8694986;36;0.0054915450166181405;0.007031554992850368;0.0001094057653375862;0.00035249032968778137;0.003935813738517534;0.03445238046663469;0.0016775653631427355
3685185;5422090;55;0.0;0.0;0.0;0.0;0.0;0.0;0.0
3686979;8698176;12;0.005777821615765874;0.0062204348981788555;2.8182447991214352e-05;0.00011430711262953233;0.0007152795495763619;0.020036183134052768;0.0002661395464106737
3687652;7697212;25;0.007982043716525812;0.011296113930762821;0.0003708538232367789;0.00042909584387413506;0.008604883913420316;0.04380892133965893;0.003613286822997552
3698442;9226315;3;0.0007747878032929857;0.0007797988490912875;-5.401339551921531e-06;5.40133955192107e-06;6.572220812778914e-06;0.0013419939207417841;4.4445814649217974e-06
3699454;7367409;45;0.06112979627056918;0.08822702048401258;0.00032520738490762795;0.0045167308925083945;0.038417627187435875;0.42128591988472397;0.014394047110184816
3700880;6703028;40;0.01341529529891079;0.016816992283913545;8.753370157621828e-05;0.0007596615911501303;0.011765891865608127;0.08690684555644998;0.0029748692672684385
3701493;9077169;32;0.0018292226918111905;0.0023374727014290647;-2.9079951394897047e-06;3.989808507883433e-05;0.0007612942950732317;0.010410457132586272;0.000201853652883182
3707652;7736689;17;0.0049214414882059725;0.00532557057365784;-4.777884845212894e-05;4.606606560413534e-05;0.00011559036499220621;0.020315823881454788;0.00024043251604182565
3707735;7736586;17;0.0;0.0;0.0;0.0;0.0;0.0;0.0
3712501;7735918;17;0.007291935337308705;0.007888579869490406;-6.986419231369514e-05;6.8053379282965e-05;0.0001688464912916795;0.03010037019176501;0.0003517041957251464
3712517;7735936;17;0.0;0.0;0.0;0.0;0.0;0.0;0.0
3712524;7735942;17;0.0;0.0;0.0;0.0;0.0;0.0;0.0
3712529;7735905;17;0.0;0.0;0.0;0.0;0.0;0.0;0.0
3712558;7735963;17;0.0033681118829065573;0.0036464769984957852;-3.357610796165194e-05;3.169332179690741e-05;8.133483284564246e-05;0.013904521252363416;0.00016885272197772477
3712580;7735949;17;0.0;0.0;0.0;0.0;0.0;0.0;0.0
3712828;6916654;41;0.0009328949211411449;0.0012801592675544444;-9.9314300395335e-06;2.155990490809403e-05;0.00031590917013876675;0.006029017638547645;0.00012755136663894465
3715395;6829853;57;0.003015189138051353;0.012950873341421611;-0.0001325191687353539;0.0006737943064706452;0.010373502628969801;0.04064910915156311;0.004460631375215981
3716353;5619238;59;0.0;0.0;0.0;0.0;0.0;0.0;0.0
3722444;8968598;32;0.0;0.0;0.0;0.0;0.0;0.0;0.0
3726665;7571658;50;0.0010103206884724283;0.0017295557096743811;-1.3550717984355596e-05;3.3218404256784995e-05;0.00031590917013876675;0.007310968114691687;0.00021967521918816676
3729406;6346008;34;0.0;0.0;0.0;0.0;0.0;0.0;0.0
3730269;7754594;41;9.351717820250862e-06;2.07776467150757e-05;4.993797729269284e-07;7.002193508822492e-07;1.7262570774056916e-05;7.650868151328257e-05;7.437444278335904e-06
3732699;7747515;41;0.0047553845869117515;0.009620916164359844;0.00022762671517739146;0.00032292028960837513;0.008632740440440939;0.03792099654308368;0.0035298068539490477
3732743;7747475;41;0.0;0.0;0.0;0.0;0.0;0.0;0.0
3732804;7747525;41;0.005727224632304556;0.026804636815574885;-0.00030471460023548435;0.0011596859619402455;0.021989776917802226;0.050460659056010285;0.005413246919843486
3732834;7747505;41;0.0;0.0;0.0;0.0;0.0;0.0;0.0
3740716;5314582;3;1.8991133228266565e-06;1.923845844797584e-06;-2.6404467426233196e-08;2.6404467426230767e-08;3.1420303792140646e-08;3.289575261796403e-06;2.1688431707239838e-08
3741545;5317553;51;3.723751613385601e-08;6.412819482658614e-07;4.123177988195044e-09;1.3177698531000305e-08;6.412819482658614e-07;1.0965250872654676e-06;1.489603845219813e-07
3744893;5544370;54;4.941247473393145e-06;6.165988407941794e-05;-3.5205514127454127e-07;1.2331877857297995e-06;4.128921390136537e-05;8.69493769047735e-05;1.0751170572003876e-05
3746055;5415856;24;1.5825944356888806e-07;1.2825638965317227e-06;3.464884680242503e-08;5.729434143913176e-08;1.2825638965317227e-06;2.193050174530935e-06;4.1874633493523195e-07
3747394;8505411;32;0.0009027892876933002;0.001537368661004909;-3.261224291913315e-06;3.2144082194788725e-05;0.0007618002702046847;0.005161854824899331;0.00013273955916752602
3752067;7768291;88;0.007687705989317861;0.032679738562091505;3.756402977985657e-05;0.001688080436257429;0.032679738562091505;0.10012276558978486;0.007403696659643903
3759288;6183286;33;0.0;0.0;0.0;0.0;0.0;0.0;0.0
3761753;5509860;59;0.0002826916872577762;0.002376464447764396;2.001085017748442e-05;4.903386477684049e-05;0.002358251877517138;0.005765240656241889;0.0006952994600761647
3763389;5510073;48;0.0;0.0;0.0;0.0;0.0;0.0;0.0
3769768;5342230;37;6.271797792522442e-05;0.0007785162851947557;9.350128174921035e-06;2.192454884283415e-05;0.0007785162851947557;0.001339800906060126;0.00021114394423629861
3781621;7949004;45;0.022319489048340503;0.026792022264231975;0.00018965671117237534;0.0007140376325673793;0.005412292142527864;0.1510111259977536;0.0029332521316593444
3782481;7773846;25;0.0;0.0;0.0;0.0;0.0;0.0;0.0
3782523;7775379;25;0.0025275624098402634;0.0027945971122496503;-2.242649378966376e-05;2.169629702259622e-05;5.6422908325023686e-05;0.012664232108040031;0.00016352143533788862
3788776;5377645;59;0.0;0.0;0.0;0.0;0.0;0.0;0.0
3789953;6542813;48;0.010831004394433609;0.016537421129638217;0.00030243398752313706;0.0007865569943229241;0.009116597642364348;0.08334695899849055;0.005235702907817427
3791185;5476671;43;0.00011247043972775138;0.0007926003473139971;1.3228840947617531e-05;1.957434334626424e-05;0.0007860713126970556;0.0019165988710624548;0.0002697724467725149
3794772;7288162;56;0.061660630783723296;0.08925304222420435;0.00020570062540103726;0.004579690553127507;0.03842978291725237;0.47215985532769855;0.013377125477885431
3795596;6571736;57;0.0016022356565944843;0.0056461274024688785;2.8910822045995227e-06;0.00028991193567037805;0.003191912770964318;0.01459676328904236;0.001082049953919967
3800488;7785091;34;1.4583321160502774e-06;1.934646668224057e-06;4.451774624364387e-09;5.92585930601047e-08;9.480111397746683e-07;8.671090835847665e-06;2.909876295933555e-07
3800578;7784881;34;0.002782544561615106;0.0032253532630891124;-1.831231443157328e-05;2.9147579387557453e-05;0.00012154725789661211;0.016261958614341147;0.0001882156072664404
3800652;7784888;34;0.0009078701207202952;0.0010598709466633994;-7.096488570099679e-06;9.324518705755834e-06;3.9334227535238074e-05;0.005309838390889688;7.084083860373946e-05
3800669;5417511;51;0.0001060929601877521;0.0007926003473139971;8.833299398365478e-06;1.722568924179505e-05;0.0007860713126970556;0.0019220914070896716;0.0002473543877832345
3800676;7784846;34;0.0;0.0;0.0;0.0;0.0;0.0;0.0
3800830;7554921;60;0.0;0.0;0.0;0.0;0.0;0.0;0.0
3803375;7022105;36;0.0;0.0;0.0;0.0;0.0;0.0;0.0
3805230;8306325;56;0.01056587271782328;0.01462476684285648;0.00018995282040933247;0.0005496900793536821;0.004977949135327106;0.08528393477729168;0.004271249856598876
3805719;7787144;70;0.0046420683764610065;0.023927172132807845;-9.690080541451165e-05;0.001019263144094395;0.022601733172185032;0.0692799305325227;0.006857001487290634
3808136;5365676;51;0.00024844249953282096;0.0023355488555842673;2.3458980069998107e-05;4.8943951851548355e-05;0.0015721615951070967;0.004865884468046589;0.0006344508850425826
3809745;5367809;3;0.0030928208354291872;0.003112782576882491;-2.1517343316265388e-05;2.1517343316263416e-05;2.6184148905141532e-05;0.005357010609631495;1.770603955073097e-05
3813328;8274578;16;0.000810272373862229;0.000929641153462366;1.0678419404820923e-05;6.607998051815487e-05;0.0008750498313501084;0.0033371272434079783;0.00019870787622575898
3813608;8483979;50;3.8503147032708573e-07;1.0403759502533836e-06;3.8276241914564855e-09;3.610025337787578e-08;1.0403759502533836e-06;3.2660469289927206e-06;2.551313734243952e-07
3814069;8483897;44;0.0010759277147290517;0.002559161067416706;-2.550453999720743e-05;6.888461494467682e-05;0.00133359819801822;0.007732352181974711;0.0004485828844037024
3814364;8483181;39;0.0016615223628668402;0.0023032464361424456;8.667148285240464e-06;6.457033611957952e-05;0.0009930743790570822;0.010536946171304884;0.0002935908843262342
3814432;8005572;17;0.0;0.0;0.0;0.0;0.0;0.0;0.0
3814443;8005576;17;0.008059940262565747;0.01318457414715686;-0.00020773037949750695;0.0018115942217690512;0.010497450369524923;0.03586683839428042;0.0032725710955944605
3814685;8004772;58;0.0028390597189533683;0.014337853476157977;-0.0001954037963077347;0.0008296200545351615;0.012684136181498457;0.04238592479585318;0.0047869642235689285
3816278;8005444;39;0.004020453900524477;0.006945783563708629;0.00016072720484852562;0.0001786062632658238;0.002644394929535127;0.028475120311812232;0.0021509362522514116
3818159;8274412;15;0.0;0.0;0.0;0.0;0.0;0.0;0.0
3818338;7939065;51;0.006189942733790168;0.015506958250497018;-5.371270149033118e-05;0.000655522000880702;0.010698442529666733;0.05075824461487187;0.003493171077344721
3819122;5437937;54;0.00020148865186667912;0.0015845323975391965;1.5888230969303526e-05;3.3707896988436436e-05;0.0015721615951070967;0.0038423692444119976;0.0004824997958457912
3820925;7932228;58;0.004511760185252941;0.02268868170217199;-0.0002725267862865879;0.0011366351274247745;0.02255031170078829;0.06248071774001459;0.006852124325889396
3820973;8192319;18;0.0;0.0;0.0;0.0;0.0;0.0;0.0
3822470;6869413;41;0.0;0.0;0.0;0.0;0.0;0.0;0.0
3824626;6570312;32;0.0;0.0;0.0;0.0;0.0;0.0;0.0
3824693;8010037;16;0.0;0.0;0.0;0.0;0.0;0.0;0.0
3825586;5472281;59;0.0012400642177967304;0.012427082234469995;0.00010272886953990798;0.00023117191712700093;0.008647457864478604;0.027867777941531183;0.003409570902986809
3825704;8009411;39;0.014175425292473757;0.01555712902773804;-1.118495250804636e-05;0.00031513183026519846;0.0028279871122147554;0.08865228504194847;0.0007589303620159192
3827865;8196125;18;0.003076110384388639;0.0035202580091027364;3.7746166340709884e-05;0.00012697576278752348;0.000859120525874571;0.013209807217283879;0.00048159543722576186
3827953;8196127;18;0.0;0.0;0.0;0.0;0.0;0.0;0.0
3829671;6592822;62;0.0014758406673736628;0.006259585279325891;-5.8546323747606e-06;0.0004133624507883942;0.003779344079188091;0.016236595502575998;0.0014401191798513054
3835574;6649516;46;0.0;0.0;0.0;0.0;0.0;0.0;0.0
3835956;8132126;19;0.0;0.0;0.0;0.0;0.0;0.0;0.0
3836504;8131492;56;0.0029683641241251522;0.010806800985133973;4.446364467648095e-06;0.0005664577779040445;0.010290062845676731;0.03097002466742126;0.002883809595305492
3844510;8489371;54;0.0098980071487871;0.013685478538887227;0.00018607268727975423;0.0004926208953052792;0.0051172610755652005;0.07885565265538326;0.004145065110878201
3850415;8493530;30;0.0;0.0;0.0;0.0;0.0;0.0;0.0
3852642;7235990;39;0.06562021978121113;0.09027906396439611;-1.713728625956995e-05;0.003998009098844208;0.03844206549026511;0.417487957083479;0.01277184181293744
3874508;6223746;35;0.0008945896428966837;0.0011093451204242204;-8.33331075269087e-06;1.0078999195842949e-05;4.9474173760820925e-05;0.005316772155907276;8.583940763348186e-05
3879498;6211396;48;0.0;0.0;0.0;0.0;0.0;0.0;0.0
3879715;6549097;3;0.014535260203408937;0.014630530126044131;6.904191728172751e-05;0.0001429048839527913;0.0002119468012345034;0.025176268898554708;8.784097358720357e-05
3890061;5414712;51;0.001452495902703313;0.01316936608958773;0.00014672830360494183;0.0002716143240129572;0.009434449208255464;0.02967475325919055;0.0038931665101866264
3901226;7290204;39;0.03560334962997172;0.07612820715471222;0.0013228176322672462;0.004324253162935751;0.06214959377411804;0.2691666387305439;0.024292204994033055
3904473;7289786;22;0.0;0.0;0.0;0.0;0.0;0.0;0.0
3928311;5627703;47;0.0;0.0;0.0;0.0;0.0;0.0;0.0
3931292;5386290;6;0.011110366888995934;0.013938263145558497;0.0021139942473522443;0.002842873196943207;0.012578199115014893;0.029846158205071575;0.005002526780764201
3936502;6915426;47;0.00011055674480689973;0.0002430776770399412;-1.9364751361713455e-06;1.3627578684135955e-05;0.00018056495998055455;0.0009822960549623803;9.114335562980267e-05
3936595;6689575;45;0.003558721318307068;0.013839841195432632;-0.0002523469654198904;0.0005256778595244771;0.010329503798499791;0.03878933467249101;0.004557558070265063
3937191;5383630;61;0.0013962246190727787;0.014706518919580998;0.00012068381465735359;0.00025455645838163714;0.012579388914141692;0.03398889102639998;0.004121770825079945
3953111;6438381;51;0.006289263118814607;0.013823608085903168;-9.944396417125454e-05;0.0005892428530129128;0.00481718215279359;0.04767507418604157;0.0022387686530804733
3960120;9220394;53;0.0;0.0;0.0;0.0;0.0;0.0;0.0
3961303;6328617;42;0.0;0.0;0.0;0.0;0.0;0.0;0.0
3964159;6327871;46;0.0060761338425485535;0.008055334965726368;0.0001126322909025343;0.0002414502135970641;0.003204901453987892;0.04395972671732193;0.0022562235633700667
3988287;5433559;40;0.0;0.0;0.0;0.0;0.0;0.0;0.0
3989265;6992282;42;0.00044758323601763565;0.0014279851354618183;-1.7870449220685427e-05;0.00010094593211973379;0.0014279851354618183;0.0039712662714672855;0.00041853099578010705
3993680;6993935;10;0.002744806589688833;0.0034905156947900562;7.172373923513506e-05;0.000495018947250113;0.003312233710061;0.009224374286077893;0.0009873929725120894
3995847;7131858;43;5.250724317386675e-05;7.501634284612005e-05;-2.1895044330633468e-07;2.508143148792406e-06;2.868787400201535e-05;0.0003464161004810152;5.8122954808350135e-06
3995894;7130723;59;0.052016445994048185;0.09126401383734456;-8.425046758364414e-05;0.005294004576703875;0.061445991524690824;0.4241828095861191;0.01854638133241856
4001968;6322933;48;0.003428295190691976;0.013591144738685723;-9.554743448042397e-05;0.00040766313294843156;0.005014800942831377;0.028457253664830838;0.0022622873115844375
4005941;5380352;37;0.0;0.0;0.0;0.0;0.0;0.0;0.0
4008692;5422731;47;0.0020885130329982167;0.01702058482989836;0.0002302696310770776;0.0003788520720697413;0.014938266792187358;0.039669706004056546;0.005396367769877115
4009151;6310235;3;0.011772741660281498;0.012102570140452608;-0.00044338915277436595;0.00044338915277453237;0.0007840711705847988;0.020402521967613507;0.0003960488352754346
4009220;6513318;52;0.00613336520778876;0.01483999784145486;-0.00010780415293469122;0.0009039670673720649;0.01483999784145486;0.048416806490165304;0.0027317308353587933
4017561;6301261;34;0.000710768994713093;0.0009612000177264232;1.796130467394479e-05;3.502245114203898e-05;0.0009612000177264232;0.004578429853362325;0.0003336726447659569
4020678;6916574;9;0.003431973753503999;0.0038660986586943284;-0.00012764141568002887;0.00014076749719407728;0.0006496173962074925;0.010360289273107372;0.00038436082870725103
4026717;6532842;57;0.006304274002496868;0.01624795796723917;-3.400676272125137e-05;0.0008662980177322926;0.014244203297605852;0.05386212768531913;0.003339629585962416
4027745;6345699;57;0.0;0.0;0.0;0.0;0.0;0.0;0.0
4041231;6767707;8;0.001064090983822411;0.0012820962187267834;-7.174584571093036e-05;6.231158774143809e-05;0.00018152820735074554;0.0030504898069869195;0.000175773678246318
4041722;6767820;50;0.0014230669000846335;0.008435924693940538;-9.90261394409084e-05;0.00031327907896244473;0.0029309513891117656;0.017004861028731163;0.0019386042840179396
4045523;6744586;46;0.0;0.0;0.0;0.0;0.0;0.0;0.0
4049706;6771953;11;0.004364685158140763;0.014437090634751895;-0.00035431749057977335;0.001705711876729761;0.010938961021972601;0.01828214229924389;0.0033667017205023186
4049737;6771897;11;0.0074931592673133955;0.013507228793852999;-0.0009145858650513018;0.001757241536341643;0.006991677200972096;0.027533714710377785;0.00357368732281714
4049755;6771970;11;0.0;0.0;0.0;0.0;0.0;0.0;0.0
4049785;6771911;11;0.0;0.0;0.0;0.0;0.0;0.0;0.0
4052145;5414916;61;0.0016655425663521554;0.01777312919618835;0.0001481195264815472;0.0003021166756051252;0.01572503049940839;0.04152001618294536;0.005048446911596753
4053646;6074350;58;5.391979391278476e-07;1.4799532926740832e-06;2.8769879801226117e-08;3.5515581234659745e-08;1.4799532926740832e-06;6.193599375184528e-06;6.08815653569636e-07
4053813;6178278;15;0.0022144095371918987;0.002440308027838711;-5.365163878416904e-05;0.00010958296982943617;0.0011193518637404223;0.00869799007773598;0.00037424478765437215
4053895;6827596;36;0.008406975805489322;0.01563200740520158;-0.00014616245410959387;0.0005103759047387467;0.006403627778725369;0.05331857245899118;0.002879474537701231
4058078;6336097;28;0.0;0.0;0.0;0.0;0.0;0.0;0.0
4059167;6971981;36;0.0029231672163175446;0.00404737400963816;5.1855980127399046e-05;0.00020514465938490493;0.0021494323256006035;0.01814912817768528;0.0007777141885415442
4059938;6971834;54;0.002911897332757813;0.004920362656211713;-8.333206615204187e-06;0.00025516256772554753;0.002855166526851811;0.023501067688723235;0.0013223596640360847
4060881;6698797;69;0.017827269977717598;0.036568694463431306;-0.00011098512447966113;0.0026340362568860014;0.021999638312674857;0.16828686626819483;0.009624449597014455
4065417;6077736;54;0.0027036192836301346;0.00725824921163434;-3.105446971092956e-05;0.0001680249147522217;0.0027338905605754204;0.021142638294053245;0.0009840869388071409
4065444;6077738;54;0.0;0.0;0.0;0.0;0.0;0.0;0.0
4066038;6022084;54;0.0001423839882840537;0.0024311611437027644;-1.3831923271765132e-05;7.166973450798134e-05;0.0022258009460751128;0.0035060417171934822;0.0004553707426522686
4066908;6565725;63;0.00659212032532419;0.017695164368306673;1.3693900662616632e-05;0.00086254446914871;0.013700297014337406;0.06003413494388232;0.0037083479064378756
4077308;6841935;39;2.2046049788798844e-06;8.597959417631549e-05;-3.3069074683202105e-07;2.2626208993767232e-06;8.597959417631549e-05;8.597959417631549e-05;1.3590097802822283e-05
4077311;6905031;57;0.006942380451019652;0.01784068920143116;0.00013409405184013716;0.0008842918709768686;0.014859682624998437;0.06262529017795625;0.004539723558419109
4077439;6842332;9;0.0;0.0;0.0;0.0;0.0;0.0;0.0
4080613;6168891;58;0.006320234773765181;0.014366752990504378;-3.680381770218897e-05;0.0007316348530067889;0.009059268483909748;0.05118461850413587;0.002285764985032035
4081173;5403037;3;0.0;0.0;0.0;0.0;0.0;0.0;0.0
4081652;6170849;5;0.0023708916644418474;0.002854309160989007;-0.0003544261241182247;0.0002981291363681869;0.0011385680076703008;0.005453376846695674;0.000571608713977888
4082560;6980512;34;0.0010203563528467562;0.0019485420240137222;-7.361681182666792e-05;6.136469581721856e-05;0.0008032202121307114;0.007541051859378895;0.0007946353620820082
4082576;6980564;34;0.00043762673365562626;0.0009551357563273118;2.7009178828734e-05;3.1904409788767445e-05;0.0007404513424157618;0.0031676602699348255;0.00032187356914041435
4083360;6868857;10;0.00628246615782965;0.00728619567326;-0.0002090851817136068;0.0003851692040423648;0.0011217618563568168;0.020020699642288538;0.0007832371239914515
4083956;6885751;23;0.006380490049386055;0.00736737237291546;-1.6748329398342688e-05;0.00021607643614221143;0.0011280068435967064;0.03070283396839826;0.0005241551576542392
4084641;6865543;10;0.006262147203066437;0.007368462649355875;-0.00021589612383744158;0.00047427752727028646;0.0011276459926290111;0.019965465452092507;0.0008046697950073267
4084685;7275662;43;0.0;0.0;0.0;0.0;0.0;0.0;0.0
4084818;6885984;7;0.0049871254281684116;0.00516436001749853;7.769486134087733e-05;0.00010018559108422602;0.0003821315838545662;0.013205342493089777;0.00020040320278834358
4093296;7104437;56;0.06542851534344711;0.10461702033677381;-0.0002691793794745313;0.0045394408199315546;0.0345475423542812;0.5007958365573313;0.014057658811433955
4093777;7104184;3;0.004412185749219622;0.005546834118262689;-0.001054682856320743;0.0010546828563207087;0.0012945793944877841;0.00778878860998509;0.0008685387640904531
4094223;7102113;43;0.0008827313591263137;0.0011933491906407163;-8.866968373975638e-06;2.4736058124874588e-05;0.0003268449935110115;0.005842081498762337;0.00012043392337001514
4094852;7105172;55;0.03998567668705151;0.10330725110826049;-0.001102449664550549;0.004903737389756861;0.06630949222285121;0.3556237878458854;0.0264682622210682
4096063;6750278;8;0.0008188312687263993;0.0008298746631533588;-4.119800231390645e-06;4.40394375586977e-06;9.03731957567315e-06;0.0023161766295625966;9.981271081834138e-06
4097041;6752180;8;0.0;0.0;0.0;0.0;0.0;0.0;0.0
4099320;6975357;34;0.0005705839264887012;0.0010579106428163032;-3.8682099492323485e-05;3.018197387731007e-05;0.000773353576907305;0.004143646368501137;0.00042358972393196194
4105514;6137128;26;0.0;0.0;0.0;0.0;0.0;0.0;0.0
4109897;7013007;35;0.0026888577037373655;0.005307484506594629;-7.814965507088314e-05;0.00019994498162640784;0.000650579816540781;0.016808838307215836;0.0009178950135259674
4109902;7013022;35;0.0;0.0;0.0;0.0;0.0;0.0;0.0
4114767;7023123;55;0.0015797143823663747;0.002510160909332001;3.360293583276877e-05;0.00011264976737614381;0.001219449070122929;0.012710085424059301;0.0006646107178416552
4117725;5405305;11;0.00019971203399248068;0.0007751912271041615;3.85911447081946e-05;0.00015503824542083229;0.0007675058105829887;0.0012684952183084164;0.0003261826394599651
4118323;6757716;32;0.00010973607725224878;0.0004501892937119933;1.538103787163703e-05;1.5424126604721634e-05;0.0004501892937119933;0.0012418532556575407;0.00019013607756719796
4123052;6753588;72;0.013726677722371135;0.07368421052631578;-0.0003670891671759117;0.007407658733592315;0.07368421052631578;0.16966552456889922;0.014539232926275368
4124974;6958416;12;0.002051748851782124;0.0022062932230987845;-1.776314435850161e-05;2.225121272081039e-05;6.8911413474761e-05;0.0071113694637780995;6.80045592126165e-05
4126427;6919647;13;0.0015452986465961948;0.00238442392099832;-0.00010012873902993042;0.00018035120845765907;0.0009219398175646615;0.005789546819337091;0.0004363775341516722
4126929;6967246;12;0.0;0.0;0.0;0.0;0.0;0.0;0.0
4131416;7504871;20;0.0;0.0;0.0;0.0;0.0;0.0;0.0
4132319;7505315;45;0.00037074996491569983;0.0009053680182326089;2.6779741249292573e-05;2.3729020197719497e-05;0.0009053680182326089;0.0037364275273441957;0.00041567592946831905
4134552;7142169;31;0.0008746124860889047;0.0009891223624532185;-7.5566425379435585e-06;7.4154404895886125e-06;1.923895409031574e-05;0.004884336216653065;6.800930956381056e-05
4136256;6987282;7;0.0;0.0;0.0;0.0;0.0;0.0;0.0
4138906;6814433;30;0.00018308974120636806;0.0007961985898659761;2.804848738353267e-05;2.839313826705196e-05;0.0007961985898659761;0.0020761878908717407;0.000331908649990325
4139805;6811328;7;0.0;0.0;0.0;0.0;0.0;0.0;0.0
4142182;5401852;6;0.019848559801393717;0.021482863933723464;0.0007478401175226603;0.0007431174107200546;0.0019753823949105465;0.048732085883226216;0.0013554972883976471
4145712;6978207;34;0.00016114623106651898;0.0007941367894606262;2.256378251243684e-05;2.488328623768946e-05;0.0007941367894606262;0.0020710005900272297;0.0003165126044854268
4146043;6937076;11;0.0013090465231795007;0.00237134877302852;0.00023134414215345212;0.0002971198640861569;0.002366603231940862;0.005488307038546727;0.001012282899329747
4148533;6927396;13;0.0016030243946645408;0.0024536576280306207;-0.00010046247102570913;0.000184106605008176;0.0009415977922771772;0.005993247921797401;0.000439675310582342
4150813;7088392;56;0.0025361025985201576;0.06918619735362795;-0.00016883355237434707;0.0013991012404120495;0.06537243603152403;0.0705290540648356;0.009077214162620268
4151174;6862895;53;0.021735938948884648;0.04834907775820438;-0.0005907656996567896;0.0035963277344867543;0.024144316789769662;0.17888264150278793;0.011458781098176378
4154080;6820461;57;0.0;0.0;0.0;0.0;0.0;0.0;0.0
4154096;6820449;45;0.007226573390643598;0.02956056739066271;-0.00045516237401513495;0.0022721211708086517;0.016623110311586295;0.07316736469637501;0.008169607528919789
4154098;6820451;57;0.0006796454577058471;0.0067482387838338894;-6.0234210529138244e-05;0.00018223307457723752;0.003143560373575485;0.012641270884969405;0.0015302356574672694
4154134;6820513;12;0.0;0.0;0.0;0.0;0.0;0.0;0.0
4154146;6820499;12;0.00808478028101423;0.01300171873420281;-0.0008032346009392605;0.0008246744627040739;0.0032424411610166796;0.02988061444167778;0.0030067570169104714
4155110;6956128;40;0.0007733349045161198;0.002316092852058267;-2.086792710249737e-05;0.0002449566472098956;0.0017414440899048862;0.0064061783266131135;0.0006541644627050857
4155817;6965986;13;0.013925084864711054;0.017302782705871506;0.00015645190058933954;0.0010450718883019787;0.0050661348358691585;0.05062762821865837;0.0018049693942521438
4156315;6937607;7;0.0;0.0;0.0;0.0;0.0;0.0;0.0
4156766;6906636;37;0.0023671505930194783;0.012502817936780201;-0.0001417069317958688;0.0007570593208872264;0.012502817936780201;0.02812367735877378;0.003971572487162898
4156990;6751996;9;0.0014957605425024742;0.001754720782043534;3.4052849603841414e-05;9.250333644959555e-05;0.00032445780598653684;0.004509045103108439;0.00014749438305709269
4157224;6937123;7;0.00044161539659970465;0.0007012418104287194;9.545090971607495e-05;7.797603527317171e-05;0.00045285444410486875;0.0013071182114816882;0.00022148489441871513
4157895;6818811;57;0.011272297320906859;0.03157224623967683;-1.867697475603935e-05;0.002231553577251037;0.01689067047319149;0.09829421309624961;0.006514579028593796
4159023;6958772;14;0.0009613578815410243;0.0020149546832822418;-9.321978849014057e-05;0.0002558626932016211;0.0013394109692720078;0.004060552693423324;0.0005034993620688798
4159817;6930328;32;0.00019016502238487906;0.0009225879240980757;-1.675887280375571e-05;2.8631936342232825e-05;0.0008012364530258401;0.001864073827340826;0.0002691168246633645
4161375;6963510;28;0.0022009556136699136;0.005173248771038298;0.00014447412472195822;0.0005248232291411368;0.004519825693952171;0.014828635571969664;0.001734633305759679
4161483;6955089;15;3.048973317643571e-07;6.872668017833199e-07;6.433093522844421e-08;5.363247382749517e-08;6.872668017833199e-07;1.7294363715421746e-06;3.2624269283848555e-07
4163333;6962019;15;0.00534026422862272;0.008444253613854301;3.29095814960107e-05;0.0013153409432347934;0.004617445990355825;0.022111810487622216;0.002019171984880746
4163645;6967891;20;0.0029651192017839897;0.005183052977895869;-0.00018848679248078344;0.0008268393778458517;0.004513265606632409;0.016089111884169813;0.0020374111465972194
4164831;6930951;14;0.00029011054607992656;0.0006367929746280003;3.091791125731558e-05;3.9690104069317814e-05;0.0004464063521554974;0.0012747285960752952;0.00017861274718487417
4165887;5356823;9;8.590179687759495e-06;2.6634400992321683e-05;3.4976731696325815e-06;3.4083801244193327e-06;1.7977094690732554e-05;3.9946453590407185e-05;1.0174032691331795e-05
4166077;6974444;46;0.0007722880199134173;0.002322900257973198;3.679089587285396e-05;6.527775001895728e-05;0.0009762313158539574;0.006542277081163772;0.000577958650251762
4166663;6970665;9;0.0;0.0;0.0;0.0;0.0;0.0;0.0
4166679;6970650;9;0.0;0.0;0.0;0.0;0.0;0.0;0.0
4167187;6930178;12;0.004212180696544541;0.013161112509393783;-0.0007129179901327159;0.001428871501017377;0.011053427553812388;0.020040760860377194;0.003965712433038954
4167415;6929611;12;0.004692201525343552;0.013038188777781075;-0.0006151417938323495;0.0014088795833891424;0.010213246399982768;0.020660187966126755;0.0036815112945461728
4167864;7006938;56;0.040333801565067065;0.10287757584080584;-0.0010842481680263833;0.004897648169820108;0.06779411781019867;0.36080213999105387;0.026415807461588656
4167877;6940601;69;0.013201530943212452;0.06542357540393244;6.109494959021662e-05;0.00397800372154242;0.06306206297561727;0.14681108995906425;0.01175113143309382
4168286;6724966;49;0.0015805561038525046;0.0031443378027928804;5.172353290166735e-05;0.00014695501727482213;0.0016161586399431802;0.012818816409979401;0.000924853346111984
4168502;6939815;41;0.0;0.0;0.0;0.0;0.0;0.0;0.0
4169238;6934785;12;0.0;0.0;0.0;0.0;0.0;0.0;0.0
4171245;6968096;15;0.0020930266409856556;0.003096566191559685;9.817875251082543e-05;0.0001281596623378089;0.000797221304841667;0.008334576002552309;0.0005002498938320982
4172610;6941226;11;0.0;0.0;0.0;0.0;0.0;0.0;0.0
4172616;6941220;11;0.000756835098291482;0.0009880772457873058;-3.9241301468442494e-05;9.059650997265713e-05;0.0006328227296432934;0.0025940238239776634;0.00019729225513505968
4172725;6941106;14;0.0017874390797681145;0.0026065849867361645;-0.0001965629018713255;0.0003958810368828595;0.0018485642975669735;0.007574839201717186;0.0009505280651721771
4173928;6961996;11;0.005622289131550261;0.008188765863722908;0.0004613785611236573;0.0006859881863276816;0.004510821569395515;0.019753986194042696;0.0019658096802404874
4174702;6953629;7;0.001084103918241515;0.0012882816199428332;-6.19798095613032e-05;5.858596783838477e-05;0.00018601331939742036;0.0028887922085064303;0.00012991826282112912
4174710;6926132;45;0.0028652773867829094;0.042853327794427465;-0.0002335720580684262;0.002122015048769776;0.042853327794427465;0.0495826833297873;0.006813386877704704
4174894;6963469;13;5.998655120139661e-06;7.371240909611128e-06;4.207444940902617e-07;7.700337226308951e-07;7.371240909611128e-06;2.3524000966727766e-05;2.5658766567228485e-06
4174938;6949710;7;0.0007675179805755057;0.0009443045856502815;-5.263303510801911e-05;5.5512947205783534e-05;0.00017810672191879908;0.0020521399931650074;0.00011192573941193586
4175458;6970785;56;0.007672422564616687;0.012132576438656425;-3.9359673859345596e-05;0.0008930626262721592;0.007633822177761315;0.06031484592519535;0.002469025365900819
4175763;7023131;18;0.0006434562530750877;0.0015044525027560391;-7.03532185389871e-05;7.680759757527389e-05;0.0009980024062978235;0.003340163197569442;0.00045362999442837357
4175773;6952402;7;0.0014349141576357597;0.001665247460720984;-7.140116418884399e-05;6.67897248471787e-05;0.00019433919454671638;0.003816710149898701;0.00014852892448224495
4175906;6929354;10;0.002913170041048156;0.006573823581606313;-0.00046279961443029555;0.0009599744246466564;0.0031316964518036056;0.010620252613254293;0.0016710526230113007
4176083;6970973;4;0.013817294416719047;0.01573176545367869;-0.0012652433476801931;0.0012933014124644285;0.0014845538998592856;0.02777971791171587;0.001417941047904156
4176097;6970970;3;0.0022307739075515414;0.0024311611437027644;-0.00021370323703466518;0.00021370323703472256;0.00025365123968522146;0.0038757526652450015;0.00017550122726580746
4176247;6929735;10;0.003692280133911491;0.007171303008862999;-0.0004754680766016728;0.0009089042448834302;0.0028429913876476705;0.012811235030673447;0.0016672857325119763
4176809;6930256;10;0.004478153056082952;0.007769557377011068;-0.00048634907930598925;0.0008569585807592086;0.0025550612643831187;0.015105769720408592;0.0016627005415576854
4176905;6930273;10;0.00527063955764414;0.008367811745159139;-0.0004954060929715177;0.0008039652231870181;0.0022678486994112098;0.017471273709971796;0.001656773719694982
4177276;6950221;10;0.0018830321424024906;0.006379472821348789;0.0007966752640589968;0.000728876502284933;0.006379472821348789;0.01087248266947284;0.002876678273717415
4177458;6948091;43;7.351099973826581e-05;0.00223679035620569;8.007076681610565e-06;0.00010317268914679752;0.00223679035620569;0.002277663953262483;0.0003394724635009701
4178507;6973762;14;0.004767080077976743;0.009345110337248693;-0.0005317646285609888;0.0010891893717456514;0.008128475487092595;0.021958339981351913;0.003422801277137522
4178647;6929952;16;0.008893460493231057;0.016231165327458504;-0.0007658700380914476;0.0021852357361574508;0.012447254934987346;0.04220850694992462;0.005679237549108426
4178767;6958517;28;0.0004514079733262613;0.00204530600210716;7.149756493995615e-05;9.134222692210975e-05;0.00204530600210716;0.00479482954434248;0.000785694731809028
4179456;6954205;3;0.006646243003159076;0.00675269891523952;-9.392703860604621e-05;9.392703860603346e-05;0.00013151365902926582;0.01151243782108328;7.871131470088521e-05
4179999;6933857;5;0.006894862409917849;0.006941560466242528;-1.952759139766096e-05;4.582838926538678e-05;5.769684517380972e-05;0.015417577658264538;3.482122952170724e-05
4180209;6969471;14;0.0;0.0;0.0;0.0;0.0;0.0;0.0
4180398;6980166;13;0.0;0.0;0.0;0.0;0.0;0.0;0.0
4180638;6439125;49;0.0005947228864142103;0.0010205367191281614;2.143437069865254e-05;2.6550297718557552e-05;0.0010205367191281614;0.005090588682857878;0.0004185256646952897
4180777;6943879;7;0.001470293848235832;0.0034006297363467744;-4.9713124319871034e-06;0.0009100582812054796;0.0034006297363467744;0.0045900757975458764;0.0009209038902928463
4181084;7039477;38;0.0;0.0;0.0;0.0;0.0;0.0;0.0
4181096;6946365;6;0.001097105319824794;0.0028138648923824493;-0.00031658136911880456;0.0004231312570975857;0.0019832791702306223;0.003282968736894621;0.0007698531494924085
4181151;6688115;47;2.6925155206796763e-05;0.0011971517828798875;3.1139164824189406e-06;2.611968406071783e-05;0.0011965176304753085;0.001197221535532752;0.00017254454238035862
4181826;6385303;33;0.0;0.0;0.0;0.0;0.0;0.0;0.0
4182013;6687844;47;0.0005225384834971659;0.0010035244891226974;1.162319579785644e-05;7.983927919038372e-05;0.000990315583678647;0.003989951631888327;0.000256263249298948
4182023;6687876;47;0.0023711346109383624;0.006798147264488399;-5.07030537590982e-05;0.0003332811499788174;0.004348420890233723;0.017626240087331702;0.000993994846580433
4182030;6687869;47;0.0004567137560407006;0.001399875191850365;-2.180924650458361e-05;7.951246454225898e-05;0.0006744064135398803;0.004017906333343204;0.0003672775320430163
4182915;6961446;13;0.003970786936761944;0.0053250159515200205;0.00026360775444638147;0.0005302977500908061;0.004016186402663944;0.015473051908904871;0.001627702479726321
4182933;6961529;9;1.6535086516484156e-05;2.5962640137112842e-05;2.107721912575003e-07;5.241697101911541e-06;1.5975427077787877e-05;5.318044327095594e-05;6.389903246762016e-06
4183295;6896533;42;0.0;0.0;0.0;0.0;0.0;0.0;0.0
4183821;6958058;3;0.0;0.0;0.0;0.0;0.0;0.0;0.0
4183853;6957997;85;0.01063161233156832;0.21428571428571427;-0.00030747128451952163;0.005943776195972777;0.21428571428571427;0.36188478417962566;0.03778467580061432
4183979;6917778;23;0.001629401819241459;0.0023706607857551256;-1.1545635321742693e-05;0.0001761473337780318;0.0009988884250358506;0.007948226145408698;0.00030291641995260445
4184091;6917864;13;0.0;0.0;0.0;0.0;0.0;0.0;0.0
4184094;6940663;56;0.010597956790432916;0.03485752153744202;5.94548230063675e-05;0.00229807038996236;0.03008147862816474;0.0894602221668009;0.005531398710265527
4184363;6963256;3;0.2222222222222222;0.23809523809523808;-0.011904761904759503;0.011904761904761904;0.023809523809523808;0.38539081086282484;0.011223917161691228
4184558;6934447;18;0.01575961626526807;0.02350467691010168;-0.0003716204199045964;0.002019472641952704;0.014154616871756748;0.06970072366172737;0.004640472868956873
4184669;6963848;32;0.018127396520164315;0.03642518093486733;-0.0008688648471883866;0.0018129119625540408;0.03583180291318288;0.12454129961524868;0.0124940675455877
4184854;6260114;38;0.005624242950995934;0.006508184696162459;2.741629516756925e-05;0.00040095799841897365;0.006508184696162459;0.035226852451531995;0.0010119158524481524
4185453;6968176;65;0.045112931070233404;0.11598735318994872;-0.00012186280665818359;0.00586717849104352;0.07123356410429656;0.42187664274363784;0.026513690501047574
4186170;6936676;56;0.010279352992883226;0.035154248637528064;6.19751345932146e-05;0.0021764426171630214;0.030625623307269777;0.08617461320372609;0.00519068271638704
4186178;6936673;56;0.013899451060284299;0.03733618191349416;4.400672547376151e-05;0.002351935897818081;0.029575664457300324;0.11036244413203662;0.004929799415058021
4186197;6936709;56;0.002308450431897417;0.006399723255210586;-4.7611098134507196e-05;0.00011828217558156376;0.001102832530066245;0.018786030876037852;0.0009864630710443214
4186198;6936711;56;0.0011559807152736314;0.003214275418720632;-2.392298414515412e-05;5.9364258988527696e-05;0.0005552362746981728;0.009413129263644637;0.0004959601680677622
4186205;6936708;56;0.0011559807152736314;0.003214275418720632;-2.392298414515412e-05;5.9364258988527696e-05;0.0005552362746981728;0.009413129263644637;0.0004959601680677622
4186212;6936728;56;0.0;0.0;0.0;0.0;0.0;0.0;0.0
4186219;6936726;56;0.0;0.0;0.0;0.0;0.0;0.0;0.0
4186529;6697049;56;0.012817027071279798;0.030562698265426045;-6.384711463329935e-05;0.002158976030995431;0.014681863868820602;0.10143467225810367;0.0044108763527084625
4186608;6958003;10;0.00025027916144765576;0.0007950300787550335;2.1123232479226477e-05;0.00019664119418253111;0.0007950300787550335;0.0010569718898898043;0.00022153848186439468
4188262;7504813;52;0.01879232643788509;0.03427157909333477;0.00025832245630373006;0.0013997226064040296;0.015027586486735488;0.15357920568288555;0.010021796154927907
4188453;6970341;6;0.004121129620054142;0.004551967997240226;-0.00028230015102226314;0.0002530533509931985;0.0011343820893545947;0.010190203056518295;0.0005683282885429931
4188604;6951812;23;0.0047887167239522395;0.008702574683057246;0.00030466607873134825;0.0009538408917820675;0.004510827705507352;0.026245645288309718;0.002649054923912342
4188634;7504675;12;0.000540049358372587;0.0007645904662315247;-1.2175040984975143e-05;6.55137787802715e-05;0.0003601679306614482;0.0019148693762971387;0.00011792830256024144
4188714;6926304;47;0.01068508074088165;0.04745772527217976;-0.00028110421745064073;0.003786302506941281;0.04345414297365091;0.10824145209873358;0.011623689385558945
4189068;6921532;42;0.006307399574223874;0.01947133086103611;0.00020787584245287197;0.0008337316325597578;0.014154025074017713;0.04791645258978546;0.0038578561603148827
4189374;6934268;72;0.03786888397719722;0.125;-0.0005984352632024176;0.008538749350877492;0.07271241830065359;0.373424197158543;0.02242080510704284
4190038;7505066;12;0.0;0.0;0.0;0.0;0.0;0.0;0.0
4190075;6274975;8;0.006011103997147917;0.006775273332601498;-0.00020051567088167496;0.0003936650020288235;0.0019918276905614516;0.01715785950654671;0.0008158716757381395
4190284;6932588;12;0.013950744059224316;0.014866433504598962;-1.0732684435973792e-05;0.0006477510016835576;0.002355027493721039;0.04836668237746857;0.0005669249311812633
4190437;6971435;9;0.0;0.0;0.0;0.0;0.0;0.0;0.0
4190444;6971426;9;0.0;0.0;0.0;0.0;0.0;0.0;0.0
4190681;6944287;6;0.00018274301994295773;0.00022589012651173899;3.0025623798608703e-05;4.846000596813233e-05;0.00022589012651173899;0.0004904235796569735;8.17977378011625e-05
4191104;6944454;37;0.0;0.0;0.0;0.0;0.0;0.0;0.0
4191218;6669879;71;0.0060894875873647855;0.015789473684210527;-2.3305444726648314e-05;0.001313824337217191;0.011460469355206199;0.05467078514612561;0.0022394753977318226
4191227;6670177;55;0.0;0.0;0.0;0.0;0.0;0.0;0.0
4191495;6669644;55;0.0;0.0;0.0;0.0;0.0;0.0;0.0
4191607;6274531;58;0.006033504967100169;0.016648168701442843;3.098059119590249e-05;0.0010521793229641115;0.010738813425973312;0.050792550669554314;0.002842105328843458
4192392;6963664;42;0.02288007783569028;0.03880143622809723;-0.000635572627459526;0.001779729416624348;0.033497155967041004;0.16452028542622157;0.010997846025581877
4192476;6972302;14;0.000941521451088383;0.0010211677719451173;-1.2224840999044241e-05;1.2710634697635214e-05;7.18656448537295e-05;0.003528343701002487;5.2598392404745653e-05
4192998;6952839;40;0.0;0.0;0.0;0.0;0.0;0.0;0.0
4193278;6669540;55;0.0;0.0;0.0;0.0;0.0;0.0;0.0
4193282;6669561;55;0.00235992341849298;0.0053498596323957835;-4.230142598346469e-05;0.00011522861257780782;0.0007052562713730456;0.018513057614713835;0.0008138034437959278
4193321;6968395;6;0.004880123341760207;0.005318534931702236;-0.0002867638311912146;0.00025679670835868486;0.0011377146021246684;0.01203654121417378;0.0005751378698114019
4193566;6973344;12;0.003564494266569183;0.004087851779220733;1.1590462536454168e-05;0.0003027760484275422;0.0015531462875774142;0.012570683821555281;0.0006803589263920879
4193633;7497811;32;0.0;0.0;0.0;0.0;0.0;0.0;0.0
4193745;6669472;55;0.0;0.0;0.0;0.0;0.0;0.0;0.0
4193745;6669488;55;0.007419753514808023;0.012045129508978231;-2.648706166774673e-05;0.0006185367188470443;0.005992524406009014;0.0559102030215013;0.00133518796618619
4193836;6973482;7;0.0011027177212053559;0.0011507410495071825;-1.3915396642702047e-05;1.3738135116566456e-05;2.2836126570935627e-05;0.0029184783582653262;2.8312841712211482e-05
4193836;6973483;10;0.0016106649507494218;0.0017027873078055433;-1.40413425096081e-05;1.6466594625579452e-05;3.8460882470816833e-05;0.005095258835881443;4.387113960401204e-05
4193898;6973458;31;0.0;0.0;0.0;0.0;0.0;0.0;0.0
4194012;6952795;8;0.0006097283903258414;0.0009171603521365026;0.00014058305992945696;0.00013583992047055949;0.0007260273847403784;0.0020294815930438307;0.00037826013812404817
4194914;7500179;43;0.0009411510397578837;0.0012801592675544444;-9.715738856759974e-06;2.5285554576137023e-05;0.00031590917013876675;0.006230629938591615;0.00013054825422294288
4194920;7500081;43;0.0028193716945004183;0.003832375528818052;-2.899703126130419e-05;7.570748401001268e-05;0.0009488714703818541;0.018663782769941413;0.00038987019182314093
4194951;7500198;43;0.0;0.0;0.0;0.0;0.0;0.0;0.0
4195010;7500122;43;0.0;0.0;0.0;0.0;0.0;0.0;0.0
4195031;7497898;43;2.332242727561381e-06;7.140166829997983e-06;-8.582017655755919e-08;1.4030497357225167e-07;9.429812657517708e-07;1.7600470417306028e-05;1.3284388886624214e-06
4195055;6700312;40;0.009399179913776637;0.019228608337899026;7.519135430605144e-05;0.001270425002219568;0.012353682336097955;0.061323716245146646;0.0023812541446345758
4195444;6974466;26;0.010203723357921489;0.014603204162035394;-0.00024857337857944387;0.0010071777904981875;0.008364104580227376;0.05447631733736019;0.003166251855664456
4195958;6947112;8;3.297364604744819e-07;3.511616955631773e-07;-5.387856221487489e-09;5.617458653189082e-09;9.48485649284161e-09;9.33301707506231e-07;1.2465002527725973e-08
4196185;6974314;12;0.0;0.0;0.0;0.0;0.0;0.0;0.0
4197082;7498001;48;0.0;0.0;0.0;0.0;0.0;0.0;0.0
4197205;6930936;28;0.0351170066792085;0.03797803049121935;-7.696497331448908e-05;0.0010606399713602031;0.006873376648976838;0.18606911973472345;0.0018126627202106821
4197992;6695932;40;0.009959053651299671;0.019885758213792244;7.369589513604446e-05;0.0012789380247453376;0.013404771714651521;0.06479474119841198;0.00240337524010805
4198174;5345211;49;2.2641029729067765e-06;6.2422557015203015e-06;-4.905856838770742e-08;4.25976337129179e-07;4.8067390481455e-06;2.0130878275912096e-05;1.7732151637762158e-06
4199314;7012641;39;0.0011970250647488916;0.0022452547573257476;-2.2078352865950395e-06;0.0001772199782368061;0.0012392865415798008;0.007963755226324783;0.0004396824636545732
4199438;6933487;11;0.0010630318815717554;0.005382557704207621;-0.0002565412374563919;0.0005188108278347347;0.004592014125539881;0.005769078912537533;0.0013768167140666909
4200478;6990286;49;0.00038637062979373174;0.0024596200660021474;-1.4783582506007607e-05;0.00015960939999136686;0.0022550058961097984;0.005145232860836171;0.0006252932418593748
4200646;6903566;58;0.009291213603244246;0.05135574941745142;-0.00020791618104967348;0.0029764020412302015;0.0460141806132736;0.10042629583696203;0.009357364039666175
4201459;6943743;9;0.0006256847762134537;0.0007116647732466277;4.488524381530318e-05;9.165359577606201e-05;0.0007093466250376181;0.0019910274983553685;0.00022132368114990923
4201461;6903525;21;0.003102707777338928;0.006241212578443812;3.3143258149795795e-05;0.0004918405066979403;0.002085799253826094;0.01567413984180126;0.0014395097246994943
4201537;6903518;21;0.012706720997316562;0.03028337513332757;-0.0011978484896017925;0.0043509778050753005;0.02504495370992925;0.07384973065064827;0.009911769791988136
4201578;6903497;21;0.0;0.0;0.0;0.0;0.0;0.0;0.0
4201582;6903507;21;0.0;0.0;0.0;0.0;0.0;0.0;0.0
4201616;6955625;8;8.174017966764959e-05;8.533229202185208e-05;-9.655077440773958e-07;1.2993590056749606e-06;2.6343437998848713e-06;0.00023128772007265924;2.3009150248244957e-06
4204464;6959714;55;0.026161999694654863;0.06568513406369544;-0.00029728369633754987;0.004381593560879634;0.038774277446003654;0.2188000324600841;0.01363730956088159
4204676;6928304;34;0.004947835219901467;0.018937842032181657;-0.00030650469880807887;0.0006830555451797229;0.009817117241220856;0.042588129264692236;0.005372567192019604
4206762;6973295;55;0.00042690291561092253;0.001748318156412317;1.41712922294538e-05;6.821012264446498e-05;0.001748318156412317;0.006262880827155239;0.000728636844207391
4207193;6934759;23;0.03233384677117483;0.03768770367845961;0.00017528997042441316;0.001169906488063284;0.00656532880619496;0.1554511219845279;0.0022752491000450474
4207452;6933499;39;0.0003408133230509737;0.002372343883717999;4.4743631193193905e-05;6.417459936654301e-05;0.0015848665460835953;0.005470362611388558;0.0008069390085058059
4207671;6932235;6;0.0;0.0;0.0;0.0;0.0;0.0;0.0
4208336;6935424;63;0.07392065720445808;0.18010936431989064;-0.000664908806661378;0.013449718554137362;0.10534781226727707;0.6292457493675714;0.02864717186523276
4208380;6960341;41;0.0245127833630389;0.06318037397781134;-0.0008517437608736614;0.002703254232724549;0.03234466545026533;0.18077789957939822;0.014007585488571013
4209096;7492167;21;0.0021344931701901253;0.0035564037147568423;-0.00020061957415303886;0.00014557515973634248;0.0024994204634432825;0.011627393085116285;0.0013718077574336133
4209106;7492170;21;0.0012117806553061353;0.0025164947425653722;0.00016935848006425833;0.00013243326122656512;0.002447437854043752;0.007795455371199525;0.0011938825210672155
4209147;6931529;6;0.0;0.0;0.0;0.0;0.0;0.0;0.0
4209153;7492118;21;0.0019051342561499456;0.002687942830460645;-0.000108133101018023;7.936413528886696e-05;0.0012622676936155193;0.009351115562769291;0.0007310493128826438
4209407;6932304;5;0.0;0.0;0.0;0.0;0.0;0.0;0.0
4209427;6931063;25;0.0016085783896464456;0.0017813259197673006;-1.4546341538803023e-05;1.4041776006291037e-05;3.7471706370648464e-05;0.008060361824525485;0.00010607956472930718
4209519;6930795;31;0.002549554194946405;0.006414137046325924;-0.00010911459003671067;0.00025505905671452796;0.0011066525397312949;0.015793244000798193;0.0012432985742502653
4209532;6930516;25;0.0;0.0;0.0;0.0;0.0;0.0;0.0
4209641;6930639;31;0.0;0.0;0.0;0.0;0.0;0.0;0.0
4209752;6930462;56;0.0003610586692960525;0.0017477762151963934;-6.02264459160769e-06;0.00011225650619742866;0.0011509091209934389;0.004272688945228856;0.0004423056981187586
4210001;7491302;49;0.0004885859906989945;0.0014508976865030018;3.6914864896134095e-05;3.547311302568543e-05;0.0009275613392794708;0.005353834256590416;0.0005884334790136707
4210318;7496429;26;0.002674452846669791;0.0037349087929451612;-0.000127614615410262;9.890044589051477e-05;0.00188779004965916;0.014706639444565494;0.001079798681323475
4210334;7496453;26;0.0;0.0;0.0;0.0;0.0;0.0;0.0
4210500;7495130;26;0.0011030340365936317;0.0014508976865030018;2.5026488494501777e-05;3.2540117161036424e-05;0.0005993253814189794;0.005757996518766604;0.0002418468744047682
4210660;6960945;10;0.0;0.0;0.0;0.0;0.0;0.0;0.0
4210834;6960815;10;0.0007912783902872906;0.0008221502710085733;-4.671369612862663e-06;6.165680360334799e-06;1.923895409031574e-05;0.0025026439289844177;1.4183532444724423e-05
4211045;7489759;38;0.0;0.0;0.0;0.0;0.0;0.0;0.0
4211155;7492722;21;0.0;0.0;0.0;0.0;0.0;0.0;0.0
4211169;6960483;10;0.0015818820993210192;0.0016435480017233173;-9.329673299216951e-06;1.2320388704540566e-05;3.844385676100197e-05;0.005003152560490095;2.8329811181597384e-05
4211292;6960343;10;0.0023718111271011856;0.002464193192144232;-1.3974911059062727e-05;1.8464125032617274e-05;5.761470801205837e-05;0.007501525896693432;4.243884111546968e-05
4211317;6960316;10;0.003767839721483205;0.004050548131536518;-8.515171576955765e-05;9.447540039684451e-05;0.000471632218735819;0.01194729213153749;0.0002777818583765384
4211349;7493616;52;0.0;0.0;0.0;0.0;0.0;0.0;0.0
4211630;6957438;10;0.005607278810048872;0.006044747168174624;-6.786847921487486e-05;0.00020872367022846297;0.0004493645014557249;0.017755994555416356;0.00029318699080012523
4211682;6940135;25;0.029352344833888728;0.03524465186900976;0.000610046013400696;0.0010183614622864396;0.008149258654891484;0.14894938758875045;0.005086910189401597
4212016;6947377;38;0.013418903960521133;0.05142363524052197;-0.0006296702779212901;0.0028866721028257118;0.04655352030199424;0.10783073703654096;0.011221364112567921
4212030;7495958;26;0.0009927371668401043;0.002516871012712287;0.00013009504255699107;0.00010637456553188994;0.002447814124190667;0.007798189187373946;0.0011633514327646934
4214558;6952165;81;0.058215537766533536;0.2857142857142857;-0.001246331859954695;0.015034874925140268;0.15238095238095237;0.684918077027236;0.04901496576764856
4215139;7492676;42;0.0;0.0;0.0;0.0;0.0;0.0;0.0
4215173;7492674;42;0.003738405022777934;0.005110219860988131;-3.843327562465893e-05;9.303432540264056e-05;0.0012651074862250651;0.024450126460153997;0.0005078070292375465
4215194;7492529;52;0.0;0.0;0.0;0.0;0.0;0.0;0.0
4215248;7492638;42;5.544420860425082e-07;1.5566358608429806e-06;-1.8836838220637342e-08;3.036088721590554e-08;2.357453164379427e-07;4.021773369347324e-06;2.787560765869494e-07
4215355;7492624;42;0.0009352943083020367;0.0012790017998622614;-9.631864953940528e-06;2.3278906730652035e-05;0.0003160725929909887;0.006117216457817809;0.00012722014850768054
4215717;7498754;52;0.011091472078473623;0.019790382600945653;9.291973471573544e-05;0.0009394129143694596;0.007170880919925222;0.08519219912491785;0.004068243910097922
4216887;7490967;63;0.0004972801551332084;0.0016633341378287042;9.528908889030386e-06;6.040896218546226e-05;0.0010548202413037063;0.006585146371281119;0.0006641026516532403
4216973;7528623;18;0.07668476697156151;0.09504054986079372;0.003619906251892601;0.004916208095539468;0.04637248602124281;0.33991008718756627;0.02320069998126306
4217357;6941963;14;0.006746146108998238;0.008615911644813774;0.000418457262993898;0.0006902152521560962;0.002773870616845436;0.026264311332760484;0.0019395733560473292
4218097;7492711;47;0.0;0.0;0.0;0.0;0.0;0.0;0.0
4218847;6956286;11;0.025422375708576316;0.029093044154018113;0.0010415116629594388;0.0033237338181888753;0.025847359933557155;0.0879468182447738;0.007540037292113916
4219578;6237101;45;0.005688960973535601;0.0076671874227970975;0.00011228063904241834;0.0003590877136691023;0.005735592613746903;0.04140748663453226;0.0023953078496671445
4219718;6237516;44;0.0;0.0;0.0;0.0;0.0;0.0;0.0
4220153;6237533;45;0.0064230908694510236;0.008281499675779645;7.334528021727814e-05;0.00036511572881556996;0.00451435501835605;0.04481479127699258;0.001836912765879386
4220310;7492064;29;0.0;0.0;0.0;0.0;0.0;0.0;0.0
4220995;7494006;59;0.004427305352286551;0.016120052549033224;-8.466648764723798e-05;0.0008285410423293608;0.012373639171951339;0.04853605677780018;0.0045085378126491025
4221128;7493924;8;0.0;0.0;0.0;0.0;0.0;0.0;0.0
4221166;7494041;8;0.0;0.0;0.0;0.0;0.0;0.0;0.0
4221303;7493932;8;0.002640193738712793;0.0027074875656253887;-1.9865948463270353e-05;2.3108387830229906e-05;3.495874408207837e-05;0.007468775884680683;4.694330634103484e-05
4221309;7493877;8;0.000952865219573584;0.0009622720367262184;-2.430991346620556e-06;5.187323034225763e-06;8.43470921826114e-06;0.0026951919041316506;7.4362853014501355e-06
4221392;7493903;8;0.0034225319270158334;0.0034999061880815565;-2.3693455360423378e-05;2.7123246281080095e-05;4.349927070047789e-05;0.00968167533044016;5.594514334581708e-05
4221396;6942428;12;0.028014852003670192;0.03218942977404287;0.00017809342327607656;0.0013655116120891168;0.00638007584316088;0.09740572633531461;0.0024133712495814637
4222326;5369625;5;0.0006583771429422942;0.001555575848432502;0.00045727547280769457;0.0003860817491847752;0.0014096842052020186;0.0021965687257866325;0.0007290558079268858
4222447;7480398;37;2.539979836769351e-06;3.572206802196193e-06;-3.10987718155431e-08;1.044723961775065e-07;1.029918185069582e-06;1.565866449725845e-05;4.187614848281379e-07
4222845;5355857;34;0.0017695025859742833;0.002107980070244221;-1.5522396758762985e-05;1.7414905693690523e-05;7.77569928528169e-05;0.01035674321418771;0.0001537176885659742
4222846;5355880;11;0.0031776875921367574;0.003337620291862344;-2.2070451192538017e-05;2.7486128392408122e-05;7.680258497293029e-05;0.010542068814593573;7.418167269827836e-05
4222851;5355882;15;0.0024711088881483904;0.0031729836900678734;-5.591592091087371e-05;0.00016440897659807997;0.0006321451859819774;0.009653519664431297;0.00032606286257633974
4222853;5355831;11;0.0;0.0;0.0;0.0;0.0;0.0;0.0
4222853;5355865;15;0.0;0.0;0.0;0.0;0.0;0.0;0.0
4223251;6251169;37;0.0;0.0;0.0;0.0;0.0;0.0;0.0
4223417;6919304;37;0.0;0.0;0.0;0.0;0.0;0.0;0.0
4223837;7010542;68;0.014297162829449508;0.09761019343307677;-0.0007514356742905547;0.0051027469819239345;0.06164430540934669;0.20367584053809606;0.020140698189026158
4224211;5328766;34;0.0;0.0;0.0;0.0;0.0;0.0;0.0
4225761;7040602;50;0.005396569713969997;0.01780732928273912;-0.00013958638699559922;0.0006545361351934292;0.00890491014099192;0.04409491446664577;0.0031247823858115155
4226452;6268223;3;0.0;0.0;0.0;0.0;0.0;0.0;0.0
4226471;6267968;45;0.012508824715034008;0.01654341122327513;6.625588354871333e-05;0.0008527160593490749;0.010377395663910037;0.08900681286082063;0.004424757185619452
4226608;6984298;54;0.07006674449126264;0.13931975623730403;-0.00044426012955797256;0.007251407323500778;0.06567482482454554;0.5438162312186576;0.02381691914268431
4229754;5363204;61;5.603697666484702e-06;1.8338352250791445e-05;8.64379776143779e-08;8.39350288174655e-07;1.6646015204054137e-05;6.583360933968456e-05;6.296729620729451e-06
4232293;6834330;3;0.0014117542288035918;0.0014287761807363392;-1.7115001928622306e-05;1.7115001928620622e-05;1.7394151916240658e-05;0.0024453498535314568;1.3974960129266528e-05
4233157;7486525;30;0.0017902116694482602;0.0028061437872978173;-7.692665254532384e-05;7.540090367277247e-05;0.0015669216989661857;0.010664540623582406;0.0007656520547693898
4233666;6911666;8;0.0;0.0;0.0;0.0;0.0;0.0;0.0
4239486;5874454;47;0.0;0.0;0.0;0.0;0.0;0.0;0.0
4240976;7471154;37;0.0013026053123371916;0.001998555191770557;1.8453592097158965e-05;6.847871244609563e-05;0.0009738113601192562;0.008379097760781783;0.00044807085270929864
4241031;7471161;37;0.0;0.0;0.0;0.0;0.0;0.0;0.0
4241262;7470763;37;0.003199643158863805;0.017567910007664164;-0.00021624956106828302;0.000505670982374592;0.01458517161673856;0.03180949363802581;0.004136352946338369
4241345;7470791;37;0.0;0.0;0.0;0.0;0.0;0.0;0.0
4242337;5405286;43;0.0029352990311016193;0.021543742564563057;0.0003495614356366039;0.0005228556365319278;0.016709276842970907;0.04912865882768661;0.0068931006303772765
4242431;7069982;12;0.02881262870798502;0.0929112975294762;-0.0032884390400232514;0.015539713792873576;0.06027185688113677;0.12466944747649492;0.02156474796460667
4242515;7069982;12;0.005792171748360453;0.022578585741104783;0.00019125482976211817;0.0040615081645649816;0.020321179831786242;0.030683972284032957;0.00670146198214267
4242527;7069942;12;0.0;0.0;0.0;0.0;0.0;0.0;0.0
4242547;7069970;12;0.0;0.0;0.0;0.0;0.0;0.0;0.0
4243913;5360008;11;0.0;0.0;0.0;0.0;0.0;0.0;0.0
4244284;6925454;52;6.8420895469274326e-06;3.4632034632034636e-05;-2.5000310212527596e-08;1.466208570432982e-06;1.956331048655687e-05;8.27991034412007e-05;9.220956152992804e-06
4244915;5363045;5;0.00037906185046624103;0.0008469167845095312;-0.00023123473586630949;0.00019404112922430952;0.0007615894879960354;0.0011946922282796727;0.0003765235949890511
4244970;5363768;5;3.8335500541698115e-05;4.849799900848536e-05;7.473016654114905e-06;6.747651988780957e-06;2.5545520046689946e-05;9.000582147450901e-05;1.2271877528630293e-05
4245314;5363389;11;0.007332052398870289;0.008317542938459314;4.796371098990675e-05;0.0002271408933038989;0.0013840025138088215;0.024376237901940753;0.0005091934865717353
4245965;7054003;43;0.0017181832290818746;0.004810687401711141;-6.68838534885772e-05;0.0001383043793293733;0.0012913982923762018;0.012908149121599188;0.0009605922176645199
4246343;6558969;39;0.0;0.0;0.0;0.0;0.0;0.0;0.0
4246620;6691772;15;0.013950221294071315;0.028786593501754016;-0.00021111716129557258;0.0074080697455456085;0.01942584258437273;0.05975517483198824;0.00659065402368166
4246998;6817268;14;3.637878316093783e-05;6.278108805332968e-05;2.4844516064698213e-06;3.7852881589770657e-06;2.1768371142623672e-05;0.000143861362807122;1.244493473820608e-05
4247145;6691403;15;0.02385424453962589;0.03959564898514611;-0.00020108875639056852;0.008672009318585179;0.02117087425046959;0.09616913409288722;0.006895059167411815
4247886;6690626;59;0.018379525182996855;0.03747492687926906;5.652864686631782e-05;0.00304076959331911;0.021058005521841484;0.14602141743940109;0.0048566650687645535
4248253;6698088;49;0.01332592161520456;0.023357537455652857;0.0005307250173591889;0.0007623619197207294;0.015347872253532631;0.11242538008805228;0.008964825743675398
4249034;6110856;54;2.7865015700895728e-05;0.0006886895113728892;2.6573204722095772e-06;1.347471566983027e-05;0.0006861243835798258;0.0009701372935960237;0.00012904475085290823
4251098;7062950;34;0.029394400950760367;0.07213699724466546;-0.0003606057576792775;0.0031760135193443615;0.05417206300700802;0.20933346525666188;0.020610856811915733
4254930;6447195;25;3.903374138293513e-06;5.320278337616157e-06;-1.6699243826857916e-07;1.5671170469424537e-07;2.1092246878141676e-06;2.0635996205951863e-05;1.3406878506885058e-06
4255884;6644836;60;0.0006205796718710947;0.0012266032453487393;1.9056246422957504e-05;2.8820736974841808e-05;0.0012266032453487393;0.006003461146612941;0.00046429871832892676
4256609;6691236;85;0.0162833948406346;0.041700907492334474;0.00032339176094819337;0.002544293041584684;0.02127421392241073;0.1788783351333499;0.01054949022438224
4257109;6686668;3;0.0022230779233100204;0.0022364707945771913;-1.4791379648461056e-05;1.4791379648459698e-05;1.8986904792325614e-05;0.003850542255852173;1.223798428343686e-05
4258123;6809634;56;0.0015086510299181716;0.0043007573860449995;7.480345317736268e-05;0.0001424170218881013;0.0018970945936668789;0.014900520663172032;0.0012995050702748318
4258659;6809309;56;0.001988455770569342;0.004603400743797065;8.178280087541913e-05;0.000208233756959835;0.0035484705926523996;0.018897613553392704;0.0015566576048470853
4263534;7228896;81;0.02878994289888788;0.2;-0.0012657765279449089;0.00692452341382947;0.17857142857142855;0.49374263513015837;0.04669893910068039
4264046;6399661;29;2.3076774767377864e-06;3.869293336448114e-06;-6.559237922260286e-08;2.786726973709759e-07;2.8826578079987254e-06;1.4830734978829827e-05;1.5030407713473782e-06
4264250;6414576;22;0.0017660630695008562;0.0019203625155424567;-1.5576482691777466e-05;1.6010775245553433e-05;3.830765108248373e-05;0.008296884979110197;0.00010017428371209549
4264395;6414375;22;0.000884984189723641;0.0009612000177264232;-7.77629037582624e-06;7.968497622968208e-06;1.923895409031574e-05;0.004157570920436774;5.0027994492029384e-05
4265938;6806374;3;0.00011679546935383937;0.00011831651945505143;-1.6238747467133545e-06;1.6238747467131961e-06;1.9323486832166395e-06;0.00020230887860047878;1.3338385499952525e-06
4268146;6809461;3;0.0016494134554568116;0.0016631647328275115;-1.5186594707702056e-05;1.518659470770066e-05;1.9492546718702722e-05;0.002856950798886589;1.2564846898911953e-05
4268151;6809452;3;0.0008211603652757154;0.0008250322783573931;-3.3392114889423015e-07;5.807869622516664e-06;6.141790771411115e-06;0.0014222994575940307;2.7513980104339212e-06
4268181;6809495;3;0.0013319954440779123;0.001346692091358309;-1.614433106093178e-05;1.6144331060930243e-05;2.0487382402531104e-05;0.0023071994804770837;1.3339834841310877e-05
4269539;7233943;44;0.0;0.0;0.0;0.0;0.0;0.0;0.0
4269969;6485471;37;0.017132996447433598;0.02223344317289792;0.00035136599229589684;0.0008913083825921491;0.010017616542469722;0.11122478480243314;0.006388310197075102
4274686;6667262;36;0.0016990280097345704;0.0020047374009638163;-1.3395016249141934e-05;2.668634722287323e-05;0.00025963563325896244;0.010230829608705137;0.0001442232142763727
4276472;6465179;36;0.0014888879105966408;0.0022172551242631575;1.9193513775566972e-05;0.00013594548640945088;0.0022126054789148564;0.009284956618915392;0.00042183724624784904
4277421;5768080;59;0.0;0.0;0.0;0.0;0.0;0.0;0.0
4278208;6798944;56;0.004505662233476287;0.024315385059795483;-7.747934343593222e-05;0.0010516839083143192;0.020467158071839416;0.044543040809714766;0.003889608232875458
4278233;6798899;35;0.0;0.0;0.0;0.0;0.0;0.0;0.0
4278242;6798889;35;0.0;0.0;0.0;0.0;0.0;0.0;0.0
4278252;6798951;56;0.0;0.0;0.0;0.0;0.0;0.0;0.0
4278278;6798863;35;0.004984295037534074;0.006403480098597311;7.14342956294546e-06;0.0002710749220536228;0.0015023514244150256;0.0295901530433672;0.0004162849775387441
4278567;6799010;21;0.030544330619333697;0.11453270427188116;0.0011697254255533048;0.012266672595592595;0.0782499465252464;0.1689720827786927;0.02065531865775666
4278594;6799024;56;0.0;0.0;0.0;0.0;0.0;0.0;0.0
4278661;6798935;35;0.03498991097617837;0.058161723438242025;0.0009580671899165453;0.0022366427470012144;0.015662952128118985;0.21780960296530144;0.0114526823928111
4278760;6799041;35;0.0;0.0;0.0;0.0;0.0;0.0;0.0
4282432;6947666;45;0.010332279153843696;0.09932269437743552;-0.00022069960684765154;0.0026684673407976144;0.09517642769889977;0.11387213197747523;0.01346835202161196
4284190;6960523;66;0.07068978617218079;0.2406015037593985;-0.001484297014851275;0.014577722787754006;0.13744020420689587;0.6973900965904285;0.04870254791789754
4288638;5799163;57;0.0;0.0;0.0;0.0;0.0;0.0;0.0
4291621;6462155;52;0.0006276842769505219;0.0023000245656262567;1.2424396656233133e-05;0.00011954673838277556;0.0011906794452020363;0.006032847976193063;0.0005531014308190116
4293220;5888324;68;0.0006227882408701725;0.001950501690772225;2.2595069182779785e-05;6.262575480052454e-05;0.0018719569248600032;0.008484805086433048;0.0008190479070332835
4293546;6923255;54;0.017990806451372774;0.0992696763247886;-0.0009147264357331455;0.004032055421253511;0.0948069007394944;0.22441011520948473;0.02467633725698808
4296983;7006843;57;0.004068165125346106;0.013511534003337282;8.225365630499862e-05;0.0008938390413134157;0.012496562902502206;0.03760294864587163;0.002873452596846214
4297584;7004900;25;0.005364205463782817;0.015750187881335424;-0.00012633804528180094;0.0018286924408871606;0.011411520836436873;0.031889228808820086;0.0034499588842729413
4300846;6880180;54;0.017114169228940223;0.09828000600871263;-0.0008769743934039867;0.004094080622194714;0.09588245104001734;0.2185062694089594;0.024316078813088275
4307077;6464062;7;0.0037165161243338653;0.004754048539052663;-0.000428444096344825;0.0004046898656968033;0.0013264704413125236;0.010118013703116014;0.0009013289061481982
4307080;6464085;7;0.0;0.0;0.0;0.0;0.0;0.0;0.0
4307879;7047812;62;0.002610831903729372;0.006993360307522599;0.00013423904523830618;0.0002729154946769866;0.0037302591008085088;0.02938778408445902;0.0026670703183995625
4310855;6842662;62;0.01943933929886885;0.09725940849525931;-0.00089168078097329;0.004195705797144684;0.09486976624923298;0.2504061809705928;0.025168530305859287
4313103;7313247;36;0.0035581730039441436;0.023049066932419728;-8.053798637894167e-05;0.0006650791176275681;0.017216753129827192;0.02934461429849885;0.003355447328150712
4315199;5298782;9;0.00018161468283539435;0.0002387583803240265;2.0359820568773594e-05;1.871221753950082e-05;0.00010953278739157174;0.0005727623062041794;5.887993642029527e-05
4316158;7320200;47;0.0029233377048160447;0.020482140752092422;-0.00025739141092850085;0.0009905634827593434;0.020482140752092422;0.04909326120355896;0.006537113096301158
4316796;6864682;41;0.00535501312309367;0.007210395097031923;8.658240937872512e-05;0.0002288254142961379;0.0009234244461798465;0.03502045319672091;0.0011121211836823586
4317181;6970018;44;0.000160858551137879;0.004680375458690642;-1.575826534796449e-05;0.00015131590089719662;0.004680375458690642;0.004778434436851855;0.0007021867602262218
4318315;6966083;3;0.0009094005415026812;0.0009147886992012512;-5.850775333869873e-06;5.8507753338693795e-06;7.238628239767948e-06;0.001575150082338373;4.821729788978552e-06
4320238;6495167;37;4.729317143735343e-05;0.0011515621645958954;-4.7015544021210075e-06;6.398180509567215e-05;0.0011515621645958954;0.001156264964576717;0.0001841116610307297
4320338;5356501;4;0.0;0.0;0.0;0.0;0.0;0.0;0.0
4321847;7318719;80;0.006110192821292367;0.020993343573988736;-2.6665423914155545e-05;0.0013468802545576802;0.020993343573988736;0.07958124272188465;0.0064676287077352545
4324259;5360441;39;0.0029936966109572953;0.009496267450298532;0.00010474852340568616;0.0004551431619441416;0.008317789350161758;0.024769527552882347;0.002601789022828711
4329307;5700891;50;0.002038460141821471;0.0045250741972053445;-3.0905553062675074e-05;0.0001519231486494049;0.0029367733534883585;0.015176052521940214;0.0006715144474834073
4330543;6799226;33;0.005462528651253516;0.008302677384198107;0.00016327891186359948;0.00029189004615636286;0.002458487236968623;0.032904798576112115;0.001723558102371342
4330739;7107784;37;0.002921075116575936;0.006031234184895388;0.00018275258159068412;0.0003188711827908676;0.004084279148172596;0.022144469844251235;0.0021727326841823377
4331744;6327198;50;0.0;0.0;0.0;0.0;0.0;0.0;0.0
4335218;5692239;60;0.00032649076146061404;0.003450549262370176;-1.6970926385839918e-05;0.00014825834279971468;0.0032396005327230493;0.005709143195542678;0.0006607892123320337
4336596;5371584;12;0.0023203013753022553;0.002518731261228242;-2.3721492950550658e-05;2.872101810172362e-05;8.273012062570088e-05;0.008043382099582008;8.680146557989752e-05
4336660;5360385;12;0.0;0.0;0.0;0.0;0.0;0.0;0.0
4336672;5360413;12;0.0;0.0;0.0;0.0;0.0;0.0;0.0
4336683;5360395;12;0.001608902427868075;0.0017043895541549252;-1.1584995913282507e-05;1.4254325124520762e-05;3.7621509096924174e-05;0.005575428858787661;4.339997177883963e-05
4336973;5534173;62;0.004100251871076441;0.04010131041188383;0.00026200315870726724;0.001022713418350635;0.013015310747678793;0.07870108025067886;0.009115311451720114
4338951;6895108;17;0.0;0.0;0.0;0.0;0.0;0.0;0.0
4339836;6962169;34;0.00012963375228056646;0.00015770830788685238;1.3124128702078562e-06;7.4058369129137855e-06;0.0001410546912439396;0.0007707345937611134;2.5818873163417295e-05
4340719;6719379;62;0.07269204928288665;0.14837543850347712;5.0778691730682216e-05;0.007341425314183796;0.07060114534426598;0.6017673785592076;0.02359184799862438
4340872;5483436;61;0.004137410197107875;0.039655068108861914;0.00028517845170075425;0.0009495963028183107;0.013027312040297282;0.0773726974725261;0.00900120789953341
4341085;5398468;48;0.016401148909027833;0.04389764430216248;0.0005071020609232053;0.002031873979636657;0.015758936481974926;0.13133742003258259;0.009506170140013004
4341228;5398519;8;0.0;0.0;0.0;0.0;0.0;0.0;0.0
4343392;5588622;56;0.001719587739140157;0.01683494394308331;1.0128362499754926e-05;0.0006570828864716491;0.008996312574722066;0.024075328482457126;0.002719080891038323
4343443;5588345;6;0.03132378291803601;0.040793282229078534;0.001261396554619381;0.003561220453342248;0.01269272087737;0.07748320427056841;0.004407771285981961
4348200;5378344;61;0.012053247564124831;0.021698821748090822;0.00016527655817863044;0.0016529537990800636;0.016514123668299078;0.1043472829296393;0.005763406420203815
4349221;5383754;3;0.012172875086450598;0.0211489538720797;0.006722616913781279;0.006760385615544446;0.0134830025293254;0.023777980620673756;0.00634706490660966
4349227;5386120;5;9.560773457689589e-06;2.392121074095131e-05;-7.168652383593896e-06;5.9899412336014976e-06;2.392121074095131e-05;3.3802449720082245e-05;1.1709514605929485e-05
4349514;7383491;6;0.009253124302594876;0.011961333299084704;0.000941083591903735;0.0021101127979662932;0.0051244867661204225;0.02324352283647669;0.00210315230444611
4349817;5389675;3;0.005793236129789069;0.006155502057141401;-0.00038767650086826325;0.0003876765008683494;0.0004639082214163998;0.01004933902744901;0.00031856988878922206
4349823;5383480;35;0.025851810488575197;0.03304913488711173;-0.00047248640405255144;0.0013268227881729831;0.016106919596442365;0.15867177722364628;0.007142766957875658
4349823;5383618;35;0.024943911359455083;0.03223759711114983;-0.0004614790677507969;0.0013157043827532653;0.016083328677713105;0.15337784152401746;0.00706663646758337
4349823;5383631;35;0.024034937939296952;0.031425258212013245;-0.00045043807353937825;0.0013045636437116195;0.01605971255590491;0.1480862343041916;0.0069914117300973015
4349824;5383743;35;0.023124890228100776;0.030612118189701963;-0.0004393634214182951;0.0012934005710480458;0.016036071231017766;0.14279796521291413;0.00691714162020443
4349841;5386107;35;0.0;0.0;0.0;0.0;0.0;0.0;0.0
4349842;5386038;35;0.0;0.0;0.0;0.0;0.0;0.0;0.0
4349865;5385832;35;0.02221376822586657;0.02979817704421599;-0.0004282551113875475;0.001282974027220376;0.016012404703051684;0.1375142000089665;0.006843876817727284
4349869;5385998;35;0.021301604031869526;0.028983434775555327;-0.00041710906040663025;0.0012751704644381173;0.015988325011958782;0.13223637900102458;0.006771617721327776
4349870;5386047;35;0.020408161987007057;0.028185516093563175;-0.00040607708203194707;0.0012676912862665869;0.015959731104901308;0.12707554182303119;0.006699543013284565
4349871;5386094;35;0.018577531456489042;0.026551224817193707;-0.00038356280427918573;0.0012538862279436894;0.015910644584146108;0.11655750135828145;0.006560242803207791
4349873;5386200;35;0.01672501740138728;0.024897706584631654;-0.000360824790404165;0.0012397120635082074;0.015865608710070776;0.10600159524107698;0.006427443273002677
4349877;5399108;8;0.0030588663765838226;0.0036539803752514677;2.5619830573789877e-05;0.0003280570229564321;0.0010467382558287009;0.008701502913724464;0.0003284137784858756
4349881;5386579;35;0.01580649835721671;0.024078157576922846;-0.00034946349543170195;0.0012330805316785893;0.015840989840456347;0.10080405861769592;0.00636254570057249
4349885;5391083;3;0.004418936435747068;0.004693848956144038;-0.00029596832809217373;0.00029596832809223976;0.0003591357511780512;0.007665432294020517;0.00024348482820197277
4351978;7385637;10;0.0025301984916606154;0.0034199193653075164;-9.27117343724092e-05;0.00014941322013557325;0.0008162779531476418;0.008097319909464516;0.00039338856671157973
4352370;7385847;45;0.007484180163433254;0.021108412294643785;-0.00015248469981032908;0.0012890462237312252;0.018063406985487532;0.06470708124100093;0.006085362201192745
4353696;5418853;8;0.024641405169490926;0.0389088362212788;0.003356784249867305;0.005688576632496923;0.013044574612310792;0.07455527734937543;0.00936014550385156
4354275;5326741;42;0.00025143178457038347;0.0010650589634905777;2.4986163532324344e-05;2.786565978623791e-05;0.0006689200188041919;0.0030761313548597654;0.00040259369025160357
4359763;5246243;38;4.1414676807760505e-05;0.00022829486564847156;5.244105127370472e-06;6.388011623413333e-06;0.00010255360738516791;0.000550037971772005;7.903448665940464e-05
4363192;6268409;60;0.007133159173290896;0.02131670278174163;-0.00010402966038266902;0.001624699891107485;0.014198689986077298;0.06385005247848707;0.004131003941770312
4364873;6527689;40;0.0008474798043710758;0.0022969248020607226;-1.3498441929650164e-06;9.899879747343686e-05;0.0012256102711465176;0.005773073072349766;0.00033909777152085833
4365229;6269389;49;0.022270641496688354;0.029872021522535912;0.0004738526120062778;0.0012099917908968436;0.022301725141511203;0.16969625128785853;0.00957646513554719
4365306;6267917;7;0.016262511149718963;0.021948331798684512;0.0020227412606254676;0.002595849790450243;0.008873763238386763;0.044741449208518955;0.0046370001850849635
4365442;6269520;10;0.0;0.0;0.0;0.0;0.0;0.0;0.0
4365751;6474193;30;0.001702690227561368;0.0019227972144214584;-1.514271459074156e-05;1.5292748797470225e-05;3.7030722846374516e-05;0.009353895343303978;0.0001317494797579078
4366153;6269874;39;0.010248598376747001;0.01930188812808454;-1.5170855556264018e-05;0.0009878756456661675;0.007738343600619032;0.06640191990533599;0.002832494543811105
4367165;6269407;39;0.0075365810793035235;0.016629262093394263;1.905502544124471e-05;0.0008677426188849157;0.007605714530363019;0.049122977339835255;0.0022524333422975144
4367180;6269440;39;0.0008960235858278345;0.0037682416918177553;-7.8614941531244e-05;9.442465465326957e-05;0.0013517736580245746;0.009364661311178921;0.0012024058050964948
4367181;6269397;39;0.0;0.0;0.0;0.0;0.0;0.0;0.0
4367620;6270028;10;0.006103055367162433;0.008711101851369574;0.000603047908574974;0.001142174189732603;0.004414133273370975;0.020465102639014285;0.00215284876103473
4369953;6315630;62;0.004789085919031912;0.0235188414988637;-0.00017279594326252291;0.0013033624381211897;0.01488174893422908;0.05881576074615478;0.00573233948170378
4369961;6276529;39;0.000644268499318223;0.003086634236738476;-6.31385503468901e-05;7.913534869798381e-05;0.0015228972297751902;0.0073911864921917736;0.000992813196634096
4369970;6276523;39;0.0003822325359360583;0.0009925186565417278;-1.1969429516519496e-05;4.41365875311881e-05;0.0006869902965659939;0.003194763308536037;0.00034000549950197195
4370123;6276950;39;0.0009750395005989489;0.002433209790749749;-3.130053339428675e-05;8.06826522307208e-05;0.0014862271620330618;0.0069756583284057315;0.0005449636551808441
4370134;6276951;39;0.0005764332680341929;0.0008487159774379007;1.207008633994912e-06;4.1116666572646815e-05;0.0006676767027021816;0.004026464705978989;0.0002888385602288469
4370256;6315613;39;0.0;0.0;0.0;0.0;0.0;0.0;0.0
4370351;6315652;42;0.0;0.0;0.0;0.0;0.0;0.0;0.0
4370360;6315638;42;0.0025562767835124183;0.014138702460850113;-0.00012170710473844846;0.00030838515048533296;0.005902609255073549;0.023104250864245685;0.0024849799570580253
4370381;6315634;3;0.010835666462917599;0.01360178970917226;-0.002685809638030315;0.0026858096380297704;0.002926750462704443;0.019149434758348755;0.002195893779873685
4370604;5902119;58;0.001742101900775066;0.0024505829665662886;2.0278813565318095e-05;0.00012321896082615502;0.0015139584497041855;0.013854342197807385;0.0005238697824227566
4372319;6320939;39;0.0037501182939977886;0.0044875923904327914;-2.6451314865595427e-05;0.00011842654529459517;0.001575202963522386;0.02377425013098758;0.0006552131724096244
4377597;5635930;36;0.007265580014813904;0.041498039465157864;0.0007802771620489033;0.00139665099519268;0.012983365484617829;0.08231728359487452;0.011637754260474734
4388011;7180196;42;0.0027151728556365053;0.006361975644033391;0.00018098030412942088;0.00031444712913023085;0.004332021100155411;0.023685693439480095;0.002446480470067192
4388160;7034477;9;0.0;0.0;0.0;0.0;0.0;0.0;0.0
4388355;6671520;30;0.002041162813702137;0.0612348844110641;-0.00039506377039394815;0.0021115477383125553;0.0612348844110641;0.0612348844110641;0.010991998149980387
4388732;6448913;50;0.019487970089739008;0.026672973614805074;0.00033641101766472597;0.0014309274671499429;0.012572540847190262;0.14554724112264616;0.006625632781079237
4391277;5665371;44;0.007578671254349894;0.04369338943949347;0.0005556988484391204;0.0012767143600991196;0.012946451802535616;0.08953526033653238;0.011169527836875297
4391327;7041380;35;0.0014057602638734216;0.005510060586667565;-1.106013559461637e-05;0.0003349362655852731;0.005351543606628223;0.015030849804265802;0.002116336313108817
4391464;6336651;17;0.00014562254987638253;0.00019522330559373208;-1.0250179154364361e-05;1.126784583922268e-05;0.00012427788629846347;0.0006482463596535591;5.927135170086e-05
4393915;6230108;55;0.0030854646695409613;0.006605331446095777;6.817266703396296e-05;0.00026630394281275616;0.0039465867379494665;0.025721008557931524;0.001583811333765274
4397166;6459856;55;9.79374495565805e-05;0.0020037546696333192;-8.95851895014657e-06;7.703929751864715e-05;0.0020037546696333192;0.0031208378890932383;0.0004092583804570789
4400110;5687684;48;0.005372553816116059;0.044316756569990186;0.0005600426157000143;0.0010963205573572587;0.012918275509443505;0.09005278386032559;0.011835694445771058
4400669;7280583;48;0.0;0.0;0.0;0.0;0.0;0.0;0.0
4404021;6921779;44;0.0;0.0;0.0;0.0;0.0;0.0;0.0
4405088;5204131;18;0.0;0.0;0.0;0.0;0.0;0.0;0.0
4405134;5204102;18;0.0028283928777220724;0.004002342273729892;0.00017908866088541114;0.00015816256082671061;0.00235841800185966;0.012875027816121602;0.0010997431112265352
4405163;5204124;18;0.0;0.0;0.0;0.0;0.0;0.0;0.0
4409535;5320161;57;0.00538614801904692;0.013037697027982603;5.896067423633029e-05;0.0008746318814891107;0.01283128042029211;0.05178049627470846;0.004245980838308983
4409755;6456379;44;0.0;0.0;0.0;0.0;0.0;0.0;0.0
4410098;6636413;43;0.0;0.0;0.0;0.0;0.0;0.0;0.0
4412277;6137754;9;1.9980907472638313e-06;2.1554666225993493e-06;-3.4432186780415725e-08;3.5553714081778354e-08;5.690913895704955e-08;6.000325919611827e-06;8.982169550682862e-08
4412366;7499860;40;0.07688810405340905;0.12989775079975874;0.0035471763271226063;0.004097573352005715;0.04607193346657061;0.556511399360001;0.042788349997549664
4412407;5720366;12;0.025800025863927576;0.04935265241310748;0.00433751816515922;0.005066235133413395;0.012825544826288851;0.10487003086899511;0.01583779066955574
4412514;6452865;44;0.0010177761139188851;0.0013820164244665522;-1.1183604203319537e-05;2.8889561175283625e-05;0.0003411546754753822;0.006827195530206736;0.00015317823938043837
4413078;6107688;49;0.0;0.0;0.0;0.0;0.0;0.0;0.0
4413151;5817571;35;0.0026182320791200355;0.004442403389745374;5.939463474352502e-06;0.00014962718854958181;0.0020079358346751313;0.016603740528796696;0.0010107186529953128
4413810;6456024;61;0.001233548469905219;0.003994867353969267;-4.547053490608233e-06;0.00023866529746339107;0.003994867353969267;0.012875542016838468;0.0010936435624533647
4414231;5193564;55;0.004068042068043519;0.011089393480174759;0.00020403737433646177;0.0002904222944440545;0.005349128540018242;0.04085932796317454;0.0037155485020183834
4414314;6139113;9;0.002361879468332058;0.002406937728569273;-1.1522735983755578e-05;1.3574345705532806e-05;2.58188914938136e-05;0.00708624070004646;3.079619860782253e-05
4414346;6139115;9;0.0;0.0;0.0;0.0;0.0;0.0;0.0
4414371;6138599;9;0.0007878481813182593;0.0008029113169182576;-3.85047649091312e-06;4.531521144087182e-06;8.618041904998193e-06;0.0023637460877097382;1.0288914772140741e-05
4414373;6138570;9;0.0;0.0;0.0;0.0;0.0;0.0;0.0
4414750;5407741;3;0.0027169666725462855;0.0030128399555151147;-0.00027723724372298505;0.0004438099244532441;0.000721047168176189;0.004736111926164543;0.00030823826172639057
4414781;6455723;11;0.002383475506745984;0.002501954348741167;-1.6177983446325695e-05;2.0337482927788127e-05;5.754660517279936e-05;0.007907169475176746;5.462159523700588e-05
4414838;5407749;3;0.0007493664679139618;0.0007547888531089188;-5.681760445362377e-06;5.681760445361739e-06;6.459886196575758e-06;0.0012979658231857187;4.653617110739035e-06
4414895;6456170;11;0.0031311506431362826;0.0032875734456865634;-2.2066553615174515e-05;2.7446817897715292e-05;7.460626840682244e-05;0.01038773098810729;7.3736158111891e-05
4414974;5407564;3;0.0;0.0;0.0;0.0;0.0;0.0;0.0
4415002;5407436;55;0.019860757338914035;0.034037912130337425;1.863644710289612e-05;0.0018335266434409928;0.01825997650666238;0.17081336732797134;0.011663832165975887
4415801;5816457;60;0.0008931612195617978;0.0035682572774303144;-4.55503809142108e-05;0.0002492166523627853;0.003469410370723973;0.011877248090111705;0.0012463600626512056
4416779;6458216;52;1.228119692098581e-07;1.6384390918459804e-06;1.307449527396521e-08;3.3680014877209646e-08;1.6384390918459804e-06;3.193630861019314e-06;4.25508147075407e-07
4417625;5318995;38;0.0071462176874125625;0.012558769902387495;0.00028430673470056364;0.00032983201981854737;0.005325506735561465;0.049139100985995686;0.003532000367870178
4417629;5319107;38;0.0;0.0;0.0;0.0;0.0;0.0;0.0
4417764;5319413;47;0.008783078025537587;0.016551807725716013;0.00031255177975331904;0.000582963352269041;0.0052801336368899525;0.06797967397865255;0.0046023594155326425
4418327;7260772;5;0.0009490291253552054;0.0009567926668126651;-9.995947484722964e-07;7.442865791778061e-06;1.1085622999165256e-05;0.0021221227894257268;4.974525860764894e-06
4418418;6394389;4;0.0035219840106600663;0.0035665542151303298;-2.770615666347093e-05;2.9951932322433802e-05;4.189619864403962e-05;0.007044256604541033;3.1881127800393615e-05
4418891;6383341;57;0.006292159026850459;0.025676937441643326;-0.00029307073583774874;0.0013217056295283167;0.01535027368771441;0.06655284069994132;0.006173768060560108
4419117;5660359;60;0.003740029850634264;0.007396218553049638;-4.751450094946965e-05;0.0006091222115823306;0.006481259216076267;0.03336761797036473;0.0021374772201440562
4421125;6472469;32;0.0;0.0;0.0;0.0;0.0;0.0;0.0
4421756;6763717;11;0.0006069274592594146;0.000638194278753174;-4.101073357107298e-06;5.372398922485859e-06;1.4730569651454604e-05;0.0020134949174588548;1.4114575956238788e-05
4422290;6688379;29;0.0722543778792764;0.0971187628874457;0.0014186055145992264;0.0026452860818546907;0.021367957973116004;0.39621344784457957;0.013877465849817465
4422311;6688368;29;0.0;0.0;0.0;0.0;0.0;0.0;0.0
4422314;6688403;29;0.0;0.0;0.0;0.0;0.0;0.0;0.0
4423510;6389733;4;0.0027801904031150575;0.0028154937354281325;-2.2039545932265723e-05;2.4080595321197395e-05;3.592096360331134e-05;0.0055606162928722135;2.5587332137470577e-05
4424477;5696845;33;0.0019973724184869147;0.0029326114226571206;-8.671167755321104e-05;0.00011604965948895544;0.002428935231777497;0.012789790592659405;0.0009835827571552677
4425491;5183509;12;0.005093968139176963;0.005548648524197633;0.00012662978168751746;0.00016232386541144685;0.0007407804739872339;0.017755694375142052;0.000568810594431541
4425831;6681724;29;0.07235091479614605;0.09719770652292346;0.0014139372604545712;0.002642051830505831;0.021355950783782177;0.3966866372705183;0.013840591109630394
4426667;6769675;61;0.009850877386027116;0.07701440072658458;-0.0001615946692056698;0.003021061172765697;0.0513650267783483;0.17749936356375814;0.020480537408017006
4428015;7226907;55;0.010206064383771451;0.026117832862298428;-6.73754966263327e-05;0.001237037754831179;0.01753296544913195;0.08432558594034317;0.005012345092359198
4428300;6683535;48;0.06264221117510389;0.09946034624185124;0.0014961450395727688;0.00501375615230236;0.04714085583353313;0.4697051149293254;0.025928048353113915
4429528;7502947;36;0.0;0.0;0.0;0.0;0.0;0.0;0.0
4429942;7228744;16;0.0;0.0;0.0;0.0;0.0;0.0;0.0
4429948;7228739;16;0.0;0.0;0.0;0.0;0.0;0.0;0.0
4431144;5695010;61;0.0026041391085654996;0.006012202733514209;-2.0394004218310358e-05;0.0003286879570406342;0.004750894767613928;0.024281880367486693;0.0016982910594474916
4432020;6452796;4;0.00076047749641104;0.0007707217488043491;-6.159660099701594e-06;6.3961966587971954e-06;8.87879426450576e-06;0.0015210187391222754;6.962660603239093e-06
4435281;7498705;8;0.0014531177071767049;0.0014854139722322401;-1.1158254917976992e-05;1.0842785724797317e-05;2.787368720133629e-05;0.004110710754614756;2.6301950549228018e-05
4435576;7499016;47;0.0028536379245447793;0.017859308345561722;8.126219738443441e-05;0.0010258663844073454;0.01678834003366971;0.026865182586416292;0.002685680362291337
4438895;6446967;32;0.0031172338797289018;0.003551500756811705;-1.3139939947970681e-05;6.638925594496348e-05;0.0012309091901361365;0.01771783208345279;0.00030479848812774103
4442234;6446156;57;0.003256589670411989;0.005399176218051278;0.00010383398628240168;0.0001525624800031116;0.0050801557650872724;0.02981009038521024;0.0022326722276258147
4442337;8421628;34;0.0;0.0;0.0;0.0;0.0;0.0;0.0
4445751;5558183;31;9.283263985762857e-05;0.00013271356998961585;-1.7534392498017025e-06;5.042964118577291e-06;3.625310742607775e-05;0.0005296514625270489;2.0772036138893683e-05
4446092;5839830;37;0.00010520623412731009;0.0007887910731937082;1.475233779641503e-05;2.2521357022080753e-05;0.0007887910731937082;0.0017409315658368318;0.0002661697133894199
4447122;5160077;9;0.0007016990942538045;0.0007989476570731094;4.9391538763194724e-05;0.00010249225355138107;0.0007913729724517408;0.002230675458742618;0.00024596260608906106
4449648;7249282;30;3.202859037238092e-05;4.43985987802225e-05;-1.4952621107221994e-06;2.0230987028678487e-06;1.8058691284971048e-05;0.00019497194957495065;1.5533987558258543e-05
4451525;6238685;43;0.0;0.0;0.0;0.0;0.0;0.0;0.0
4451549;7244002;16;0.0;0.0;0.0;0.0;0.0;0.0;0.0
4451557;7244004;16;0.0;0.0;0.0;0.0;0.0;0.0;0.0
4452278;5163476;8;9.232620893285493e-06;9.832527475768965e-06;-1.5085997420164975e-07;1.5728884228929445e-07;2.6557598179956486e-07;2.613244781017447e-05;3.490200707763274e-07
4453687;5164484;9;0.004620652307560475;0.004758635335547707;3.0279408909766933e-05;0.00011476874425843191;0.0007492347116769974;0.0138783644609993;0.00022488278083703048
4453713;5164133;9;0.0038380525361377854;0.003967934880095997;3.40859654942123e-05;0.00011232970952381095;0.0007577051148498336;0.011534516381346465;0.00022833764476872887
4453840;5162097;41;0.002041337008144982;0.004338622225328766;7.781907581973048e-05;0.0001784808619465944;0.0026771951730433607;0.015148232795551702;0.0011957203035227045
4454942;5777274;71;0.009923028087438383;0.08736373633101135;-7.248504623145386e-06;0.002962975594116512;0.08112577020267625;0.20319767663060675;0.021978919238050874
4456059;5173516;6;0.0;0.0;0.0;0.0;0.0;0.0;0.0
4456061;5173463;18;0.0015151908087752072;0.0017931281144122069;-8.043221726816953e-06;0.00010701197006154321;0.0008688148837167227;0.0065643746184452945;0.00031327630379455443
4456071;5173492;18;0.0;0.0;0.0;0.0;0.0;0.0;0.0
4458877;5172866;15;0.0;0.0;0.0;0.0;0.0;0.0;0.0
4459105;5323233;11;0.0;0.0;0.0;0.0;0.0;0.0;0.0
4459119;5721164;58;0.008707184833653176;0.08202439358937896;-0.00017422332502827162;0.0030043311172260416;0.08099291887524482;0.18694755550886002;0.022951265678625363
4460671;5995446;38;0.0;0.0;0.0;0.0;0.0;0.0;0.0
4460672;6457103;62;0.08009724815926803;0.1276725528888589;0.0006630624135054474;0.005944932723162924;0.07745255923977847;0.6586946834937281;0.024134501463834657
4462762;5718327;47;0.0;0.0;0.0;0.0;0.0;0.0;0.0
4467078;7534618;8;0.0;0.0;0.0;0.0;0.0;0.0;0.0
4467085;7534607;8;0.0;0.0;0.0;0.0;0.0;0.0;0.0
4468389;7540936;40;1.700529725718349e-06;2.8248252421863925e-06;3.1184506795940825e-08;1.0488341177996199e-07;2.8248252421863925e-06;1.2196114372140458e-05;9.093012682310261e-07
4469834;7537331;32;0.03868939751805178;0.043497800542748204;6.952869053219917e-05;0.0007015487953498114;0.011512228327372406;0.21971231344364556;0.0034172234198804638
4470439;7537715;16;0.0;0.0;0.0;0.0;0.0;0.0;0.0
4470440;7537723;32;0.0008602349692911056;0.0009892537998136745;-7.495375407775186e-06;7.686634310198105e-06;1.8438745729020814e-05;0.00488214729754602;6.964816903894663e-05
4470494;5493537;59;0.03934045096819281;0.06897247316809513;0.0004105274389417265;0.003155008493779884;0.026319495209430915;0.3391575659972729;0.020048779798336264
4470937;7736590;32;0.0344231823655549;0.038910931970986995;0.00010678117336341147;0.0006737605683407584;0.01160061815046953;0.19573674779175573;0.003510248133062424
4471652;7911354;26;0.010454326430418718;0.011318682782371388;-5.121211582637819e-05;0.00011157192691946178;0.0006930942619856745;0.05335381896364316;0.00043912189685223267
4472884;5759872;14;0.0;0.0;0.0;0.0;0.0;0.0;0.0
4472902;5760807;28;0.0;0.0;0.0;0.0;0.0;0.0;0.0
4473632;5494361;14;0.0;0.0;0.0;0.0;0.0;0.0;0.0
4473641;5494306;14;0.005968762470611401;0.006781507740497093;4.710792253479798e-05;0.00038904351302348805;0.0015825293153463897;0.022422515135163686;0.000534751541675267
4473680;5800426;30;0.00045797323381271005;0.0019390093424995593;-3.99827942849937e-05;6.783476874741714e-05;0.0013970290463358528;0.003548004048870273;0.00045811746107061937
4473696;5494324;14;0.0;0.0;0.0;0.0;0.0;0.0;0.0
4474222;7624640;32;1.7267280763610168e-05;2.121266386166186e-05;-1.0831618979614464e-07;4.925239103797096e-07;6.023390324110432e-06;9.839191200544581e-05;2.090759648641921e-06
4474361;5494647;3;0.0;0.0;0.0;0.0;0.0;0.0;0.0
4475657;8134831;57;2.3786424240388662e-06;6.251361903843338e-06;6.659854047787195e-08;1.8602045860633807e-07;6.251361903843338e-06;2.29151670863e-05;1.8853186945034065e-06
4475836;8134897;37;0.003599381131026111;0.005671674335291312;0.0001575418609625658;0.0001876031737165793;0.0056620544620508625;0.02615178693221126;0.002351312527490009
4475848;8134846;37;0.0017976897879788268;0.002833617237706645;7.880566476317303e-05;9.374532225829216e-05;0.002831085692117053;0.013066619328817175;0.0011759304935965035
4476430;5194888;5;0.0;0.0;0.0;0.0;0.0;0.0;0.0
4476960;7003772;66;0.10585149605648146;0.27409432672590567;-0.0014253434867228106;0.01841564094948516;0.19635698968032053;0.9859526634936631;0.05936572145073308
4477518;5195282;14;0.0;0.0;0.0;0.0;0.0;0.0;0.0
4478825;5710586;61;0.03004181652256707;0.08454375517243375;-0.00026311873300567315;0.004137816365542288;0.061641712146288614;0.3206072873879324;0.027974191146318814
4479783;7625215;16;0.0;0.0;0.0;0.0;0.0;0.0;0.0
4479878;7799004;46;0.023490868555165852;0.03826517901761687;0.0009723652897913088;0.001084900835454517;0.027794020522920352;0.1921032020995769;0.015825047980565495
4481401;7433523;50;0.0;0.0;0.0;0.0;0.0;0.0;0.0
4481998;8095960;37;0.006752138099679314;0.010380885712580244;0.0003106317401158517;0.000361448378908972;0.010380885712580244;0.049035902445091345;0.004404049361084974
4482436;7685154;32;0.0008619354990168239;0.0009915136600074238;-7.526422720060395e-06;7.717352887501775e-06;1.8506848568279935e-05;0.0048918669763547175;6.993585709814002e-05
4484531;7684746;32;5.1801842290830495e-05;6.363799158498558e-05;-3.249485693884342e-07;1.477571731139128e-06;1.8070170972331292e-05;0.00029517573601633746;6.2722789459257615e-06
4484562;5957999;58;0.0005996151578701394;0.0011804107790904178;1.8720400556841643e-05;2.854647924230501e-05;0.0011804107790904178;0.005681189326518426;0.0004437824992661387
4484567;7684298;32;0.036989170787253195;0.041670551544059936;8.435679236145414e-05;0.0006905665175166234;0.0115487031917417;0.21015091569516042;0.0034507571207259375
4484770;5856674;51;0.0005823492327556541;0.0011515621645958954;9.696756678075083e-06;4.608427986947425e-05;0.0011350687113978403;0.005275807254931937;0.0004545732779804057
4484890;6989708;4;0.0;0.0;0.0;0.0;0.0;0.0;0.0
4484891;6989672;4;0.0;0.0;0.0;0.0;0.0;0.0;0.0
4486183;6427931;39;0.06485798782383607;0.09114753571313751;-0.0004269242577634779;0.0017270097924180546;0.015694017474969693;0.4098050580200024;0.009979980963266983
4486202;6427977;39;0.0;0.0;0.0;0.0;0.0;0.0;0.0
4486460;5634524;55;0.0004420581276154008;0.002317842771126444;8.810865806057296e-06;0.00012906485648905865;0.0023014224790136577;0.006152397921925243;0.0007019991432164439
4492412;5762057;15;0.06398017995355629;0.09224207279314316;0.0008617306267000459;0.011764017690057896;0.08711403953686657;0.261666601556262;0.021706310859074863
4492526;8220941;38;0.0029279980722934883;0.004734370583264392;0.0001331764797090242;0.00015263037709359025;0.004718168691491004;0.021826511028774365;0.0019908740520166563
4492613;8220946;38;0.0005836120015469162;0.0009447035184902897;2.6671192606014002e-05;3.0457027787573332e-05;0.000943690900254453;0.0043562266950627196;0.0003984773064096412
4492712;8220737;49;3.677485754726128e-06;1.0853992098293752e-05;-1.1933283455019616e-07;2.650037715116137e-07;1.3007038564809196e-06;2.931479684051203e-05;2.0034976633532136e-06
4492734;5762160;35;0.029083749838722087;0.0783578491310118;0.0016474226222764103;0.006388250467642536;0.07495279810670681;0.22562979936660182;0.024671295465647725
4494734;5134382;52;0.0;0.0;0.0;0.0;0.0;0.0;0.0
4495740;7149059;13;6.985678014040931e-05;9.406753672866972e-05;7.1355005823448605e-06;8.559321133861977e-06;9.406753672866972e-05;0.00028727385466113754;3.831715930258628e-05
4496175;7014395;5;0.0025402805010210066;0.0026241068881561924;-3.950547982417155e-05;3.757106343093739e-05;8.59371642312444e-05;0.00568173663299239;5.831988914601633e-05
4496361;7012791;34;0.0016352691586223535;0.0019736345093299087;-1.2385279554291929e-05;7.972721910081262e-05;0.0006884727655176808;0.009708151055994428;0.0003128906690840826
4502462;6562800;37;0.0;0.0;0.0;0.0;0.0;0.0;0.0
4502856;6561064;37;0.0009080342804696665;0.0011515621645958954;-9.11500130133075e-06;1.1149901945233064e-05;4.9474173760820925e-05;0.0055572063625848956;0.00010068295697797109
4503436;7010313;7;0.0;0.0;0.0;0.0;0.0;0.0;0.0
4503930;6513075;51;0.0006678100947701084;0.004252254723774905;-3.858810363825378e-05;0.00029694289937624136;0.004252254723774905;0.008610478515015316;0.0010038734179345992
4504204;6513296;8;0.00021619773936047226;0.00022404116176930712;-3.432279253710403e-07;4.846837562635064e-06;1.3050253621827904e-05;0.0006115975125530852;3.870034310112654e-06
4506806;5435323;43;0.013894327945663518;0.02248033751757904;-0.0002341095105953292;0.001367822827555873;0.012918411374656578;0.09820913312036274;0.005590238208100826
4514143;8411029;42;0.0;0.0;0.0;0.0;0.0;0.0;0.0
4515730;8412109;7;0.0;0.0;0.0;0.0;0.0;0.0;0.0
4517116;8423125;42;0.0;0.0;0.0;0.0;0.0;0.0;0.0
4520741;6930631;33;0.0;0.0;0.0;0.0;0.0;0.0;0.0
4525877;8121522;8;0.0;0.0;0.0;0.0;0.0;0.0;0.0
4526544;5507324;8;0.006120352893410814;0.00784245120803498;0.0007365086549815872;0.0014537466667382784;0.0050593847952840115;0.01854315635576368;0.0023499705135182555
4538423;7145041;46;0.0001399618963419757;0.0006701371316550431;1.4257162949887881e-05;1.5897120362933295e-05;0.0006701371316550431;0.0020362704910401896;0.0002656120176780216
4539751;8394753;57;0.0015664555632280861;0.0037916403358310012;8.62950371584693e-05;8.151171266876745e-05;0.003774425825821776;0.017478601053351233;0.0017046678020916893
4540910;5818987;59;0.012436215260451794;0.09110980059995924;-1.712360775399576e-05;0.0032005602262169964;0.08837349018947696;0.21454467802429025;0.02501000183597504
4545401;8397749;50;0.0;0.0;0.0;0.0;0.0;0.0;0.0
4547794;7262613;45;0.0007401620002149303;0.001422676582391848;2.6423884478761798e-05;4.662728551857888e-05;0.0010762068120558686;0.005812652934137256;0.00045053409631574346
4548607;5523032;43;0.003274073448385689;0.009021676550223696;9.097024030919384e-05;0.0003501102872557513;0.005062814085250529;0.026064413592501882;0.00225374472496259
4548652;5523027;43;0.0;0.0;0.0;0.0;0.0;0.0;0.0
4549399;6721266;32;0.006354960715789548;0.03013341303698068;-0.00028539751221583215;0.0011253503349179562;0.027082725989730966;0.05491496046257797;0.007338503040963105
4563957;7268063;57;0.0007514316152390436;0.0012801592675544444;1.1688531320773837e-05;4.328812219949106e-05;0.0012547605793105886;0.006454876026358907;0.0004078270314032085
4569645;5379064;48;0.014006858207007455;0.021416624708462825;-0.00015395335042773153;0.001458891579341146;0.012887282121880995;0.10421051547347888;0.0054821905737085005
4570522;7265693;12;0.0041978195528598545;0.006854716408856537;-0.00037330738308668945;0.00041182670653786994;0.0011066525397312949;0.015273434955625982;0.0013483801196023941
4571895;5536985;47;0.002062217016462312;0.009664244201102625;0.00014499408498341032;0.00032454205947420495;0.005064781547931298;0.024344072901840774;0.0028907598624471342
4577503;6690856;32;0.0009160983454817786;0.0010712816767814125;3.6930999559556723e-07;4.384634003392036e-05;0.0008569504805043766;0.005280818878436707;0.00017953849794603998
4583479;7218911;52;0.08271832799473107;0.16972758997864473;0.0008747010932663334;0.012894433053633147;0.11907430789252048;0.688335541951565;0.04763747018832636
4599835;6492232;40;0.09666487523420181;0.15029182419416845;0.003878679053717562;0.00511888426345241;0.04517533453720743;0.6965209065722037;0.052767757468555644
4608805;7033239;66;0.0029428234348617683;0.020993343573988736;-0.00010691254302853552;0.0009564421654282397;0.020993343573988736;0.03944379269754588;0.0038616979654269353
4613031;6490845;58;3.5983587890119377e-07;3.6179973660979173e-06;-2.092006602764919e-08;1.2694727600343567e-07;3.6179973660979173e-06;7.285219161007301e-06;8.863375860978029e-07
4615163;5416058;4;0.0002676456243179754;0.00026919769574382273;4.633631732816887e-07;1.688814778232203e-06;1.97334585934285e-06;0.0005352960870031321;1.1379690933349267e-06
4620003;6445217;49;0.0002561333146072745;0.0013143451383673234;-1.9697607394111764e-05;8.28869248707932e-05;0.0013143451383673234;0.0034577333972677237;0.00042236725432671354
4620162;5417860;47;0.0016426380432784278;0.003764822416364015;-4.005401427815021e-05;0.00022968287117808013;0.002649351754942443;0.014191653116473527;0.0012597265013934527
4622774;5583070;50;0.0021129772746323423;0.010996828596165112;0.0001938446753552569;0.00040363170228858297;0.005847604168041648;0.03004949558604399;0.0036871087231597635
4626818;7365265;35;0.1255680407907422;0.1853273456210621;0.00036372952178174083;0.010928109972102907;0.0920930239181727;0.7783330631304372;0.039259469023815136
4632270;7366586;34;2.775701775871813e-06;1.8296169239565466e-05;-2.8577742370667205e-07;5.56540776584369e-07;1.4101708358948598e-05;3.357797308708347e-05;5.045459766799233e-06
4649136;6625054;38;0.0002547509084894495;0.00037300747903603536;7.4385336691402924e-06;1.2919516740677631e-05;0.0002472717786748649;0.001764663041208629;0.00013057672524854495
4654896;6016303;43;0.016766692026486587;0.09187079255529784;-0.0008797557270616278;0.004389802553249608;0.09146802623835022;0.2166324452628406;0.02846514473902332
4661146;5059883;40;0.0;0.0;0.0;0.0;0.0;0.0;0.0
4662344;5225033;7;0.0;0.0;0.0;0.0;0.0;0.0;0.0
4662486;7177660;9;0.0009266655755384985;0.0009530754916260122;-6.427742197885914e-06;6.79426198529647e-06;1.15495291072847e-05;0.0027804499447056344;1.673351600397205e-05
4665698;7179206;50;0.0009555972090004386;0.0045447937144049095;1.807883662364109e-05;0.0002705181334576436;0.0045447937144049095;0.008654343529489258;0.0007647138109638295
4665757;6075674;42;0.017962686787480357;0.09287124124607396;-0.001007482209264587;0.0045329705894174305;0.09150576519593447;0.2196587125929078;0.02874282896891252
4666280;5331323;58;0.00900086794452348;0.020248739807050137;-7.314534805703581e-05;0.0009708838888742231;0.006709512898633967;0.0841132681012934;0.006400613781053836
4666847;5333552;41;0.0;0.0;0.0;0.0;0.0;0.0;0.0
4666858;5333568;41;0.0012107480347893084;0.0018062152548510087;1.4774045751604761e-05;4.799444394174935e-05;0.0007455260193832251;0.008002690836071056;0.0003100242974011676
4668151;6733055;61;0.009662040045569965;0.05719858094460938;-3.241582206548708e-05;0.0033744081230668087;0.046366458352299404;0.1324477066201443;0.013936471141507149
4677745;5337919;11;0.013296427834686169;0.015982709124236227;0.0005842111085008551;0.0006980572433274108;0.004532204813575743;0.04467766058187332;0.002160564536409388
4678386;5329345;45;0.0030748752780777916;0.004572814207905879;2.848391689323327e-05;0.00022060038782506579;0.002931056118034779;0.02196615596847437;0.0011258912432509569
4680379;5061969;5;0.0007807786598022137;0.0007911129981358259;-5.708215649282021e-06;5.529207037095144e-06;8.618041904998193e-06;0.0017459692589320151;8.149541372434637e-06
4683502;7214128;43;0.0;0.0;0.0;0.0;0.0;0.0;0.0
4684807;5264765;45;0.0009252100047245842;0.0038172271357730407;6.018786011942008e-05;0.00013955282171651586;0.001587101652341504;0.009765526256997005;0.001123930535597552
4685393;7816075;51;0.014971334653461755;0.02681663098912386;0.0006155613985616254;0.0006762642066383362;0.02680095824565231;0.1352283229531814;0.011594044619110974
4687686;7026096;37;0.0009526226623994317;0.00179882842301492;3.433870030962012e-05;6.621384153007983e-05;0.0005588719911381768;0.006370880086904475;0.0004353000026632039
4688074;5739078;71;0.01939293299266001;0.09333009242379522;-8.256684577614317e-05;0.004908609656424639;0.08811757047441982;0.2777907042575539;0.026660510444328846
4696938;6888636;42;0.0;0.0;0.0;0.0;0.0;0.0;0.0
4696952;6888663;42;0.09920588897840554;0.17737611346536367;-0.0011083624049073846;0.014446101803346172;0.1476800625256407;0.7356753872545878;0.05517554717970787
4697021;6888360;42;0.0;0.0;0.0;0.0;0.0;0.0;0.0
4697027;6888375;42;0.0012715118244902878;0.003214275418720632;-3.442491384000716e-05;7.697425559640595e-05;0.0005552362746981728;0.008911865005865816;0.0005236811200392505
4697286;6888989;56;0.0005303044084866333;0.002243845536982249;4.190273125051891e-05;5.917542563357004e-05;0.0019367164186653626;0.007849467646814798;0.0009050026387235821
4697640;5386593;49;0.0009509622068780688;0.002849734542294036;-2.2802391039301494e-05;0.00015900223474493434;0.0026440304535464646;0.009358788831876803;0.0009397655110593133
4698837;5723827;45;0.03261501793281751;0.10149949939522314;-0.0011828100818885832;0.006198917178565958;0.08791996894390867;0.2831316089280361;0.02678939890249627
4700958;5724973;45;0.0;0.0;0.0;0.0;0.0;0.0;0.0
4701038;5724927;45;0.0019078314205108735;0.002559161067416706;-2.0268113670047394e-05;5.237486896153404e-05;0.0006319817631297553;0.012937550017008954;0.00028238144547261925
4701051;5724914;45;0.0;0.0;0.0;0.0;0.0;0.0;0.0
4701079;5724956;45;0.0;0.0;0.0;0.0;0.0;0.0;0.0
4701351;5729753;32;0.024634580846414598;0.06639377757461161;-5.1966520940226215e-05;0.004078157090177341;0.053300635941064656;0.14696519192210356;0.008252206684782019
4702694;5710948;16;0.007619938023777299;0.012473765162407889;0.0007587931205644977;0.0014211648091115292;0.006654384721126611;0.034506113909520394;0.004043950801486426
4703346;5728171;32;0.023865533622866645;0.06563350281013962;-4.368026882894629e-05;0.0040852720906281075;0.05330576637820624;0.14285902648408996;0.008258827104695726
4703358;5728179;32;0.0;0.0;0.0;0.0;0.0;0.0;0.0
4703362;5728156;32;0.0;0.0;0.0;0.0;0.0;0.0;0.0
4703382;5728195;32;0.025457098693897572;0.0672632719093126;-5.989109673507427e-05;0.004076068414747502;0.053294762401874946;0.1513840187379477;0.008252039831354523
4705077;5716649;16;0.0024038143396979796;0.002643840670108479;-2.639985039779296e-05;2.7499040754374656e-05;7.096458973876365e-05;0.009628466760645361;0.00012604515189269143
4705447;5716289;16;0.0015871741409663842;0.001763129106344322;-1.8525260736208726e-05;2.0005383301741095e-05;6.4790676673254e-05;0.006358637318345068;8.885398352510611e-05
4716403;5738869;34;0.06626155637265717;0.09399224467864299;0.0005895678511253194;0.005131329438581618;0.053288906681984057;0.41368100960533394;0.02535152084344795
4718143;7368340;57;2.6071000433814664e-07;6.534346156987667e-07;9.28184736916732e-09;1.776838832869071e-08;6.534346156987667e-07;2.5961799334696672e-06;2.2422877510369784e-07
4719939;6226386;62;0.07656562862139435;0.19226512812818072;0.000613705164585569;0.007519243162491257;0.13830586542954096;0.7475716158079188;0.056139371587368474
4727788;5678011;45;0.0008993221046575332;0.0012801592675544444;-3.1446808958988015e-06;5.0587283761077876e-05;0.0011638471932896713;0.006230629938591615;0.0002321703529269293
4731100;5285915;52;0.0019263003167110447;0.004640568295884488;-6.112027450189478e-05;0.0002627671100342831;0.0030397127837389296;0.01730858204149756;0.0014320110990040176
4739139;5304471;4;0.0;0.0;0.0;0.0;0.0;0.0;0.0
4753084;6113554;43;0.018356121849201105;0.09387711452308975;-0.0008868940269800404;0.004461275225761015;0.09154267737785454;0.22279427027040205;0.02859035325338108
4758949;5232546;7;0.0016748613135496317;0.002296385967472647;7.257040406563983e-05;0.00013156912900676276;0.000748419947895094;0.00448196955752078;0.0002540888981570468
4768295;5884524;28;0.0;0.0;0.0;0.0;0.0;0.0;0.0
4797409;5248536;61;0.001014855810540742;0.0034833217512161225;-1.7191204256558148e-05;0.00017208636446717408;0.0017567855349090388;0.011365696443054872;0.0010429559532703309
4803579;5747288;46;0.03914919061934665;0.10198910822901656;-0.0013796647159756053;0.007769684787330037;0.08782144624339502;0.33555568480334697;0.03025087055913895
4812582;6307502;38;0.054139845049467554;0.16172350497536472;-0.002497394726347954;0.006176025689461781;0.13994684167056406;0.4629177748899771;0.052040014734067344
4814034;6826656;38;0.0;0.0;0.0;0.0;0.0;0.0;0.0
4814041;6826627;38;0.012529953110222331;0.051657559819624756;-0.0007169138080506493;0.002240167765567199;0.026836388753404883;0.10591463477112326;0.011756208114522167
4819935;7815042;52;0.014160399302496398;0.025838111525230495;0.0005913608567545824;0.0006402047364360709;0.025807971633939056;0.13037029935366287;0.011239983332560495
4820705;6574794;46;0.0;0.0;0.0;0.0;0.0;0.0;0.0
4823754;6817188;38;0.0;0.0;0.0;0.0;0.0;0.0;0.0
4826205;5755430;8;0.0;0.0;0.0;0.0;0.0;0.0;0.0
4828089;5191040;42;0.0004674756475499412;0.0015461001665846529;3.148166514176117e-05;4.575913155947128e-05;0.0009133579760422118;0.004207785527077834;0.000450583030710311
4828960;7089833;66;0.0013395778037689208;0.006834496006470529;1.5213003963306603e-05;0.00030904103057468013;0.006834496006470529;0.013203738854950499;0.0009203407311607018
4832635;5387981;37;0.0005316834927040421;0.0018746726215091113;-4.084083607163706e-05;9.266020928089707e-05;0.0017710082252421825;0.004796960817623994;0.0005824320314945699
4836096;5791653;47;0.04059242655158065;0.1030643957150546;-0.0013774517246859688;0.007692231354971474;0.0877837072858108;0.34718253037117347;0.030279439695093474
4846555;7029504;40;0.0;0.0;0.0;0.0;0.0;0.0;0.0
4852235;7032442;53;0.0033920749329480982;0.019034054380186544;-0.000229180324489556;0.0007534625392915416;0.018348598364506738;0.04718584317044916;0.005522982276689638
4856515;5174812;22;3.688836945791052e-05;0.0007649422566825642;9.404716986343394e-06;3.648410473606586e-05;0.0007586007326367733;0.0007651288065674807;0.00015890041921845044
4863568;6049479;49;0.028991947407896214;0.1458235039524268;-0.0005304646077365738;0.0062991563064819095;0.09729858084566814;0.3524226618680158;0.04116061493945966
4864833;7049596;51;0.05855459274057463;0.21703908189662657;0.00027554133068798044;0.011035323139881693;0.11950188231666976;0.5377215486818769;0.04733771183181995
4866417;6050952;36;0.057817962924540695;0.15283240551200084;-0.001667561456793087;0.007914798994032893;0.09995947795334593;0.4260540228192654;0.041223316028442654
4878122;6414231;55;0.047525402230460825;0.16724038867335475;0.0001891417772971797;0.007056728826029586;0.13997088574305205;0.5162743339458363;0.050867506282503076
4879766;5926668;31;0.0007795530909756506;0.0009612000177264232;9.08433500609645e-06;3.852469625624287e-05;0.0009612000177264232;0.004578429853362325;0.00026170817600470173
4880460;6151141;41;0.0009328949211411449;0.0012801592675544444;-9.9314300395335e-06;2.155990490809403e-05;0.00031590917013876675;0.006029017638547645;0.00012755136663894465
4883473;7032728;59;0.002190684319832844;0.018879756288141796;-8.778644855529107e-05;0.0009503605587776469;0.01841207536077693;0.034792335594423476;0.003964588692528272
4887996;6680652;29;0.0;0.0;0.0;0.0;0.0;0.0;0.0
4888191;7001337;23;0.05541427915126879;0.11789474382533817;0.0052582129081860055;0.004983248701322465;0.08046148672355863;0.333256703433479;0.04192796965432954
4889759;7028172;9;0.001529359667027102;0.0017539535398783308;-4.4193570312830383e-05;5.020376117724926e-05;7.506609967597097e-05;0.004602046537301557;0.00011942613306326973
4889876;7027874;10;0.00039061096720654625;0.000405466462167585;-3.094597260746587e-06;6.51649393634636e-06;1.62869134182582e-05;0.0012356301810147181;1.00631367581371e-05
4890175;7027896;9;0.0;0.0;0.0;0.0;0.0;0.0;0.0
4891113;6847046;57;0.12269416671543704;0.2583732057416268;-0.0010569202943350752;0.02218317506306741;0.19416001186443796;1.0270210516619716;0.058744511268074485
4891292;6846552;9;0.0310729171570137;0.031828242600759706;7.464276838837842e-05;0.0005885413628908026;0.002587900887451134;0.09324219465572292;0.0006969168925422913
4891720;6846506;29;0.0;0.0;0.0;0.0;0.0;0.0;0.0
4891779;6846525;29;0.01546916671528552;0.052899015127621137;-0.0012107610233540985;0.002879507912289923;0.026827119124153552;0.10905659883256694;0.013069816902173435
4899248;5979734;20;0.0006743813014286933;0.0010575790905052599;3.0973407152668e-05;4.928399906880325e-05;0.0006518102025243105;0.0032029787378313112;0.0002411711011570725
4901117;7029076;46;0.017796893519498792;0.05452598804335874;-0.00032553184357249587;0.00370455583613084;0.032672396839322215;0.14026064117645606;0.010533068209617752
4902588;5207850;53;0.0017964876331470296;0.005853894774681219;4.935500668834948e-05;0.00030080518322924153;0.004864718780204034;0.019088676813215966;0.0019098902874187206
4905967;5358878;25;0.009559653754352337;0.014070982322652368;0.00012435234774549857;0.000936622857645902;0.007867996028095296;0.05203676518624527;0.0041141241277864215
4910734;7004337;8;0.019099385453458687;0.022621836428179883;-0.00031313489142241897;0.0008873793347845752;0.0046838292682343415;0.05415811059781027;0.0013605488748265743
4911971;7004719;6;0.0;0.0;0.0;0.0;0.0;0.0;0.0
4912616;5929003;29;0.0022675767357208786;0.0028711427510438457;3.6234971179434066e-05;0.00010201688344485133;0.001865769747367409;0.012705984533468884;0.0006519683630376127
4913004;5344305;44;0.0004955674886512769;0.00107283115992538;2.6829606837416854e-05;3.533939613290825e-05;0.0009377620358385995;0.004355329900252305;0.00043072519620650674
4913182;7004391;7;0.018892730952752106;0.01924595371173874;1.2898759140869753e-05;0.0002223879043623094;0.0008567558964224509;0.049989690451582636;0.00024558137246392356
4913737;5928949;29;0.0031921183730648163;0.0038471927640169996;2.675464550267305e-05;0.00011414680493545503;0.0018591976543766318;0.017499998199645893;0.0006088702218758836
4914636;6443857;6;0.0;0.0;0.0;0.0;0.0;0.0;0.0
4915335;6443722;42;0.035587202744326106;0.16289072276543612;0.0005474412900133821;0.008753911917308501;0.13615698830454828;0.34327300780149805;0.03923236635135311
4915565;7039962;41;0.004688585787251501;0.00654874812012617;3.6269436850043994e-05;0.00027572697042783185;0.003002486650581806;0.03081786606097938;0.0010870026419894814
4916375;7039962;7;0.004853653324831183;0.004923923001376595;-2.970556244799961e-05;2.894535441848673e-05;7.965676233611524e-05;0.012842634401740416;6.279694402573734e-05
4919684;7005126;39;0.01682306695744611;0.024012917307798348;0.00013106737466715482;0.0014864799194284344;0.012451068801891467;0.10676473296870963;0.003042858446727321
4921275;6911542;36;0.016919646041571573;0.01997716411274217;0.0001377186943597967;0.0008531112564240576;0.006559854612878651;0.10255227172479804;0.0024214850684511277
4927263;5560146;43;0.0;0.0;0.0;0.0;0.0;0.0;0.0
4933174;6384820;34;0.0;0.0;0.0;0.0;0.0;0.0;0.0
4934402;6371201;38;0.004264748217819485;0.12998578779710857;-0.0004174602059860664;0.007008130598065884;0.12998435268052327;0.1301833926177858;0.020683433985059264
4934486;6373042;38;0.021992651669552374;0.1489800615458056;-0.002544901873155865;0.0042004378935325435;0.1230052317922254;0.31753133672077866;0.046579426833231644
4934500;6373002;38;0.0;0.0;0.0;0.0;0.0;0.0;0.0
4937198;5846758;38;0.037699362277284834;0.0695988687085004;0.0014471530049695702;0.004008207309180753;0.055479903033069114;0.285596592243124;0.026929840955886263
4938749;5927749;29;0.00411647044271044;0.004823242776990154;1.730845718724822e-05;0.0001262843917673204;0.0018526255613858546;0.022383022983480272;0.0005749116757787194
4938881;5925458;50;0.06660465504997086;0.14623098602424525;-0.001668155100755722;0.0077840601019528955;0.09173727245348132;0.5276662386285185;0.033651940708401426
4939715;6836700;31;0.0;0.0;0.0;0.0;0.0;0.0;0.0
4939882;5927697;43;0.0037991101219462375;0.005799292789963308;0.0001180850041801481;0.00020246358579479462;0.003459210012169422;0.027698930667532887;0.0018464393025987385
4940284;5854188;38;0.0;0.0;0.0;0.0;0.0;0.0;0.0
4941424;5927741;43;0.004837422972911377;0.006774277246153739;0.00010303766387705645;0.00023960653054450707;0.003471998706492501;0.0336118058828862;0.0016948970669043465
4945044;5904180;10;0.0;0.0;0.0;0.0;0.0;0.0;0.0
4945051;5904111;10;0.0009761578628269735;0.0019686800894854585;-0.00017764006707646123;0.0002723300883804459;0.0006081358717983838;0.003536996289777953;0.000546031228256568
4945109;5903815;66;0.007860952803137514;0.06997970462071253;-0.0002123360090048414;0.002579296161071604;0.06460298676612;0.1557322536300314;0.01748336551769006
4945152;5904152;10;0.001876862382943482;0.003292068173245088;-7.076205762803568e-05;0.0005627856283921061;0.0020361812030724033;0.006201693000219857;0.0005687593536719293
4945539;5890942;39;0.0;0.0;0.0;0.0;0.0;0.0;0.0
4945543;5890964;39;0.0;0.0;0.0;0.0;0.0;0.0;0.0
4945578;5890956;39;0.0009231867282517132;0.0012266032453487393;-1.0000539027710419e-05;1.297186852577077e-05;4.9474173760820925e-05;0.005812096668608235;0.00011786476514697817
4945582;5890934;39;0.006590772645252618;0.014678155423695058;-0.00022503754341970003;0.00047966675053835945;0.006560117114997813;0.046123824832423464;0.0033332595072994593
4945675;5890720;39;1.974520360651721e-06;4.161503801013534e-06;-5.3464386596281594e-08;7.668804897500316e-08;4.724432366621541e-07;1.306418771597088e-05;6.910138435591386e-07
4947047;5875252;58;0.002837180334843735;0.011280039614978367;3.930785723541643e-05;0.0003817973639779631;0.0067305205015555725;0.031439661512331726;0.0029987812621285193
4947253;6372243;38;0.003649348133772841;0.13078101772441394;-0.0004239093244433037;0.007074412118312848;0.13078101772441394;0.13087970818162026;0.02091550911924234
4947913;5929000;27;0.006898740233977068;0.00774819614556145;-1.6421960649339882e-05;0.0001550033507812743;0.0018329627403100004;0.03596374860689044;0.0005574598417848908
4948394;5929092;27;0.0;0.0;0.0;0.0;0.0;0.0;0.0
4948676;5929072;27;0.007802231220580501;0.008717320039446912;-2.4465627836100197e-05;0.00016440225500466508;0.0018265064727615923;0.040650617447833604;0.0005726085330176629
4953771;5928935;27;0.00870805067760227;0.009689107825289178;-3.255330369668736e-05;0.0001738558618475385;0.00182000565696612;0.045353614113232854;0.0005943049109057726
4953790;5928933;27;0.009605953335201685;0.01065183837847831;-4.049135006626312e-05;0.00018312347978417104;0.0018136563052106678;0.05001832296305074;0.0006213922876208629
4953820;7170417;47;0.0009720334872044613;0.0014279851354618183;-1.1088394748402854e-05;2.8828939877606562e-05;0.00031590917013876675;0.006756346755167136;0.00016244892909117033
4954067;5928916;27;0.010508047239554107;0.01161936393718969;-4.850861204872737e-05;0.00019248956243587227;0.0018072267666104994;0.05470696115101075;0.0006536808906401988
4955632;7115224;58;0.0032562649958330554;0.007521989687594783;3.0424924782463537e-05;0.0004442022587992603;0.007521989687594783;0.02626013795666787;0.001134153683894804
4956209;5930226;27;0.0009086136215237807;0.0010507228620436169;-8.140486269179496e-06;1.0023424885633379e-05;3.86253124770588e-05;0.004733114585739981;6.433374347693858e-05
4956531;5930042;27;0.01322643699878676;0.014535792851499212;-7.278924310001989e-05;0.0002208722640122856;0.0017877064999252557;0.06884448642289977;0.0007750781894893749
4958680;5913510;50;0.0;0.0;0.0;0.0;0.0;0.0;0.0
4958692;5913482;50;0.02622106289055114;0.08220184522468063;-0.0001710923903563897;0.0039718470792929825;0.05561397675904434;0.22807615997867048;0.018783784387127203
4960032;5902753;52;0.0;0.0;0.0;0.0;0.0;0.0;0.0
4960551;6770856;37;0.0;0.0;0.0;0.0;0.0;0.0;0.0
4960573;6770859;3;0.017914805408785053;0.046874497658418446;-0.021746681491738168;0.02174668149174515;0.04338571376540989;0.04712560042557754;0.020477641929409183
4960624;6770865;34;0.001995877474466409;0.002399411908845871;-1.7741925691237495e-05;2.0411924690423317e-05;9.491582070236208e-05;0.011683274141010882;0.00017648365106847554
4960655;6770828;34;0.0;0.0;0.0;0.0;0.0;0.0;0.0
4961825;5905596;50;0.0;0.0;0.0;0.0;0.0;0.0;0.0
4963617;5913303;63;0.022519060981493328;0.08959201429124757;0.00041608908399815746;0.003719884063194532;0.060286691285377295;0.2448662448452628;0.02108624282309783
4964755;5202918;38;0.0005772337329034605;0.002507563881094791;1.2989492612232397e-05;0.00013995735471227953;0.00242466767125088;0.0065091505178989685;0.0008841809581010285
4965831;5858081;38;0.004163984709323851;0.010253242933895217;-0.00019621786222660267;0.0002565074647330795;0.002901020254580616;0.030209748679128;0.002584140426136483
4968510;6780459;37;0.0;0.0;0.0;0.0;0.0;0.0;0.0
4969259;5860446;44;0.0021969363028548263;0.00483922612873098;-9.098130383118246e-06;0.00022072294592931496;0.0037379743418375555;0.01597478496069099;0.0009865743453653611
4969276;6780765;34;0.0020026993548418774;0.0023347218818916935;-1.8193067233499336e-05;2.3614041545485965e-05;7.939698663468565e-05;0.011725194043434155;0.00018091396688883123
4969842;5860637;44;0.0015105459478864636;0.0038818233594554575;-7.1397088756515866e-06;0.00017542544804297378;0.002418372079121522;0.012134251758598278;0.0010318023404713187
4970462;5914154;62;0.0;0.0;0.0;0.0;0.0;0.0;0.0
4971823;5912712;63;0.02465917483292401;0.10137334285941096;0.0006255794642375898;0.003955608076891351;0.0740885162456275;0.2789106467898044;0.025034081523262763
4972135;5913203;49;0.010105363396746076;0.016474573417661495;0.0003423309737665225;0.0006185063473316206;0.00801791882606371;0.08132343887634726;0.005731583837521794
4972312;5913224;49;0.0;0.0;0.0;0.0;0.0;0.0;0.0
4972435;5860262;44;0.0;0.0;0.0;0.0;0.0;0.0;0.0
4973099;5115880;59;0.0032778332033440902;0.008913658697501606;-3.802293365993118e-05;0.0004752531994885063;0.0066625909782333835;0.03610532865601953;0.0033690704781843624
4974694;7356861;35;0.10935364334484896;0.1682212370941436;0.00021868898316918572;0.010434896100413489;0.09224479330447893;0.6901318273753956;0.04061817440111115
4976911;5126741;45;0.00028448896833633137;0.0016812785205747552;9.644718490499055e-06;7.99197939164108e-05;0.001616734949575091;0.0037925793633753107;0.0004885722836949882
4980534;7359017;49;0.0;0.0;0.0;0.0;0.0;0.0;0.0
4982432;6180541;44;0.0;0.0;0.0;0.0;0.0;0.0;0.0
4983511;5911574;58;0.022644431672603545;0.0988117443537478;0.0006764113378069034;0.004003789040782245;0.08800777638051152;0.2620808781349419;0.025912887922814508
4986001;6545256;46;0.09808032403042995;0.1668155349569299;0.0034554589306978177;0.011430009760388134;0.12480782954217375;0.7656524474453816;0.05589492705282184
4990363;7819352;52;0.013635676333619314;0.024858462131240253;0.0005694813043270658;0.0006168343495095549;0.02481506068778058;0.1255074967521197;0.010816373760567813
4991119;5908146;30;0.0;0.0;0.0;0.0;0.0;0.0;0.0
4994496;6804643;36;0.005202168293278891;0.006991750387976803;2.035204760878043e-05;0.0003098538235934627;0.006991750387976803;0.03225692900870327;0.0013566450736924019
4999613;6029159;48;0.0014541394473553927;0.003018839084412855;-2.3724186968682183e-05;0.00012582870848691166;0.0020445922298939195;0.011168269761703754;0.0006957192908114383
4999681;6685712;18;0.014252974534657062;0.01515768162356796;-0.0001424241316493151;0.00031502779717780354;0.0027405644729302115;0.06064820968472714;0.0010942842009008427
4999745;6685780;18;0.014827991065653927;0.015734370089946628;-0.00014055389504916612;0.00030660416026520484;0.002580225642532916;0.06306858878310435;0.0010540701093140618
4999853;6685905;61;0.023680055519312116;0.1814545562446218;-0.0003915045536147528;0.012834578220727921;0.16783111793298566;0.34812972022370586;0.03776303494631992
5001964;5906295;32;0.08375609505710534;0.10185619484905445;-9.064492296526927e-05;0.005693875766398775;0.10125080382939797;0.496190787813468;0.026054406546730725
5004353;7017303;40;0.0;0.0;0.0;0.0;0.0;0.0;0.0
5007403;6361487;34;0.0010511192553246608;0.004664916404946608;-9.634790432717336e-06;0.00028410406941521997;0.004664916404946608;0.008202205070494446;0.0009348043298774541
5010087;6564796;9;0.00852219668313264;0.008677430639316197;-2.380749412569666e-05;0.00010826693914774816;0.000206464467857553;0.02556849329198603;0.00010398849742042663
5010723;6564945;49;0.018629930618048764;0.18123102182922365;-0.0009355833838424004;0.014030050567008198;0.1672362948424276;0.328893940641965;0.043133533231867936
5010787;6564940;9;0.0;0.0;0.0;0.0;0.0;0.0;0.0
5010806;6564940;9;0.01002627601880439;0.01019113577024396;-3.3778822226410046e-05;0.00010975509959843801;0.0002183468606141263;0.030080951269163395;0.0001191320511566821
5011070;6565000;9;0.0107411751126597;0.010907267777702179;-3.98767190450235e-05;0.00010885712204414385;0.00022363608568872623;0.03222584173464968;0.00012879367621986188
5011507;6565322;9;0.011479502528670544;0.011649172290227272;-4.5210172560279274e-05;0.00010904472233912925;0.00022933901142992326;0.034441031067734725;0.00013897092297306726
5012613;6080938;31;0.00083735337452731;0.0027073568277881633;-1.3507519906476728e-05;7.040339546549408e-05;0.00188101754278742;0.005036550563402483;0.000342234624712222
5014274;5975144;33;0.0017652857211311957;0.002039867842604665;-1.5408102750192556e-05;1.5850104350694154e-05;3.844385676100197e-05;0.010176174702528075;0.0001475887229609176
5027037;6711552;47;0.0014264556857143341;0.002919115428506201;4.255999392135148e-05;9.723018645762411e-05;0.0013757058039872874;0.011078322888386687;0.0007592658033150996
5033768;6100751;58;0.0005177149792795458;0.0020915654658440926;1.2924000939709397e-05;6.755010795027466e-05;0.002078169690335857;0.005799062313086328;0.0005583759289282127
5034252;6714872;3;0.0022667721252566265;0.002281360530955802;-1.6810761570865558e-05;1.6810761570864013e-05;2.3477829185928733e-05;0.003926240242283224;1.408115292281897e-05
5034252;6715022;3;0.00288076714562634;0.0028979531242134273;-1.981620239363288e-05;1.981620239363091e-05;2.770687381326237e-05;0.004989717919299511;1.660192978989437e-05
5034257;6714731;43;0.0016092539832620308;0.002442963581918799;1.947726663364793e-05;8.480550629137831e-05;0.0011992250108502833;0.010942095120643765;0.0004412565349800945
5041743;6710339;3;0.0;0.0;0.0;0.0;0.0;0.0;0.0
5048185;6101590;48;0.0010347946319731393;0.001512603971620365;-9.068889354446033e-06;3.386967736862387e-05;0.00031623601584321065;0.007239657965710844;0.00014536239220050022
5053093;6051554;47;0.0009720334872044613;0.0014279851354618183;-1.1088394748402854e-05;2.8828939877606562e-05;0.00031590917013876675;0.006756346755167136;0.00016244892909117033
5055971;5777422;40;0.0;0.0;0.0;0.0;0.0;0.0;0.0
5057106;6914030;53;0.003360249484626073;0.006030436927019511;0.00012654188038390654;0.00021397930407673297;0.0036789319254892476;0.03030258318276655;0.0024564466121999922
5097058;6325944;46;0.024930601366384798;0.14964108612615573;-0.0018821534696777367;0.006789201658502816;0.12576206051756617;0.371489511174101;0.04877050343096549
5097319;5138823;39;0.003158366769982743;0.007083705790086185;-0.00010541563828967804;0.0005131784144355286;0.00557110181846582;0.025877171647509505;0.0026822879010428443
5101456;6926579;32;0.0;0.0;0.0;0.0;0.0;0.0;0.0
5103276;6747818;36;0.0;0.0;0.0;0.0;0.0;0.0;0.0
5116120;6868703;37;9.178313503832313e-05;0.0011515621645958954;-1.3693057261755053e-05;3.244598938316529e-05;0.0011093451204242204;0.0019608985171936273;0.0003090276674076389
5116293;6868707;33;0.0009135682156906936;0.0020404706404304938;-1.3161466985406799e-05;3.9816824648102124e-05;0.0010331379590668263;0.005386268478708499;0.00021104795727867895
5116403;6320280;61;0.00023847439496095649;0.0013387812806246219;-2.8209676732637916e-06;4.8100665659209296e-05;0.0013288903772884202;0.003642925707678071;0.0004008563671361708
5116536;6868371;33;0.004346810580041766;0.005030448791285527;-2.7549363357385267e-05;9.921371282822142e-05;0.001972455420856016;0.025084435392870297;0.0004156683468133444
5116764;6869299;33;4.1224963047717547e-07;5.649650484372785e-07;-4.803525426350759e-09;2.5565331621365725e-08;5.649650484372785e-07;2.4392228744280913e-06;1.0172247193556579e-07
5116823;6869180;32;0.0008779273824861453;0.0010067677163152302;-7.6114534256426285e-06;7.766527764462513e-06;1.9204902670686233e-05;0.004982383901026145;7.069779253036419e-05
5128312;5806117;47;0.0014212510879805058;0.003446937084873851;1.2995386086892956e-05;0.0001536828671989913;0.0012799958447022224;0.011029677182667922;0.0007539387350926248
5131081;6283524;36;0.0;0.0;0.0;0.0;0.0;0.0;0.0
5138330;5838781;53;0.004678639048526188;0.007813195109307478;0.00013095126169016178;0.0002954691509548863;0.0021269368372734488;0.03855152452996599;0.0024803677687813067
5162722;6909154;34;0.0;0.0;0.0;0.0;0.0;0.0;0.0
5166821;6317596;8;0.0;0.0;0.0;0.0;0.0;0.0;0.0
5167222;6320153;37;0.0008773567477291846;0.0011515621645958954;-4.271180342305555e-06;4.2679588372950854e-05;0.0011515621645958954;0.005440051615266135;0.0001734570321184967
5183061;6547437;44;0.0;0.0;0.0;0.0;0.0;0.0;0.0
5183067;6547410;44;0.01064300519525277;0.18149609803863387;-0.0005374879933498804;0.0045263526923998935;0.16672666295078303;0.18796920573584983;0.026262826166541256
5183097;6547407;44;0.0006209731944099351;0.0009134500843224708;-6.330903864099164e-06;2.9548268895798615e-05;0.00035333433343027695;0.004190555258185072;0.00011619089036548641
5183456;6545822;46;0.0003121931966406748;0.0007279704855444448;-6.743421813031976e-07;3.462690647491403e-05;0.0007279704855444448;0.0022271415461520634;0.0001018084554098637
5191982;7834601;52;0.01310876923482941;0.023877682807153137;0.0005477283049832519;0.000593388727504992;0.02382222540717689;0.1206399153853219;0.010394449313745353
5213280;5068956;27;0.0;0.0;0.0;0.0;0.0;0.0;0.0
5215982;6088656;47;0.0;0.0;0.0;0.0;0.0;0.0;0.0
5217666;5100223;47;0.0;0.0;0.0;0.0;0.0;0.0;0.0
5218799;5125586;51;0.003944458249394674;0.0056866415925969655;5.0567547418084324e-05;0.0004584362437806503;0.0056866415925969655;0.03124293008052741;0.0018923187616204699
5221716;6397428;13;4.407593768465921e-05;4.975093694171534e-05;-7.954804084777708e-07;9.266943943290204e-07;1.9176577541957435e-06;0.0001592917712725999;3.0245243618026295e-06
5234985;6350550;37;0.0017845070839052671;0.0023015744474090237;-1.3371928780147915e-05;5.376154666771541e-05;0.0011665057360111834;0.01093362450106634;0.00021553955099020753
5236070;6348879;8;0.0;0.0;0.0;0.0;0.0;0.0;0.0
5237659;6350967;8;0.0;0.0;0.0;0.0;0.0;0.0;0.0
5245397;7852584;52;0.0;0.0;0.0;0.0;0.0;0.0;0.0
5246342;6687239;66;0.15434026736254852;0.267259056732741;0.0009561975473522264;0.024502696050757906;0.22019087022837963;1.3716494497555445;0.0684505590725616
5246386;7847187;39;0.016783442790905805;0.022908202784034767;0.0003864857063841574;0.0007626474994496797;0.022829236268851194;0.11582206961944269;0.00789202402660241
5248456;6626292;33;0.0;0.0;0.0;0.0;0.0;0.0;0.0
5253837;5485388;31;0.0;0.0;0.0;0.0;0.0;0.0;0.0
5255827;6400628;6;0.0026218094621716977;0.0033565867960772423;-0.0002828975456671193;0.00027562321940773304;0.0005399562360379711;0.006533786310403549;0.0004910964627610587
5256541;5108905;9;0.003932580604100417;0.00400737169584929;-1.9137608498630786e-05;2.2576734813521075e-05;4.294927264026629e-05;0.011798740196928148;5.11624481288835e-05
5257747;6544557;52;0.023018537509747576;0.1801252188362363;-0.0011442307784920037;0.013038333207325397;0.16505768178323307;0.33403569091097146;0.040198422091547704
5264149;5711129;42;0.004054683956651024;0.005862160640143893;8.397430497280074e-05;0.0002555118049521126;0.00217001517204299;0.02828971339869017;0.0016169377338075964
5265448;7007252;58;0.0003596318322162365;0.0017295557096743811;-1.8757881579991106e-05;7.234941519337554e-05;0.0016532493463042273;0.005283504709684943;0.0005932666557837
5267846;6984090;33;2.5830973875591987e-06;3.6167869549728103e-06;-4.816225926918735e-08;5.4554688907115245e-08;2.2699666434913965e-07;1.5075617539539074e-05;4.633639988486687e-07
5271692;6387890;61;0.0005268135673751748;0.006753614396926499;-3.9608563684169766e-05;0.00022557228305375372;0.006753614396926499;0.013126562931843385;0.0015959845606233819
5271715;6390094;57;0.0027929627883022928;0.020099079971691438;-0.00014095848993808473;0.00037773175248394746;0.010204932862629863;0.04024475190267807;0.004540274956717843
5271723;6390109;57;0.0;0.0;0.0;0.0;0.0;0.0;0.0
5271737;6390037;61;0.003932727940627579;0.03710575139146567;-0.00014436188554414533;0.0007467195977170747;0.0158976977001905;0.05204175692864449;0.00537891629627996
5271747;6390054;61;0.0;0.0;0.0;0.0;0.0;0.0;0.0
5273377;6990902;33;0.001764424688668676;0.0020386622469530076;-1.5392048663769477e-05;1.583286049122572e-05;3.8409805341372465e-05;0.010171172061565448;0.0001474349574632451
5275148;6992040;33;2.5830973875591987e-06;3.6167869549728103e-06;-4.816225926918735e-08;5.4554688907115245e-08;2.2699666434913965e-07;1.5075617539539074e-05;4.633639988486687e-07
5282247;7008012;43;0.06215467436690447;0.21364307168776153;-0.0005932313957911751;0.010407594523057836;0.11957585156795675;0.5211013539994032;0.04951599898290012
5286151;5638371;36;3.2052416313056834e-05;0.001153886987270046;-5.197689131847606e-06;3.296819963628703e-05;0.001153886987270046;0.001153886987270046;0.00018962465214916784
5288030;6443727;16;0.0;0.0;0.0;0.0;0.0;0.0;0.0
5288732;6913225;51;0.0006139340686545869;0.0011093451204242204;1.997603444560763e-05;2.9040621861657613e-05;0.0011093451204242204;0.005316772155907276;0.0004211422163135837
5300055;5079103;47;0.0023985666297101664;0.0034992063525478823;2.5591399019732738e-05;0.00022112329852419797;0.002867838774719259;0.017687585326801834;0.0009504080474891874
5305956;6389335;8;0.017987105892067458;0.026428065918511778;0.0008949918538640965;0.005162434507163252;0.0174311634413502;0.05486130954786506;0.0072584042523743475
5316387;6384182;52;0.08008618824841612;0.16716869920746794;0.0007810383407286218;0.01004907843915869;0.12213148467975567;0.665576994100948;0.04588347753823615
5317486;6378196;63;0.0042891258294819115;0.047825190682333533;-0.00010167798467358956;0.0019441621857850119;0.047825190682333533;0.06717037045674355;0.007295217876230116
5317846;6368965;9;0.0;0.0;0.0;0.0;0.0;0.0;0.0
5320455;6374987;45;0.0029310137995318367;0.011462150724453493;5.694268107793386e-06;0.0004744451186525129;0.008983410624858301;0.023208652809914465;0.0018381976683944045
5321614;6371144;12;0.0;0.0;0.0;0.0;0.0;0.0;0.0
5321952;6368511;9;0.0;0.0;0.0;0.0;0.0;0.0;0.0
5328780;5543291;37;3.065876994071519e-05;0.0011181007290874084;-4.837000242248532e-06;3.1058353585761344e-05;0.0011018269703683547;0.001118219153658459;0.00018125952345234727
5330536;7083194;52;0.0008750691168947602;0.0031712265886496703;6.329238195007751e-06;0.00011689758486139277;0.0027709776550862023;0.008294223904164238;0.0007464706739380417
5331291;6371399;37;0.0;0.0;0.0;0.0;0.0;0.0;0.0
5331711;6371725;37;0.0018156024522600945;0.0023023493883004074;-1.821906513947827e-05;2.2290639056913807e-05;9.888422384469889e-05;0.011111510571882416;0.00020124030256297767
5335053;5591699;35;0.0023073131238054074;0.002948928396182536;1.409938456038097e-05;8.910204216255043e-05;0.0009684320470014216;0.013938681019815656;0.0004768211337959516
5336128;5592181;53;0.0020739536460083526;0.003914322841328472;8.464535547378229e-05;0.00012127278045337906;0.002208931889361905;0.01875908595534729;0.0015291832103493915
5336354;6386832;28;0.0037805554414972096;0.004596949367686979;-3.97026205318068e-05;5.1120543256217374e-05;0.00019712721091996732;0.020084909320848953;0.0003386315914386973
5336537;6386488;28;0.002836943247374081;0.0034500368484393852;-2.9815766418530584e-05;3.837158076830786e-05;0.00014803777922080437;0.015071892602572598;0.00025432199335287896
5337117;6380077;9;0.0007858500905709953;0.0008007558502956582;-3.816044304132683e-06;4.507259872012706e-06;8.575760839580715e-06;0.002357749017982756;1.0204291824060191e-05
5337195;6379576;9;1.9980907472638313e-06;2.1554666225993493e-06;-3.4432186780415725e-08;3.5553714081778354e-08;5.690913895704955e-08;6.000325919611827e-06;8.982169550682862e-08
5337922;6391045;37;0.08815818737289821;0.14455642340244615;0.0005839120894155153;0.01247836870120802;0.13766642393715536;0.5778251614761322;0.0353831824468731
5344770;5623370;33;0.003990733168670427;0.004888241740736182;-1.65628824976965e-06;0.00013157929375776773;0.0009555865647173619;0.02302907438416927;0.00038066435606286866
5354386;5572584;8;0.0;0.0;0.0;0.0;0.0;0.0;0.0
5354543;5619386;21;0.0;0.0;0.0;0.0;0.0;0.0;0.0
5354617;5619730;11;0.0;0.0;0.0;0.0;0.0;0.0;0.0
5359680;6485831;53;0.0;0.0;0.0;0.0;0.0;0.0;0.0
5359719;6485817;53;0.07072224760459075;0.1592852255194235;0.001033033044163997;0.010103451792270315;0.13827009580282315;0.6110823880361411;0.04521123602559009
5365830;6480936;53;0.0;0.0;0.0;0.0;0.0;0.0;0.0
5367652;6813779;35;0.0;0.0;0.0;0.0;0.0;0.0;0.0
5369478;6951033;35;0.0;0.0;0.0;0.0;0.0;0.0;0.0
5371878;6700420;59;0.0;0.0;0.0;0.0;0.0;0.0;0.0
5371906;6700393;36;0.0;0.0;0.0;0.0;0.0;0.0;0.0
5371911;6700422;59;0.0038654441501269478;0.016483516483516484;-9.412467579598027e-05;0.0002954371464193208;0.003829629442605677;0.03578110394897048;0.002599639967314063
5375338;6282776;46;0.0;0.0;0.0;0.0;0.0;0.0;0.0
5375364;4974484;47;0.0011327163828826396;0.001750655759101684;1.1236459128807141e-05;8.939061817852293e-05;0.000955963580044678;0.008434352984715959;0.0004801402561132341
5375687;6722788;59;0.0012786061394218155;0.003287868279777041;3.506819985206521e-06;0.00013129323530213915;0.002869883880083006;0.011350101343415494;0.0007407007055798161
5377216;7350523;57;0.00010663571184288599;0.006078235575044501;-7.879486096765081e-06;0.00021707984196587504;0.006078235575044501;0.006078235575044501;0.0007979885978216635
5382021;6700979;59;0.0016284880465062214;0.003421317939316095;6.069972164497372e-05;9.669907815441713e-05;0.003336895478297393;0.01607385358934499;0.001314213971901291
5383635;6973975;42;0.00022882001524002145;0.002629766596639871;-2.8114663476213777e-05;0.00010702411580392123;0.002430314261446993;0.004611469732769438;0.0006737703424355824
5386713;6545267;32;0.08521419548833323;0.11279717712697121;-0.001168936662662848;0.005905538531339351;0.09716676871043911;0.5105159177893505;0.029717319607605798
5388804;6984598;37;0.044302817208520195;0.10943431274338748;0.002228651382621007;0.0036847246157479746;0.06847256841539935;0.3325392205144196;0.0320307991621368
5395741;7926462;35;0.0171090678507893;0.020928565254310545;0.00015828692706345754;0.0007804842349140703;0.02084417355869451;0.10600841058388234;0.005325346452094011
5396889;6963903;52;0.010160831598480432;0.030343929727787364;0.0003577770504888802;0.0017487110796026032;0.029165760041777275;0.1116769671733755;0.011687546841423133
5397149;6556471;63;0.06797927098809645;0.16236174085821603;0.0010979729497059795;0.010775824787924427;0.1373713382003801;0.64460890339891;0.04443404554934914
5398901;6554193;35;0.0;0.0;0.0;0.0;0.0;0.0;0.0
5399982;6339890;12;0.0;0.0;0.0;0.0;0.0;0.0;0.0
5401178;6340247;37;0.0;0.0;0.0;0.0;0.0;0.0;0.0
5409408;6985841;37;0.0;0.0;0.0;0.0;0.0;0.0;0.0
5410710;6985779;34;0.0;0.0;0.0;0.0;0.0;0.0;0.0
5412463;6731370;43;0.0;0.0;0.0;0.0;0.0;0.0;0.0
5413109;7355792;49;0.0020260006120297784;0.004826408486374622;-2.919052198881756e-05;9.62809130149864e-05;0.001798016113719954;0.014671616565257674;0.0005369431072480143
5413111;7355784;8;3.86244211984457e-05;8.088160954402993e-05;-8.239893573647571e-06;9.108185083836833e-06;2.3226445082673304e-05;0.00012316810308752438;2.0110986782289875e-05
5413119;7355762;49;0.0;0.0;0.0;0.0;0.0;0.0;0.0
5413142;7355789;8;0.002394270402475865;0.0033768071984632496;-0.00025453588804904474;0.00025949366950338385;0.0005437762457030215;0.006979030739300325;0.0005965131996363643
5413143;7355798;49;0.0;0.0;0.0;0.0;0.0;0.0;0.0
5413147;7355798;8;0.00478854080495173;0.006753614396926499;-0.0005090717760980895;0.0005189873390067677;0.001087552491406043;0.01395806147860065;0.0011930263992727286
5413605;7356647;57;0.002488379211593231;0.004512336479549594;1.954381760049505e-05;0.00015623608138822892;0.004136064753475411;0.020727310967435398;0.0011598218798627353
5426749;6510677;49;0.0;0.0;0.0;0.0;0.0;0.0;0.0
5433948;4893532;15;0.0008138114892942139;0.000875748912681939;-7.765262251628697e-06;7.792126065455634e-06;1.923895409031574e-05;0.0031547742881814643;3.4893846412483036e-05
5449417;6966935;22;0.0;0.0;0.0;0.0;0.0;0.0;0.0
5452169;7529578;41;0.0;0.0;0.0;0.0;0.0;0.0;0.0
5467579;7143507;40;0.0;0.0;0.0;0.0;0.0;0.0;0.0
5472861;6962117;23;0.0;0.0;0.0;0.0;0.0;0.0;0.0
5477035;6944745;40;0.00018769128303647528;0.0009490090734526047;2.2546700126889065e-05;2.544155795506325e-05;0.0009414645058048784;0.002654455497887765;0.00037540022912724264
5482022;6613461;52;0.0005159542288225168;0.0034808313296240167;-4.7302427689609086e-05;0.00017655587186757082;0.0034808313296240167;0.009014431276986107;0.0011386320689844814
5483030;6970350;58;0.03597434558112227;0.21750206897349977;-0.00021128794435017014;0.00843700453147624;0.12071381433222061;0.4442015825340113;0.04591110988043567
5506738;6604241;63;0.0031736831190952827;0.060131116224547386;-0.00016574609899053979;0.0026161801833764074;0.055612410886169916;0.06816201035393213;0.007979643733784982
5507105;6590145;65;0.0;0.0;0.0;0.0;0.0;0.0;0.0
5507111;6707154;62;0.0;0.0;0.0;0.0;0.0;0.0;0.0
5508336;6591506;63;0.22453391674060222;0.3649421390383448;0.0016142325089140818;0.024143530879571405;0.27689199606485504;1.886474944786527;0.07793082932086304
5509006;7210791;35;0.0;0.0;0.0;0.0;0.0;0.0;0.0
5509334;4792218;47;0.0;0.0;0.0;0.0;0.0;0.0;0.0
5515069;6611081;39;0.0004026902306134134;0.0005773309640807147;5.669757906056965e-07;3.104492818888196e-05;0.0004863062224252434;0.002655945778158079;0.0001367976725217963
5519307;6708847;51;0.0018159550366704579;0.002559161067416706;-5.392572168687774e-06;7.64340140659176e-05;0.0011093282345190345;0.013135664030326247;0.0002924991054773585
5519587;7394963;32;0.0;0.0;0.0;0.0;0.0;0.0;0.0
5519778;7396849;57;0.005474942253006699;0.01678293398038621;-0.00010696927270560542;0.0005261013999217894;0.008131615292020392;0.0468192886765218;0.0029123789328689385
5529600;6498439;49;0.0001967485869022626;0.001256214635016886;7.874498147419867e-06;5.483132402245634e-05;0.0011503006875938527;0.002482115703116813;0.0002949959545798459
5532253;6626035;49;0.1874077744250357;0.30718269463996634;0.003326699781085496;0.021725919014562518;0.2597778761534006;1.4629094348741962;0.09248739492842005
5538934;6527024;53;0.0026147773078140915;0.0038008989952406135;2.8598356062568447e-05;0.00017608227548701592;0.0031729836900678734;0.020247563161413636;0.0009476845107754921
5542448;6619439;39;0.0;0.0;0.0;0.0;0.0;0.0;0.0
5544106;6527091;29;0.0;0.0;0.0;0.0;0.0;0.0;0.0
5544106;6527099;29;0.0;0.0;0.0;0.0;0.0;0.0;0.0
5549974;7381052;49;0.08627458376555705;0.17586564438528574;0.0027110229019418884;0.011110243923255497;0.16555970547077645;0.7315585823022615;0.05898046597209872
5565884;7388530;36;0.0;0.0;0.0;0.0;0.0;0.0;0.0
5566352;6537083;29;0.0;0.0;0.0;0.0;0.0;0.0;0.0
5573728;7381022;57;0.00564128422208941;0.019411586290567183;-6.036704611287031e-05;0.000571049023469636;0.008270951915866524;0.05285537255944995;0.004145844275131982
5573890;6481306;11;0.006597740709812286;0.008869962311079845;0.0007053094060193667;0.0006874188602066219;0.0035716925325576434;0.023507628183355018;0.002589780187123811
5578729;8033509;46;0.012433998270027878;0.01995400054575624;0.00045402126640483285;0.0005664475924976012;0.01986237527623026;0.10116914606098681;0.00824014261916558
5586410;6563767;31;0.0003062200899482809;0.00037430643617479407;-5.73480011477989e-06;5.185270446103341e-06;8.523475468505097e-05;0.0017328511953486401;5.5613939159890486e-05
5592117;6553366;39;0.0017156838422523817;0.003377060334522483;-8.98326415260792e-05;0.00010352779713594452;0.0011203142696632668;0.012621511742936182;0.001068227478187114
5599105;6559879;36;0.0;0.0;0.0;0.0;0.0;0.0;0.0
5599285;6564976;63;0.00032492724408140675;0.0006848649205513163;1.5174140953163753e-05;1.623673872819483e-05;0.0006121793075479502;0.003602948928143377;0.00031697591416659626
5601383;6561611;36;0.0018016385403954013;0.0023000245656262567;-1.7590973986727038e-05;2.1943252982642057e-05;9.869185281387001e-05;0.01086899001927029;0.0001887453127031408
5601392;6561588;36;4.088242357824918e-06;6.974468022451587e-06;-8.857708219151294e-08;1.1908321878668293e-07;5.771130924872858e-07;2.5225016479075998e-05;9.804666635836324e-07
5601393;6561613;36;0.0009008192701977007;0.0011500122828131283;-8.795486993363519e-06;1.0971626491321029e-05;4.9345926406935007e-05;0.005434495009635145;9.43726563515704e-05
5601582;6561298;36;3.1797440560860466e-06;5.424586239684568e-06;-6.889328614895453e-08;9.26202812785312e-08;4.488657386012232e-07;1.9619457261503553e-05;7.625851827872696e-07
5602023;6578907;10;0.005200819408857619;0.0066797642436149315;9.093604038653201e-05;0.0011601738109504166;0.0029450404898999716;0.01670646798750181;0.0009284851846917955
5603045;6566581;36;0.002700186564838754;0.003446162143982468;-2.6337251489984154e-05;3.2850873071527454e-05;0.00014771716083608957;0.016289593745447133;0.000282577174022356
5603087;6566617;36;0.0035941920977734135;0.004584550313424843;-3.498511001302844e-05;4.363048035554149e-05;0.0001961012320888791;0.02168241574633125;0.0003753275055670512
5603092;6566610;36;0.002696552571631799;0.0034399626168514;-2.6258516305813907e-05;3.2748462827630366e-05;0.00014720417142054503;0.01626736812940878;0.00028171193329741404
5604175;6566117;36;9.084983017388707e-07;1.5498817827670194e-06;-1.968379604255844e-08;2.646293750815177e-08;1.2824735388606362e-07;5.605559217572444e-06;2.1788148079636276e-07
5622163;6569035;39;0.0043877121087471625;0.00661602998329598;4.873250225130078e-05;0.0002393928929130425;0.005015563695647861;0.02976021195418566;0.0018594287180126927
5622918;6567061;50;0.06997082671656128;0.2230295590779311;-0.00035101417787779813;0.009993739345446987;0.1660931938390804;0.6145282331292932;0.051545925104329746
5623175;6567263;39;0.0;0.0;0.0;0.0;0.0;0.0;0.0
5625233;6524762;47;0.0009930456488788807;0.0023660530667405336;1.9149140945286725e-05;0.00011487751571690477;0.002171056175502447;0.009709145837441887;0.001009728727390438
5639240;6933018;55;0.016882376992359165;0.09924296381184947;-5.4444396984668204e-05;0.0055930407027928375;0.09322266316518327;0.18702782751894123;0.018734315794715628
5640877;6561635;63;0.006313522388436483;0.020993343573988736;-4.040897556063036e-05;0.0008825963888460798;0.007554735644176494;0.05693979127890882;0.0034061667676285375
5642107;6885058;41;0.0;0.0;0.0;0.0;0.0;0.0;0.0
5647531;7923726;32;0.0;0.0;0.0;0.0;0.0;0.0;0.0
5656192;6573740;3;0.0022898160826913816;0.0024311840400383766;-0.00015941458843719852;0.0001594145884372259;0.00021355448170791826;0.003972726165372057;0.000132639998210019
5656201;6573785;41;0.0;0.0;0.0;0.0;0.0;0.0;0.0
5656261;6573776;41;0.0;0.0;0.0;0.0;0.0;0.0;0.0
5656269;6573758;41;0.0027960347717462465;0.003834690464202418;-2.971137492611825e-05;6.462584883087007e-05;0.00094854462467741;0.018069390248164313;0.0003816726890131007
5658320;7377345;57;0.0071266596570059215;0.029036497826306743;-0.00014328301281366727;0.0007231826437282859;0.008683991420521687;0.07172940898666802;0.0062829751517379665
5658366;7377292;57;0.0004374787420399393;0.0012878656575577253;-1.848469890921602e-06;7.363265860928021e-05;0.001240078753418255;0.003934825908047755;0.0002832691018517929
5658878;6561886;44;9.877241705882893e-07;2.641781088810076e-06;-1.764390228054142e-08;1.0836937692182429e-07;2.641781088810076e-06;7.416615355033307e-06;5.239670723798478e-07
5658976;7379574;57;0.00036690118524794046;0.0033768071984632496;-3.32474263380545e-05;6.320059907011787e-05;0.0015683271313290394;0.007163285453648435;0.0008749889136689123
5659364;6392499;49;0.0005221602871983494;0.0011740532800855307;3.1416329056594613e-05;3.106643704359768e-05;0.0011740532800855307;0.005236761772914225;0.0005357382271874886
5673586;6396374;49;0.0031218977923028056;0.004754048539052663;-3.760852749606897e-05;0.0001079417295480009;0.0009487080475296325;0.02222578374933423;0.000578869725897965
5673612;6396384;49;0.0;0.0;0.0;0.0;0.0;0.0;0.0
5681659;7018921;47;0.012967599058183057;0.02793629012496937;0.00017313834798641283;0.0022667501488867936;0.02793629012496937;0.11941914640515744;0.011630368481245044
5687493;6268354;33;0.0006216610210673709;0.0009590121964527041;-1.7794996477508838e-05;6.678634756826065e-05;0.0006559647827669671;0.003972873946711935;0.000303038519787907
5689785;7370130;50;0.0006626126620976697;0.001480759677480989;6.184833810456059e-07;9.788143545031915e-05;0.0013541379068156049;0.005247930784511561;0.00033430526530152377
5698635;6660681;39;0.0;0.0;0.0;0.0;0.0;0.0;0.0
5709073;6250587;56;0.00013923049180715683;0.00109166686257596;-2.5392465463907856e-07;4.9552699158830605e-05;0.00109166686257596;0.0026263865449295113;0.00032216729826094746
5719541;6582400;47;0.0;0.0;0.0;0.0;0.0;0.0;0.0
5742119;7036374;8;0.0016136463299621618;0.0016449928482133642;-1.7567281053017939e-06;1.7556633777728756e-05;3.788908470473665e-05;0.004564273442309841;1.481650503701123e-05
5743838;7361074;48;0.008539975041064766;0.01118941435922568;5.952043340503705e-05;0.00041092361952342924;0.004649673898636653;0.06083752870784279;0.0020438350470640774
5744509;7361868;57;0.0002470910173729018;0.003497641125752399;-2.0231134247215917e-05;0.0001494215738434598;0.0032127816610949505;0.00602480432540572;0.0007587870147050379
5756451;7048218;37;0.016344131755659175;0.02827084864820714;-0.0004153396886277681;0.0029621194614028214;0.02827084864820714;0.12078130358563201;0.011275768698587601
5775545;6919336;10;0.00034929439387136444;0.0005151542073911811;3.0457720667581526e-05;7.171619765345651e-05;0.0005108432741459825;0.0012420487048860989;0.000179616048673162
5779783;8116588;42;0.012299718486160117;0.01796927833059608;0.0003725101460922383;0.000562376040461651;0.017871625082811815;0.09133469295883646;0.006880159526555499
5782407;6921670;41;0.0;0.0;0.0;0.0;0.0;0.0;0.0
5783818;6919727;58;0.0026354660882432915;0.005100960119450666;7.689953425949062e-05;0.0002076056604008615;0.002110798227303082;0.023917042421514986;0.0017078691657285352
5785254;6919708;11;0.0001808247394049604;0.0004963003237804614;-2.9160980252471204e-05;7.85509877436467e-05;0.0004779729216566635;0.0008238757828451801;0.00017031998104348077
5785788;6918451;5;0.0025171147269359875;0.0025533434807327757;-2.1085011065210606e-05;1.9633592902365245e-05;4.528978106499177e-05;0.005628866414102691;3.099795161981931e-05
5790465;6872763;31;0.0;0.0;0.0;0.0;0.0;0.0;0.0
5790530;6872765;31;0.0017488043504759602;0.0019777030368656632;-1.510564921092486e-05;1.4823721246962572e-05;3.8460882470816833e-05;0.009766308004699015;0.00013595014492927992
5790544;6872655;31;0.0;0.0;0.0;0.0;0.0;0.0;0.0
5791124;6876856;58;0.08352950871330422;0.25648905324930116;-0.00024325412210283344;0.013273310536565892;0.16370594060870491;0.8148033544140325;0.06685394972766527
5792183;6872702;52;0.0;0.0;0.0;0.0;0.0;0.0;0.0
5792220;6872673;52;0.003121339141677027;0.0059923010309539;-4.6501661470005723e-05;0.00012062698670274576;0.0010472703452724134;0.0232424179763714;0.0008036763537903173
5792518;6872680;52;0.0;0.0;0.0;0.0;0.0;0.0;0.0
5801971;7145383;28;0.0;0.0;0.0;0.0;0.0;0.0;0.0
5802028;6965143;8;0.02887700645404266;0.029838062320465444;0.00025972212605159217;0.00069646815874471;0.0017762675618526805;0.08172120904884804;0.0009555099705752338
5812068;7413592;53;0.0;0.0;0.0;0.0;0.0;0.0;0.0
5815819;7055166;37;0.01690098007990709;0.028861553540798824;-0.00041786932517940653;0.0029882058050684454;0.027752208420374604;0.12341958450203737;0.011226895933527081
5817188;6491948;44;0.004778006623682018;0.00899804165391009;0.00021175071748268795;0.00033831362525831737;0.008049391593306001;0.03947672529832354;0.0035481126841589083
5819136;6962364;32;0.0;0.0;0.0;0.0;0.0;0.0;0.0
5819470;6939932;50;0.07188234265264114;0.22889386599996528;-0.0021121293690402037;0.013158292701366361;0.18588560253714992;0.7027225843761825;0.06862440838808818
5825566;7327706;57;0.011793797926551691;0.03516327974926701;-0.0001990974486548053;0.0008888755109666668;0.008950168818483772;0.1003290794759819;0.006123846150041853
5825608;7327650;57;0.0005850561882532234;0.005085921245280111;-5.100138461712091e-05;0.00019844371417448978;0.004616699299595472;0.011372968019144761;0.0013881315802307045
5828250;7333684;57;9.183251627725165e-06;0.00010110201193003741;-7.900364895028691e-07;2.302597378916695e-06;2.9033056353341635e-05;0.0001701405548949656;2.057970304964278e-05
5829888;6812340;41;9.59755674975571e-05;0.0004914088118705706;1.044500724034993e-05;1.6173594950554404e-05;0.0004914088118705706;0.0012530421395284656;0.00017054081205406603
5830207;6620985;54;0.0;0.0;0.0;0.0;0.0;0.0;0.0
5841527;6939174;48;0.0;0.0;0.0;0.0;0.0;0.0;0.0
5843615;6793199;57;0.0013255187486019603;0.016681831968456174;-6.933805247369151e-05;0.00038295274807184724;0.013539625505312238;0.019617949773278777;0.0022349494911356065
5843649;6793239;57;0.0009179617316505991;0.0026478130238385953;5.322769596589049e-05;9.614572997657663e-05;0.002563418905692263;0.010863129034841443;0.001107995734391071
5843760;6793451;57;0.00030145895905784036;0.00090906425031524;1.9159552686277465e-05;2.0291382801328836e-05;0.0009086061661606;0.0037419804821755133;0.0003934195608992936
5844166;6768707;21;0.0;0.0;0.0;0.0;0.0;0.0;0.0
5846953;6943953;48;0.000852863361623752;0.0012801592675544444;9.255357215343294e-06;5.645161729977947e-05;0.0010569557495123838;0.006373071429761453;0.0003446615367536218
5849900;6691168;47;0.0003294527982478718;0.0014279851354618183;-3.078274048682395e-05;4.549544308990135e-05;0.0011093451204242204;0.004314023865770286;0.0005361299866118533
5853902;6835749;52;0.0;0.0;0.0;0.0;0.0;0.0;0.0
5856805;7325691;46;0.014797990307479717;0.018996359764108083;-7.665304211417951e-05;0.0004959730811843302;0.007537634291394379;0.10100995068559873;0.001680491316970197
5857394;7319977;11;0.025328007994945733;0.04098675563643717;-0.0028873955456917098;0.0033898681726020384;0.009208691834717637;0.0895559988244077;0.009359919611761115
5857399;7319911;11;0.004949661316317222;0.006644233815382771;-0.0003391623560597325;0.0012361539278529505;0.004651895311803797;0.017453380817949008;0.0017870718398245253
5857779;7331169;46;0.0019201126286963906;0.0026190613746220654;-2.0829488383481707e-05;5.379318561824192e-05;0.0006327988773908654;0.013177126657424182;0.0002964416369477576
5857800;7331124;46;0.0;0.0;0.0;0.0;0.0;0.0;0.0
5857815;7331148;46;0.0009628098883519891;0.001319159589423614;-1.0536448048762297e-05;2.7031460554101962e-05;0.0003157457472865447;0.006608770948966434;0.0001499072847461061
5857950;7331110;57;2.6349906250056785e-06;2.0220402386007482e-05;-1.4957268763645972e-07;4.214935143985049e-07;5.806611270668326e-06;3.3392770852980184e-05;3.552405007901127e-06
5857965;7331235;46;0.0;0.0;0.0;0.0;0.0;0.0;0.0
5872297;6752510;63;0.19597918396279276;0.33423201379970285;0.002458006329759109;0.021616173079148066;0.28240546300168073;1.7066094225696373;0.08844528097275055
5872596;6752383;45;0.0;0.0;0.0;0.0;0.0;0.0;0.0
5872857;6752250;45;0.0019078314205108735;0.002559161067416706;-2.0268113670047394e-05;5.237486896153404e-05;0.0006319817631297553;0.012937550017008954;0.00028238144547261925
5873408;7075755;36;0.10166178399753818;0.2518017233249847;-0.0020452036027079775;0.013105844708720496;0.19638991467414907;0.7198745611027529;0.06371706643929105
5899948;7299184;60;0.017491066002071034;0.052937013446567587;-0.00025787235794469735;0.002046209729871188;0.052937013446567587;0.1558696649770388;0.009949128158391569
5906639;7238478;55;0.0011759260662884711;0.00224128073184677;4.3350109190043986e-05;5.6670505861453926e-05;0.0022369753820909192;0.011031388372573519;0.000910917750910715
5906715;7239412;42;0.0046597073081574006;0.007262272318876092;8.350101778442936e-05;0.0002521373157134889;0.006768592213538535;0.03371622615812575;0.002313743997664887
5907443;7238584;55;0.00832625407900489;0.025629893341437646;-8.822042864179955e-05;0.00110659511422759;0.022003819861006454;0.07287209981261758;0.005217775643722124
5907484;7238638;55;0.0140999926012081;0.04619948090470894;-0.0002714064070866578;0.0016670082437249642;0.03254153834104621;0.1281924064682961;0.009998867710128775
5907534;7238649;55;0.0;0.0;0.0;0.0;0.0;0.0;0.0
5907542;7238606;55;0.0;0.0;0.0;0.0;0.0;0.0;0.0
5908538;6807365;39;0.0;0.0;0.0;0.0;0.0;0.0;0.0
5913167;6442456;40;0.0045514669511645105;0.009006747563917098;0.00019777985204037717;0.0004990430039301823;0.009006747563917098;0.038307247401387155;0.003996283107993515
5919452;7118927;48;0.0014022321464371695;0.002485667279427195;6.637414066875715e-05;6.726947385473454e-05;0.002485667279427195;0.012516543733907613;0.0011391117464455945
5923927;7114617;46;0.0011784379739749797;0.0021735161542141977;5.297720607161502e-05;6.878812053113872e-05;0.0021735161542141977;0.01008795962872963;0.0009075287847823355
5924358;7114875;29;0.0028157613686500198;0.003162956527578421;-2.1721573499419125e-05;2.5937706136913634e-05;6.0398382166658264e-05;0.015195801298751102;0.00018434662261830956
5924367;7114878;14;0.0034514144876964105;0.003938220964045679;-3.925980647610145e-05;0.000221296605571165;0.00094854462467741;0.012961153005157863;0.00029517787624984697
5924375;7114858;29;0.0;0.0;0.0;0.0;0.0;0.0;0.0
5924378;7114855;17;0.0003504286643287673;0.0020152303277757725;0.00010208366337326876;0.00012913167041274606;0.0020152303277757725;0.0034396437219844176;0.0007570665020471208
5924398;7114889;43;0.0;0.0;0.0;0.0;0.0;0.0;0.0
5931940;7129309;59;0.053483606626038856;0.23109475836635227;0.0011795347700810695;0.012341755580831287;0.19970494613968123;0.603601535819785;0.05757317224193922
5934558;7129936;7;0.007418052225748761;0.01003231103342338;1.9716910152733222e-05;0.0017668105414823092;0.006558587374626644;0.02034715380662401;0.0020288693636344377
5934628;7129953;3;0.011997373311094609;0.016483516483516484;-0.004814400037330387;0.004814400037329974;0.00579917063205427;0.02188182601960671;0.003958257649313288
5934638;7129926;3;0.0;0.0;0.0;0.0;0.0;0.0;0.0
5934639;7129923;3;0.0;0.0;0.0;0.0;0.0;0.0;0.0
5934644;7129910;10;0.04666790510241054;0.07722171671216257;-0.0009274713686126245;0.01141816773318954;0.04851899732668197;0.15336728256375123;0.013200718520268306
5934653;7129959;10;0.0;0.0;0.0;0.0;0.0;0.0;0.0
5934668;7129916;10;0.0;0.0;0.0;0.0;0.0;0.0;0.0
5975069;6762050;45;0.0004208054378456188;0.000807894011777507;-2.950347064219728e-06;2.907886688349146e-05;0.000807894011777507;0.003013771983610481;0.00015736347350961587
5979619;7061894;32;0.00027901729683503095;0.0030203031489456906;-4.748540890386445e-05;9.742913383695776e-05;0.0029441333906602882;0.005155205318980547;0.0008675562124976621
6006460;8241446;3;0.0;0.0;0.0;0.0;0.0;0.0;0.0
6006645;8241549;44;0.011114478336911043;0.016980589495830842;0.0003760210115947405;0.000508359285587953;0.016878113865439946;0.0864340660440161;0.006801497345217585
6009101;7098206;42;0.0038248760980597405;0.006377646983928561;-7.35305977490708e-05;0.0001511672867713365;0.0015828143077382733;0.0256850453709528;0.0010382576379563645
6013898;7121216;40;0.0;0.0;0.0;0.0;0.0;0.0;0.0
6013927;7121234;40;0.07161756856848107;0.23146503934834808;-0.00015271342065746005;0.013806792850605657;0.19968228394052656;0.5969901745482724;0.0614886622477537
6013982;7121211;39;0.0;0.0;0.0;0.0;0.0;0.0;0.0
6014002;7121226;39;0.0016253735160021586;0.0024251163400406373;-2.3174890087622062e-05;3.268590594126678e-05;0.0003958366276185161;0.010315069374534254;0.0002939096585044962
6021493;7161230;40;0.0;0.0;0.0;0.0;0.0;0.0;0.0
6021494;7111443;60;0.14820663310157947;0.3900364047474817;0.0028125798093336274;0.020783273166628213;0.29065850357820033;1.3734770244919106;0.09734190354011484
6025012;6679742;61;0.0;0.0;0.0;0.0;0.0;0.0;0.0
6075420;7026203;53;0.050773022385946;0.23090091497821066;-0.0010301109978631182;0.01193157230361955;0.15783662012761346;0.5319763240432426;0.05255188268816793
6089520;6356988;32;0.0017727637040374803;0.006493214544757245;-0.00012451050072267278;0.000290082379213904;0.0028248391433184396;0.0141394199315903;0.0017620751189166765
6100873;6358629;44;0.0019407958091184933;0.01009284997297506;-1.6639381879364246e-05;0.0006201878974563887;0.01009284997297506;0.0173896674558329;0.0017623992287504632
6110310;6902937;29;0.0;0.0;0.0;0.0;0.0;0.0;0.0
6115413;7039103;37;0.029128957561552753;0.03219026968717961;6.122946920467031e-05;0.0006226593984140192;0.0037965839199231716;0.1773835778369385;0.0013811026459670016
6124087;6782343;42;0.00047178958671104034;0.0005765560231893312;-1.7302046455564481e-06;1.7621236471959957e-05;0.0003346959410810329;0.0030891397654117425;6.799809115514042e-05
6128284;6347614;60;0.0;0.0;0.0;0.0;0.0;0.0;0.0
6142794;6373735;28;0.008600923774558091;0.010730396678535278;0.00018899314535850373;0.0004398451084238437;0.007773154208747101;0.047262396421342424;0.0024083871438228986
6152599;8409281;42;0.010985934245600508;0.01599077073096873;0.0003338442216243837;0.0005031775107893398;0.015884678313622863;0.08152881153534348;0.00612942854075616
6164351;9089172;15;0.0;0.0;0.0;0.0;0.0;0.0;0.0
6164830;7295729;23;0.0;0.0;0.0;0.0;0.0;0.0;0.0
6169631;7182847;28;0.0;0.0;0.0;0.0;0.0;0.0;0.0
6205070;6611115;49;0.004843607486503967;0.01460601497953826;-3.039177634858066e-05;0.0007310016888930209;0.009708965381695583;0.03799182764576886;0.0024487098943315336
6213970;6491942;60;0.0020007853979102414;0.011192185931588295;8.91744190491584e-06;0.0005622359663448945;0.009965582686239555;0.022302940592539715;0.0020705580027491188
6214799;6743636;54;0.19624394272993712;0.3338385459948125;0.003670621348356276;0.022204432299255093;0.2896094150575967;1.612079729867657;0.09805233507218854
6215678;6801224;6;0.0018734179182704938;0.0019086564856060503;-1.6627884771462758e-05;1.538227015395509e-05;3.525872259264504e-05;0.004589470559308027;2.907414594169159e-05
6220656;6590415;6;0.002358169771048362;0.002405845943597126;-2.4455560854891655e-05;2.591471485164651e-05;4.552846230118212e-05;0.00577736671543865;4.5052099730302645e-05
6221063;6627258;40;0.0;0.0;0.0;0.0;0.0;0.0;0.0
6223210;6806015;6;0.001095202869253445;0.0011207342179136368;-1.1742224445458967e-05;1.0723900054987033e-05;2.673933650695448e-05;0.0026831632913547343;2.061269490587865e-05
6226293;6798461;12;0.0;0.0;0.0;0.0;0.0;0.0;0.0
6226761;6534567;42;0.0033466864218965092;0.012322407536097599;-0.00010220389234156149;0.000754445502741978;0.009871281797300627;0.026471694296638485;0.0023418428776002314
6243133;6781235;44;0.0011479759238030814;0.0016449801993124156;2.7471486400869118e-05;6.16555874417441e-05;0.0012255628693984858;0.008240358703310179;0.00047477668931232027
6243230;6781080;22;0.0017735692433957359;0.0020504747656214014;-1.0992955000450423e-05;4.4915924439322664e-05;0.0003332571582676791;0.008350440286929649;0.00015488999629540727
6247185;6799282;39;0.0003354387324057158;0.0008519944962837899;2.2455003527255745e-05;3.521291635640447e-05;0.0005487804009509182;0.0028629555935861255;0.00031248664160683006
6253326;7288036;34;0.0;0.0;0.0;0.0;0.0;0.0;0.0
6253843;6819949;39;6.190862367470915e-07;3.0073368995893652e-06;7.228619496119947e-08;9.34128303416799e-08;1.976436696914385e-06;7.642572549042947e-06;1.055649905480851e-06
6267484;7294159;12;4.8830800077174676e-05;6.833093401089314e-05;-4.655082637943006e-08;7.953645241192226e-06;3.608087511902718e-05;0.00017954878520450233;1.73791106271497e-05
6268135;7292687;57;0.006308329658190332;0.016803154382772217;-0.00013427659331979337;0.000392221282647091;0.0026615810835393487;0.052171796559766795;0.002820912011658766
6272735;7324171;66;0.004726954570133735;0.010427419241776972;0.00016752424423111111;0.00030190818988237424;0.005060943337805715;0.04762192400859611;0.0034665874380778016
6273781;7385318;50;0.000876590190889472;0.002431007105854966;3.664903069914486e-05;9.683057883557294e-05;0.001544138369577068;0.00795347157753035;0.0007048005674855983
6274505;6342549;44;0.0006748663443497138;0.008334298509767586;-2.468967975260998e-05;0.00041424152617426375;0.007650220907147016;0.009140760689103791;0.0012014569217779982
6275203;7386820;6;1.112321599403779e-05;1.1941328273748316e-05;2.5751595869319254e-07;4.801114561907091e-07;1.2485748529861294e-06;2.7279035862706635e-05;5.462284776425111e-07
6275726;7386644;6;0.000794037107087649;0.0008025520724811577;-2.502742047774745e-06;3.3629896228939015e-06;7.873155421687385e-06;0.0019450179689959447;4.570469056429787e-06
6278209;7305991;57;0.0006616965210726582;0.006753614396926499;-6.200664292941636e-05;0.00012324989222833627;0.0037234903674923103;0.014501962303205445;0.0018032616664178623
6278230;7305935;57;0.00029468007734533263;0.0033768071984632496;-2.7753665970452318e-05;6.03001285439866e-05;0.0015404163048650665;0.006542419692125183;0.0008149220562535473
6278463;7306090;50;0.0013222722615958238;0.003446268183880883;-3.8446451725206595e-05;5.5863603413192185e-05;0.0005575681787299677;0.010577513128553442;0.0006994796250847296
6278521;7306050;50;0.0010103206884724283;0.0017295557096743811;-1.3550717984355596e-05;3.3218404256784995e-05;0.00031590917013876675;0.007310968114691687;0.00021967521918816676
6279939;7309099;12;0.0;0.0;0.0;0.0;0.0;0.0;0.0
6280008;7309086;12;0.0;0.0;0.0;0.0;0.0;0.0;0.0
6280075;7309378;19;0.0021334127111790084;0.003718758107757502;-3.237806682644799e-05;0.00018558642621354678;0.0006889366129749393;0.009913143884754764;0.0007878309848019979
6280166;7309410;19;0.0035089033641452524;0.006303637700055478;0.00011065302617572955;0.00043229628468347713;0.006195710443026715;0.019042317189135793;0.0026023692683921802
6283489;7386387;36;0.0;0.0;0.0;0.0;0.0;0.0;0.0
6288382;6806420;22;0.24839245751660977;0.3064575020727964;-0.005563816453318709;0.008672086318046597;0.08944399756449536;1.1821457153803743;0.04269053943901988
6289592;8914675;17;0.0;0.0;0.0;0.0;0.0;0.0;0.0
6300085;9119628;15;2.2787795013285556e-07;4.2103313109708605e-07;2.035662349000765e-08;5.912018002185825e-08;4.2103313109708605e-07;1.0850702927933656e-06;1.6298305391489784e-07
6307317;8849814;35;0.0003994161642749271;0.0008899758676290758;3.432836440237088e-05;2.9802723161546803e-05;0.0008899758676290758;0.0033946013865822616;0.00041195194046472614
6321140;7581315;49;0.0;0.0;0.0;0.0;0.0;0.0;0.0
6321882;7522640;3;0.0;0.0;0.0;0.0;0.0;0.0;0.0
6324069;7505020;5;0.0;0.0;0.0;0.0;0.0;0.0;0.0
6327435;7545172;13;0.0;0.0;0.0;0.0;0.0;0.0;0.0
6328270;7541656;50;0.0;0.0;0.0;0.0;0.0;0.0;0.0
6334925;7541326;29;0.0;0.0;0.0;0.0;0.0;0.0;0.0
6347322;7212979;57;0.002948285980305788;0.018305514716480727;-0.00021491236235334006;0.0007511854281548684;0.017941547473532594;0.04286002940193219;0.004851326238816421
6349742;7532550;3;0.0;0.0;0.0;0.0;0.0;0.0;0.0
6350964;7532847;40;0.0013448032429856209;0.005073822774679495;0.00010326098535391445;0.00014470241643473698;0.0015174268819186107;0.012224445287118408;0.0013883194164525483
6362043;8779266;45;0.0009359856923652816;0.001778220264698562;4.6579922580653694e-05;5.119031807375842e-05;0.0009916599378921186;0.007703678914862322;0.0006653913483261996
6362629;6129247;48;0.0;0.0;0.0;0.0;0.0;0.0;0.0
6368029;8768856;36;0.0;0.0;0.0;0.0;0.0;0.0;0.0
6369001;7523603;5;8.366529823299438e-06;8.624292642151562e-06;-1.3088340828496215e-07;1.2911650809734136e-07;1.8321795014289986e-07;1.8712747066233003e-05;1.8590123400187797e-07
6371155;7524098;10;0.003987175539329472;0.005750054589125846;0.000436754352881712;0.0004001108117838447;0.001499288209240635;0.01326688917334901;0.001305168974640926
6371159;7524073;10;0.0;0.0;0.0;0.0;0.0;0.0;0.0
6371165;7524073;10;0.0007912783902872906;0.0008221502710085733;-4.671369612862663e-06;6.165680360334799e-06;1.923895409031574e-05;0.0025026439289844177;1.4183532444724423e-05
6371171;7524071;10;0.0019676054798975938;0.002363056183949528;0.00010688198986831046;0.00010088647180431306;0.0007785237864103315;0.0063285396015890115;0.00036547233050533386
6372494;7524205;60;0.003695189206930893;0.011129768853128157;0.0001392324965436464;0.0002930039090455313;0.0031794255057295134;0.03589533597328243;0.0027964553400501788
6373380;6834442;11;0.0;0.0;0.0;0.0;0.0;0.0;0.0
6377457;8533012;47;6.195172639296348e-06;2.1792902051801728e-05;-1.3529372615111852e-07;9.55299625429397e-07;1.1407274284012189e-05;4.8931538046576554e-05;3.5443323236476716e-06
6378704;8537061;44;0.0006383180917637588;0.0010016830308792947;2.047689107667103e-05;3.0040576406997924e-05;0.0009926410634918626;0.00495965610828427;0.00038935813487283433
6379228;8524365;41;0.010590555340201459;0.015014511127269113;0.0003003493414411284;0.00048524534255097476;0.01489033477514838;0.07668430303707409;0.005591648767087147
6380225;8524469;3;1.2453086886743845e-05;3.735926066023154e-05;1.8679630330112455e-05;1.867963033011577e-05;3.735926066023154e-05;3.735926066023154e-05;1.761132436864369e-05
6384132;8709743;46;0.0033690004738317104;0.0053311978529765065;0.00013197511888759773;0.00016054499411879858;0.004960975710205649;0.027322794891876178;0.0022088142000725266
6384274;8707814;41;0.0;0.0;0.0;0.0;0.0;0.0;0.0
6384919;8715540;40;0.0;0.0;0.0;0.0;0.0;0.0;0.0
6403111;7469403;54;0.0;0.0;0.0;0.0;0.0;0.0;0.0
6403140;7469399;54;0.0021711439082783813;0.0048270880679315755;-3.782742426427254e-05;9.311762345476366e-05;0.0006953498137050344;0.01679951987721075;0.0007158924901214747
6403202;7469448;54;0.0;0.0;0.0;0.0;0.0;0.0;0.0
6403231;7469445;54;0.006256626842711644;0.01262459707453588;0.00010185898651199849;0.0004032509411860749;0.003131531258178149;0.048826019137321285;0.002236604795283146
6403970;6286253;43;0.0010070712826932057;0.00824743263068489;-5.25748624186504e-05;0.00040305448851074056;0.007658018508322519;0.01066548076602694;0.0012771898615774801
6405510;6121790;41;0.0;0.0;0.0;0.0;0.0;0.0;0.0
6405932;6122151;41;0.0;0.0;0.0;0.0;0.0;0.0;0.0
6405952;6122210;41;0.0;0.0;0.0;0.0;0.0;0.0;0.0
6405970;6122185;41;0.002797094768417122;0.003837005399586784;-2.9744541003111123e-05;6.464739518823487e-05;0.0009482177789729659;0.018076455103927466;0.00038206512790940736
6410892;9153582;14;7.845299984753612e-07;1.0777333112996746e-06;5.441199329054941e-08;6.795868765519142e-08;7.014631643849957e-07;3.1298047666113166e-06;2.9017918331295334e-07
6411625;7464390;54;5.429658491115749e-06;3.5234219473953106e-05;-3.397784990158684e-07;6.41261538377164e-07;5.660832953148994e-06;6.745425839494615e-05;7.401317004656215e-06
6414078;6274691;4;0.003562087356816312;0.004242500735341516;0.0007893238505391454;0.0009006357686763719;0.002666248250201509;0.007484146214412268;0.001146579610007415
6414078;6274719;32;0.0;0.0;0.0;0.0;0.0;0.0;0.0
6414080;6274529;28;0.007312333750307496;0.009126294367742326;0.00014769500089563932;0.00036041971984015076;0.006188683728323332;0.03999116703972111;0.001909816227827636
6422068;7349806;57;0.031831687368508665;0.04550220431936554;0.0006228209753649451;0.0017209858582662271;0.02342447834817551;0.2591293085361963;0.012836617210999272
6422912;7349977;19;0.0;0.0;0.0;0.0;0.0;0.0;0.0
6423014;7349979;19;0.008314767654633966;0.018418688230008987;-0.0006336891951714332;0.0020308700074360203;0.012820563950984597;0.04554875229639255;0.006329201221313825
6428302;7080349;56;6.245346616187694e-05;0.00013024790517952503;1.0100355763282615e-07;7.405894908505289e-06;0.00013024790517952503;0.0005169345054459055;2.951903094529843e-05
6432816;7327357;44;0.0009461812781810172;0.0012778443321700783;-9.854154822171125e-06;2.5873273830712304e-05;0.00031623601584321065;0.006339652935626773;0.00013482335684732605
6432826;7327331;44;1.2295359085693263e-06;3.956361334480678e-06;-4.850468836534535e-08;7.750424103485978e-08;4.714906328758854e-07;9.648675284026813e-06;7.772263990435411e-07
6432834;7327333;44;0.00189174778840775;0.0025545311966479736;-1.9684057300159578e-05;5.172124028304948e-05;0.0006326354545386434;0.0126749869452569;0.00026934548129029054
6432964;7325643;44;1.2295359085693263e-06;3.956361334480678e-06;-4.850468836534535e-08;7.750424103485978e-08;4.714906328758854e-07;9.648675284026813e-06;7.772263990435411e-07
6437047;7326411;44;0.0;0.0;0.0;0.0;0.0;0.0;0.0
6449705;8578332;41;0.0;0.0;0.0;0.0;0.0;0.0;0.0
6449760;8578345;41;0.0007022488622437645;0.0010214568075745994;1.7706195016136848e-05;3.1357566848933594e-05;0.0009913169162831593;0.005049857252446232;0.0003589200000766077
6449837;8578310;41;0.0;0.0;0.0;0.0;0.0;0.0;0.0
6449895;8578324;41;0.007185187016287834;0.010023044924325757;0.0002094955181420014;0.00033208280269912335;0.00992599447436732;0.05198069860248983;0.00377827427500132
6450044;9177622;9;1.3320604981758874e-06;1.4369777483995661e-06;-2.295479118694382e-08;2.3702476054518894e-08;3.793942597136644e-08;4.000217279741218e-06;5.988113033788574e-08
6450116;9177566;9;2.3311058718078033e-06;2.5147110596992408e-06;-4.0170884577151706e-08;4.1479333095408085e-08;6.639399544989121e-08;7.0003802395471315e-06;1.0479197809130008e-07
6450307;8578526;41;0.0013729217716644873;0.0020078857821460875;3.601470729062464e-05;6.231839097513544e-05;0.001984979464764593;0.009938750521370584;0.0007241021368887249
6453375;6830103;46;0.19871800915415694;0.31166165126371365;0.0036826550025811974;0.023930747180510466;0.2892023781758952;1.5021271523315196;0.09779070511432172
6453899;9175558;9;1.3320604981758874e-06;1.4369777483995661e-06;-2.295479118694382e-08;2.3702476054518894e-08;3.793942597136644e-08;4.000217279741218e-06;5.988113033788574e-08
6477769;9209054;15;1.3280077439785434e-07;4.160550657200582e-07;-2.8824360791855596e-08;5.943643796000831e-08;4.160550657200582e-07;8.914595289252002e-07;1.8799989476973873e-07
6485727;6163756;61;0.0;0.0;0.0;0.0;0.0;0.0;0.0
6489232;7365729;35;0.01025449316543;0.012427392070263308;-8.053814392878593e-05;0.00017104037653889112;0.0013195699194877182;0.060920688654247435;0.00093988226182071
6489615;6671762;47;0.0;0.0;0.0;0.0;0.0;0.0;0.0
6492467;6267287;54;0.004444792682353662;0.00767075308264028;0.0001243118448161416;0.00026086709885492877;0.0028848249489806027;0.03860761131156713;0.002801169807794577
6495552;6261426;37;0.0;0.0;0.0;0.0;0.0;0.0;0.0
6506966;6270040;4;0.004637971657545999;0.005106747457911581;0.0002393914900142669;0.0005540947378475555;0.0012655977547817309;0.009325690919490004;0.0004809851195875058
6507290;6270430;4;0.005791859683656131;0.006377646983928561;0.00029983147955402824;0.0006925703082999295;0.0015828143077382733;0.011646057213019732;0.0006016839345295282
6507401;6270343;61;0.0031682435902650108;0.009179174858437672;3.365396990404356e-05;0.000487313042534969;0.00668229208631253;0.031618565175701906;0.0025201803522748862
6510479;6267706;6;0.0;0.0;0.0;0.0;0.0;0.0;0.0
6512366;7118189;41;0.0006868679297158276;0.0011246961787875086;7.237921673606763e-06;3.917880655133081e-05;0.0005711200650760852;0.0045644923380468065;0.00019071755622383207
6531561;7115434;49;0.001972777942148144;0.0030897697506476213;-2.1612496334970518e-05;5.775782461236583e-05;0.0002611297682183198;0.01401627901211557;0.00034271692678028263
6531601;7115375;49;0.0;0.0;0.0;0.0;0.0;0.0;0.0
6546014;6339643;52;0.012464672296658515;0.017798380702698638;0.0001730257018514818;0.0007931563844493363;0.005451985768725912;0.09357479379559153;0.0036084919868783383
6547265;6334683;28;0.0008630766364373274;0.0009612000177264232;-7.509615717159875e-06;7.205217405957893e-06;1.923895409031574e-05;0.004578429853362325;6.117424527183078e-05
6547357;6334642;28;0.0;0.0;0.0;0.0;0.0;0.0;0.0
6564127;6610632;31;0.01129709746986752;0.017388194915267188;-0.00022278196028586498;0.000458268416226675;0.005386975761588014;0.06429169030956941;0.002389929775640469
6568886;6850533;32;0.23810149222543592;0.31172460611249614;0.0002643846993832011;0.015751859606416587;0.28919447349862676;1.4237830620721685;0.08158660058571629
6570730;6594145;31;0.0;0.0;0.0;0.0;0.0;0.0;0.0
6571079;6598461;50;0.0005422597413751207;0.0009891223624532185;2.293713360471363e-05;2.472623626818116e-05;0.0009891223624532185;0.004884336216653065;0.00042788921279925086
6573161;6600135;41;4.2393458515282186e-07;2.641781088810076e-06;-4.928434134138981e-08;6.60445272202519e-08;1.129930096874557e-06;5.699446676985916e-06;7.826650934976845e-07
6573592;6600189;10;0.0;0.0;0.0;0.0;0.0;0.0;0.0
6573704;6587666;44;0.0;0.0;0.0;0.0;0.0;0.0;0.0
6574054;6600212;10;0.002225402807807054;0.0025580035997245227;-2.9592887561320115e-05;0.00013799218655644976;0.0006321451859819774;0.007063376343753454;0.00019160083599523698
6575855;7121198;41;0.00550368088778645;0.007175142223842677;-5.378731135935256e-05;0.00011948051311995874;0.001484745758545773;0.03550370780004097;0.0006735894322477695
6576278;7117529;41;0.0;0.0;0.0;0.0;0.0;0.0;0.0
6576290;7117552;41;0.0046088582455322685;0.005965588485511398;-4.4605782911563566e-05;9.896256809805394e-05;0.0011747184809543258;0.029725052912933984;0.0005559922629064024
6576802;7117535;41;0.0;0.0;0.0;0.0;0.0;0.0;0.0
6576857;7117533;30;0.0;0.0;0.0;0.0;0.0;0.0;0.0
6577117;7117524;41;0.00804792768322584;0.010933439820361015;-0.00010517829213092252;0.00020198012439129922;0.0024282256049369746;0.052207197511324584;0.0013071728216745503
6577131;7117498;41;0.0;0.0;0.0;0.0;0.0;0.0;0.0
6583877;6609948;49;0.019228181737970765;0.02725429907112079;0.00016559952612063677;0.0017594932854174891;0.01034529044642813;0.14099064383363138;0.005996488724532315
6589731;6593565;60;0.00033045610370162294;0.0017295557096743811;-6.8033743610474885e-06;0.00011965297779944151;0.0017295557096743811;0.0042907200399272755;0.000444563536377986
6619637;6722661;31;0.0;0.0;0.0;0.0;0.0;0.0;0.0
6620624;7106702;11;0.21135136437249222;0.218248447376243;0.0019548198702195644;0.002165774263825687;0.004951846229438006;0.7013205055137289;0.006654185359461154
6625277;7415204;60;0.009119421592731434;0.02029491041699699;3.1609050524465994e-05;0.0011239614091689575;0.015540130637285515;0.07903575704533121;0.004576789050142107
6625357;7110311;64;0.0;0.0;0.0;0.0;0.0;0.0;0.0
6625394;7110337;64;0.008374132564381114;0.041474654377880185;-0.00035314763215305386;0.0016219891505856686;0.0192759228768231;0.09542271441048548;0.008493953978687638
6626513;7111480;64;0.0;0.0;0.0;0.0;0.0;0.0;0.0
6628565;7388671;36;0.0;0.0;0.0;0.0;0.0;0.0;0.0
6641020;6852762;63;0.18028007172634622;0.31182638311802774;0.00259882265887259;0.021404829351762737;0.28918756371232074;1.6028782568377018;0.09099640126834141
6653514;7412522;41;0.009230310402976505;0.012059630151710177;4.157094748844139e-05;0.0004382463576949009;0.007795308281588472;0.060853185597427764;0.002262991554513853
6660619;7307331;4;0.005098848484174225;0.0071588366890380315;-0.0012458684244734735;0.0012404560944722532;0.0016120025707753423;0.01057894941623933;0.0014072266424680255
6660935;7307528;4;0.0;0.0;0.0;0.0;0.0;0.0;0.0
6662880;7405197;70;0.014667601464744745;0.026954177897574125;0.00011458220239038109;0.00174516089602248;0.015762618601326602;0.13498936679502294;0.006721428267351362
6663342;7197968;51;0.0;0.0;0.0;0.0;0.0;0.0;0.0
6663397;7197971;8;0.03486065453336902;0.04200799816782059;-0.0005586334224614303;0.004875017882014518;0.011932252630451022;0.09921908823075952;0.003910012681949152
6663487;7197976;43;0.001881719018833877;0.002559161067416706;-1.9410022669380566e-05;5.05497977639314e-05;0.0006319817631297553;0.012457244108316536;0.0002608426748069254
6663498;7197938;43;0.0;0.0;0.0;0.0;0.0;0.0;0.0
6664987;7389999;36;0.001363357147511092;0.0017126193699575564;-1.3519161155906393e-05;1.641404299565581e-05;6.493492866756255e-05;0.008225376399015931;0.000143573373168109
6665019;7389985;36;0.0;0.0;0.0;0.0;0.0;0.0;0.0
6665840;7119152;60;0.016061650943714856;0.029714612367762194;3.3592483886411855e-05;0.0011908655642923545;0.025728099642674765;0.1396547560994204;0.008190292057190246
6666167;7118260;60;0.010195330699806595;0.02602365787079163;-2.999422975967571e-05;0.0011473328839108887;0.01681324534808991;0.08367782849189133;0.003571397710545208
6666174;7118231;60;0.0;0.0;0.0;0.0;0.0;0.0;0.0
6666264;7118319;60;0.009734903771627838;0.033036409236357346;-0.0003910798792486289;0.0011537247548232764;0.016657883303691286;0.09601594166623631;0.0076735041620314744
6666274;7118288;60;0.0;0.0;0.0;0.0;0.0;0.0;0.0
6666344;7118321;51;0.0;0.0;0.0;0.0;0.0;0.0;0.0
6666357;7118264;51;0.0;0.0;0.0;0.0;0.0;0.0;0.0
6667050;7303912;60;0.030434141405136894;0.03643152118572156;8.267040456383364e-05;0.001630925065309365;0.013443408719081902;0.23736529939001436;0.003577866148136974
6668030;7406509;42;0.0104401777268921;0.01597928118032797;0.00011867226588733186;0.0005381122680917017;0.01597928118032797;0.07370743729890691;0.004511623223013745
6668298;7406469;42;0.0008277363241442027;0.0025568461320323397;-5.4881413292185995e-05;8.228923924660094e-05;0.0011174459848809052;0.00719313895493734;0.0007394505084715538
6668414;7117855;6;6.47698862447006e-07;6.682970887976367e-07;-9.284241364940899e-09;8.923623763185839e-09;1.409368847253075e-08;1.5870143371688516e-06;1.597710804357224e-08
6668535;7118249;6;0.0015638786349522376;0.0015835299519060002;-9.878089427704299e-06;9.419361871212777e-06;1.72008495888153e-05;0.0038309377724801657;1.7252572053871256e-05
6668540;7118258;6;0.0007817773927605073;0.0007915979016808007;-4.9367236535109115e-06;4.70745002966557e-06;8.596901372289454e-06;0.001915072170108858;8.622313465210702e-06
6668556;7118258;6;9.71548293670509e-07;1.002445633196455e-06;-1.3926362047411322e-08;1.338543564477877e-08;2.1140532708796072e-08;2.3805215057532777e-06;2.3965662065358352e-08
6669551;6230566;46;0.0;0.0;0.0;0.0;0.0;0.0;0.0
6672512;7114101;17;0.0;0.0;0.0;0.0;0.0;0.0;0.0
6674718;7202294;58;0.004076039050194561;0.03943623332533178;-0.00012288693503266512;0.0008917565570965981;0.02917377115304725;0.05782126064085251;0.006405386621150717
6679235;7306827;47;0.0;0.0;0.0;0.0;0.0;0.0;0.0
6679254;7306735;47;0.0009720334872044613;0.0014279851354618183;-1.1088394748402854e-05;2.8828939877606562e-05;0.00031590917013876675;0.006756346755167136;0.00016244892909117033
6679345;7306836;47;0.0;0.0;0.0;0.0;0.0;0.0;0.0
6679354;7306793;47;0.0038785977309399294;0.005675397615152384;-4.390937475855092e-05;0.00011477285945537249;0.001265761177633953;0.02695349135617284;0.0006432173028797409
6679744;7128836;12;0.0;0.0;0.0;0.0;0.0;0.0;0.0
6684769;7297765;47;0.0;0.0;0.0;0.0;0.0;0.0;0.0
6688249;7192333;65;0.004599362271715749;0.05225950782997763;-0.0003581995618607237;0.002011286332066695;0.03255484784147205;0.10641859395348431;0.012372362795369126
6689821;7130638;12;0.010285065125653243;0.019670778431360766;-0.0002777281947008582;0.0011818931066610557;0.010643724037422253;0.037014244858576614;0.0028963129835407786
6690566;7188793;70;0.007659323787650461;0.059907834101382486;-0.000271754632502317;0.002640832961621703;0.03858052775250228;0.13590933369164573;0.014325192655210279
6692176;7748044;33;0.0;0.0;0.0;0.0;0.0;0.0;0.0
6694930;7607202;36;0.000966746022401186;0.0016013316481551354;2.623183828776972e-05;5.938061469201514e-05;0.0010204860823382915;0.0062630365942980765;0.00039370406242401906
6696109;7418183;36;0.0;0.0;0.0;0.0;0.0;0.0;0.0
6696135;7418155;36;0.01099004915946335;0.014865691119409866;-0.00017318280823891847;0.00018513829785048912;0.0017881726659113133;0.06687623567765161;0.001858227944886409
6696173;7418196;36;0.0;0.0;0.0;0.0;0.0;0.0;0.0
6696175;7418198;36;0.0;0.0;0.0;0.0;0.0;0.0;0.0
6696214;7418235;36;0.0;0.0;0.0;0.0;0.0;0.0;0.0
6696231;7418215;36;0.002946321875399027;0.00459927419036113;-9.436273365040063e-05;0.00010632020982981647;0.0017106781058335654;0.0188026682445396;0.0010675917830675896
6700761;7407905;36;0.0;0.0;0.0;0.0;0.0;0.0;0.0
6701179;7409058;36;0.0;0.0;0.0;0.0;0.0;0.0;0.0
6701208;7409107;36;0.0;0.0;0.0;0.0;0.0;0.0;0.0
6701209;7409051;36;0.008312993069911411;0.011452076492865507;-0.00014705791184512125;0.00015813217904779814;0.0017636390917363277;0.05078213649521894;0.0015900266500633576
6701294;7409091;36;0.0047375489167319545;0.0068884495835080176;-0.00011201692568553649;0.00012365555795771738;0.0017291920869697292;0.029380568269603457;0.0012385080771886753
6701790;7408417;36;0.005625133096850287;0.00802141316671071;-0.00012075669461899728;0.00013217898671906425;0.00174023918725483;0.03467463873144817;0.0013251222825580555
6702628;7597537;59;0.00043461366989853815;0.0011507872237045118;1.1289321002336682e-05;5.57741408706573e-05;0.0011507872237045118;0.004795030937851701;0.00044811976708066084
6704637;7060018;44;0.0;0.0;0.0;0.0;0.0;0.0;0.0
6705211;7063430;10;0.0;0.0;0.0;0.0;0.0;0.0;0.0
6712594;8681789;44;0.0006407000421738581;0.0010078976464121048;2.0729342742979225e-05;2.9188457891463372e-05;0.000992224902940556;0.004987366658564319;0.00039346878844479205
6714578;7590321;6;0.001140574641719917;0.0012801592675544444;2.8156880921309412e-05;0.00011074107567841541;0.00031590917013876675;0.002805716943240394;0.00010534426544993303
6715106;6987883;40;0.0;0.0;0.0;0.0;0.0;0.0;0.0
6716264;7134795;54;0.009592765952189672;0.02964716532578675;9.930122436006574e-05;0.0012760571266204478;0.02068722802013049;0.07491876472281869;0.0034525319277753305
6716293;7135481;54;0.0;0.0;0.0;0.0;0.0;0.0;0.0
6727482;6830388;45;1.3121521755056962e-05;2.1526748779253953e-05;-1.1994006490565337e-07;9.007078796926473e-07;1.4552280756802366e-05;9.06773156836966e-05;3.2473256929400273e-06
6730730;7146049;54;0.008623615438498385;0.02820354136499372;0.00021878572773881706;0.0011390574653523222;0.019267697459586286;0.07091666792241139;0.004331986232361068
6731584;7109768;10;0.0;0.0;0.0;0.0;0.0;0.0;0.0
6735065;7559318;14;0.002444937319408966;0.003452008880279323;-0.00019425508032840902;0.00014641646137036486;0.0015391826782130747;0.009707761658857773;0.000868190955108347
6737710;7317629;60;0.000869488062832094;0.0017295557096743811;4.311848263782543e-06;5.690266980096349e-05;0.0016532493463042273;0.0074955645668017485;0.0004247139957399457
6738513;7106954;18;6.533214008132919e-06;1.5221340319127417e-05;1.1731651452496138e-07;1.0950079657993781e-06;9.876198333653867e-06;2.9221528452878045e-05;2.1807973841541636e-06
6738719;7122683;36;0.0;0.0;0.0;0.0;0.0;0.0;0.0
6738980;7138762;24;0.0018782451909157714;0.002215820007677874;-1.739735331762345e-05;2.2358016723233338e-05;9.869185281387001e-05;0.009222205950021281;0.00012612207245538582
6738996;7138744;24;4.923609260096443e-07;7.175582926417985e-07;-1.0274790838627234e-08;1.3782465447666963e-08;6.412367694303181e-08;2.4418925621866566e-06;7.76682394860583e-08
6739005;7138747;24;0.0009391225954578857;0.001107910003838937;-8.698676658811724e-06;1.1179008361616669e-05;4.9345926406935007e-05;0.0046111029750106405;6.306103622769291e-05
6739444;7139034;35;6.75237841384655e-07;1.435116585283597e-06;-4.302949674940834e-08;4.22093113318705e-08;8.011231746909167e-07;4.883785124373313e-06;4.748907289570265e-07
6739466;7106839;18;0.0008964313369569926;0.0009545780780176561;-6.8932204591785225e-06;7.4740762295199065e-06;2.0494782370904306e-05;0.0038063239985855336;3.613080279818386e-05
6743569;7565207;14;0.0;0.0;0.0;0.0;0.0;0.0;0.0
6745664;7105215;67;0.17480322348959987;0.43636414976826804;0.0019495675364589182;0.01919287031959685;0.3008648548625744;1.6831421770499784;0.1082909570945748
6746723;6538767;35;0.0001796492089984593;0.0007961985898659761;2.3731374446083e-05;2.4217676757191376e-05;0.0007950300787550335;0.002223202416409195;0.00033006686093429435
6752788;7125910;54;0.0;0.0;0.0;0.0;0.0;0.0;0.0
6754002;6828918;34;0.0;0.0;0.0;0.0;0.0;0.0;0.0
6754106;6828919;34;0.0017959785898828823;0.002124969370252389;-1.4020273182244415e-05;1.9092219988262645e-05;7.90735493894361e-05;0.010504531899441876;0.0001410945850453342
6754111;6829928;34;0.0;0.0;0.0;0.0;0.0;0.0;0.0
6754663;6830493;35;0.2229943096134309;0.31373968589727447;0.002817589365009056;0.015472244042950256;0.28916528259575336;1.4353644022180534;0.09559509744689033
6757523;7573000;65;0.0005983704367340497;0.005546834118262689;-3.398439243879976e-05;0.0001763067087062418;0.005546834118262689;0.010574188721599707;0.0011671161068652683
6772800;7120027;34;0.08131437001186466;0.20598040306494295;0.0056388678321802835;0.015565007877329768;0.18154789692192053;0.6537273935211577;0.07718400376134557
6784599;6560694;8;0.0;0.0;0.0;0.0;0.0;0.0;0.0
6798530;6795420;45;0.0;0.0;0.0;0.0;0.0;0.0;0.0
6798532;6795412;45;0.0;0.0;0.0;0.0;0.0;0.0;0.0
6798538;6795445;45;0.0028367777187635083;0.0038022813688212928;-2.998577717387609e-05;7.839133333450923e-05;0.000953120464539626;0.01923556763253149;0.00041841526396641285
6798547;6795393;45;0.001937144691614088;0.002590412695105648;-2.0436006687260065e-05;5.2254910270568636e-05;0.0006275693461197615;0.013133523401137092;0.0002838468639181206
6798573;6795446;45;0.0;0.0;0.0;0.0;0.0;0.0;0.0
6798587;6795400;45;0.0;0.0;0.0;0.0;0.0;0.0;0.0
6809992;6769635;35;0.005365949768251782;0.006646742464740979;-4.9751031897456314e-05;6.024798587258044e-05;0.0002953580001489667;0.031889804382228014;0.0005124181188310227
6810938;6768746;35;0.004486047980835591;0.005561076767973938;-4.171780227696505e-05;5.054815882980102e-05;0.00024799990772726623;0.026661300922181906;0.0004297188396604614
6810939;6768722;35;0.0;0.0;0.0;0.0;0.0;0.0;0.0
6810940;6768714;35;0.0;0.0;0.0;0.0;0.0;0.0;0.0
6810942;6768686;35;0.008030579976164222;0.009943922819430044;-7.435994934690511e-05;8.999091065460226e-05;0.0004410232033228798;0.047725104960407674;0.0007658445777979367
6810968;6768747;35;0.0;0.0;0.0;0.0;0.0;0.0;0.0
6810973;6768686;35;0.0;0.0;0.0;0.0;0.0;0.0;0.0
6811110;6833120;56;0.0;0.0;0.0;0.0;0.0;0.0;0.0
6811148;6833134;56;0.0012264451793973948;0.003214275418720632;-1.7456823835911687e-05;7.173533014607662e-05;0.0005624053554313757;0.00983692227790164;0.0004730532348802888
6811313;6833294;56;0.0;0.0;0.0;0.0;0.0;0.0;0.0
6811346;6833300;56;0.008135774266369725;0.022827584107633418;0.0001786505750738875;0.001029063336284267;0.02055209138565516;0.07072171944872332;0.0048086148856538785
6813060;6749779;8;0.019608873670608835;0.023609907313500576;0.0022096614734588827;0.0023414734479837674;0.015540408880770084;0.05863808533673582;0.006730171235926514
6816480;6747889;66;0.006781343429109339;0.0409626216077829;-6.588558468176887e-05;0.0016847224270011218;0.0409626216077829;0.08347126832082237;0.007718862964482284
6820215;6867285;11;0.023626050268540314;0.15532119163773095;0.0003525280299079964;0.029338929329804697;0.14380344375519963;0.15886601959280658;0.04166786358929217
6820500;6867486;11;0.0;0.0;0.0;0.0;0.0;0.0;0.0
6820569;6401083;48;0.0002587523081244566;0.007499331269823073;-1.224408753802231e-05;0.0001685316833813947;0.007485276298017347;0.007574226893024146;0.0010621830967883922
6820818;6867402;66;0.20012071239752002;0.4314086750466465;0.0037433470821869527;0.031241777989288136;0.3754481201493197;1.8743831652463987;0.11482031292327416
6826247;7120408;64;0.04719914200778768;0.20636453095195417;0.0024563387882409905;0.012679362747093132;0.18161685054094445;0.6739285108284903;0.06977677144228214
6827627;7122533;8;0.0011435174248243369;0.0014492972030808466;0.00015078662987923598;0.00015369468002253547;0.0008397178416396649;0.0034437675530057635;0.0004181025819282035
6828491;6870388;40;5.10226030213433e-07;1.157467692183042e-06;-1.4816763730919236e-08;2.1682774543389444e-08;1.1811080916553852e-07;3.465082105929139e-06;1.9959771570185572e-07
6830332;6869766;40;0.0009316008157040682;0.0012790017998622614;-1.0559972600864443e-05;1.399724810731991e-05;5.3438930463775526e-05;0.0059480448254241374;0.00012884429095185593
6830334;6869739;40;0.0009310905896738545;0.0012778443321700783;-1.0545155837133526e-05;1.3982008363742524e-05;5.3321838721845935e-05;0.005944680232657199;0.0001286502644164592
6832222;6864425;21;0.00040908559548194663;0.001744760742219893;8.909005938259231e-05;8.996757378946793e-05;0.001744760742219893;0.0038421376042532844;0.0007318486005598611
6835799;6863530;6;0.0002895954051456426;0.0017375724308738554;-0.0002482246329819944;0.00034751448617477106;0.0017375724308738554;0.0017375724308738554;0.0006475550118772493
6836063;6839386;56;7.033134424156135e-06;5.7655164461356625e-05;-4.685679827111297e-07;1.0361743955088253e-06;1.52800386602019e-05;9.83452649019256e-05;1.110160240866792e-05
6838447;6878493;60;0.0;0.0;0.0;0.0;0.0;0.0;0.0
6838719;6864012;39;0.0;0.0;0.0;0.0;0.0;0.0;0.0
6839104;6863094;43;0.0;0.0;0.0;0.0;0.0;0.0;0.0
6839944;6874660;35;0.0;0.0;0.0;0.0;0.0;0.0;0.0
6841893;6866574;40;0.001971477344033347;0.0031693656927017757;4.4733190082529815e-05;0.00028131789966532824;0.0031693656927017757;0.013679601266000041;0.0008896990231994015
6842207;6873867;35;0.0017869538531448078;0.0022151024493852318;-1.662115466716966e-05;2.0100548065464157e-05;9.862772913692662e-05;0.010620169909799516;0.00017120299968945992
6842213;6866206;11;0.002541179527528134;0.0027262715856093724;3.123678869626167e-05;6.111491753555266e-05;0.00037486827867488784;0.00844162893015188;0.0001438344035112978
6842216;6873868;35;0.0008932543833075479;0.001107192445546295;-8.30603064976363e-06;1.0044529000109902e-05;4.928180272999183e-05;0.005308747528833647;8.555391941630207e-05
6842235;6873905;35;1.3352595891356705e-06;2.1526748779253953e-06;-2.7280102927240647e-08;3.5798718322142185e-08;1.9237103082909554e-07;8.080554520118419e-06;2.875127519830135e-07
6842239;6874330;44;7.080922063598255e-07;1.435116585283597e-06;1.0609670456999553e-08;5.224544652524387e-08;1.435116585283597e-06;5.387036346745613e-06;3.9768647432903014e-07
6842518;6940847;36;0.0;0.0;0.0;0.0;0.0;0.0;0.0
6842546;6940846;36;0.11763437781661382;0.323819780298966;-0.0015708979708679253;0.018665012930139706;0.3130970514246676;1.1359015224837048;0.14833424928424435
6842550;6940814;36;0.0;0.0;0.0;0.0;0.0;0.0;0.0
6842551;6940560;36;0.0;0.0;0.0;0.0;0.0;0.0;0.0
6842551;6940810;36;0.0;0.0;0.0;0.0;0.0;0.0;0.0
6842580;6940566;36;0.11798351086226631;0.3241537125133628;-0.0016461580081023547;0.01860786116465515;0.30971058914343286;1.137168020246256;0.14832651559209156
6845303;6867435;25;0.0010181213965465825;0.0017777064146528886;5.64484088047142e-05;0.00014163251356691083;0.0015128565026696125;0.006182526631942635;0.0007016938392783809
6849213;6940671;36;0.11690366739130864;0.3230921595791751;-0.0016005187173875962;0.018618527297390275;0.3114130421177792;1.133160343695562;0.14832954455281944
6849402;7159650;55;0.0004735411471980233;0.0017295557096743811;-6.563677612008053e-06;0.00015859133794393464;0.0017187017175760873;0.005233373553983368;0.0005231883332137398
6862592;6683577;63;0.018571105005017192;0.03131876081508875;0.00017677825711064955;0.0016160633637151145;0.011195422104486367;0.15336594217090813;0.005335264424511321
6868879;7163146;51;0.12748508688679552;0.4470106603628327;-0.0016663416291555293;0.02597069174190803;0.4127081371324935;1.4036511456340959;0.1495982674177933
6873548;6872545;46;0.10024749028663996;0.4180425444344889;0.005550619439265588;0.031783110445619246;0.4109176341743515;1.1541943212607424;0.13751559619272968
6885446;7031293;7;0.0009063848300209238;0.000989818687148357;3.553521197212903e-05;4.7675392225424706e-05;0.0001783666738613775;0.002408528414886117;8.474744384633792e-05
6889524;7479854;51;0.0;0.0;0.0;0.0;0.0;0.0;0.0
6899215;7045865;42;0.0;0.0;0.0;0.0;0.0;0.0;0.0
6901039;7043265;7;0.02921914695230177;0.029783545811576228;-1.840026276442228e-05;0.00036311325582493874;0.000844764919841038;0.07731172531562375;0.00033658599771763424
6901297;7041477;65;0.13115293113398985;0.42567486177937486;0.005934356135862208;0.022233685289092402;0.4167300285906744;1.715677922851665;0.16758372408272154
6901392;7138363;41;0.0;0.0;0.0;0.0;0.0;0.0;0.0
6904991;7048177;46;0.02988686266280998;0.20751750126520838;0.001906661145541022;0.009954927416857513;0.2060019356937305;0.42800211262231225;0.05557945324472178
6909010;7125876;12;0.0;0.0;0.0;0.0;0.0;0.0;0.0
6909337;6643261;29;0.0008155661583261848;0.0009642584338512419;-1.1332691997371817e-05;1.0630449878567816e-05;9.937183113518347e-05;0.004423572154436335;9.803131201102834e-05
6996680;6583840;37;9.701194317709197e-07;1.5738712195613306e-06;2.3144873371120262e-08;6.145066622639168e-08;1.5738712195613306e-06;6.7438932224813605e-06;5.367122752247752e-07
7011244;6524857;54;0.0018063632974698722;0.008980090947304061;-4.371719064132518e-05;0.0004454032097974525;0.00793916676674905;0.018859435388208008;0.0018230981545968316
7017039;7249536;29;0.0;0.0;0.0;0.0;0.0;0.0;0.0
7023316;6527602;14;0.0;0.0;0.0;0.0;0.0;0.0;0.0
7050520;6869457;49;0.026847225970129587;0.4152272012983077;-0.0004004815177557225;0.017323646169997528;0.41253300172807517;0.7187944678221937;0.09911316799183646
7051654;6538688;34;7.310195877096963e-06;8.247201621399839e-06;3.689373387108082e-09;2.5860119845331547e-07;1.9262911012626474e-06;4.271744224166948e-05;4.806583652383698e-07
7076538;7867300;35;2.6134057008373465e-07;1.3745336035666398e-06;3.571275161267159e-08;4.416791962264308e-08;1.3745336035666398e-06;3.4588727430843496e-06;5.229952028690853e-07
7085682;7007288;49;0.16544877489522233;0.42461691852032313;0.007807746154196309;0.0224593233662017;0.4182604530334356;1.695435228008638;0.17688974161662
7105783;8973620;36;0.0;0.0;0.0;0.0;0.0;0.0;0.0
7194249;7759863;18;0.0;0.0;0.0;0.0;0.0;0.0;0.0
7194291;7759930;18;0.0;0.0;0.0;0.0;0.0;0.0;0.0
7194315;7759838;18;0.0018496539599262899;0.0019777030368656632;-1.3930509369241595e-05;1.4059348071855295e-05;2.8673404285473915e-05;0.00785349492420556;7.281126211895773e-05
7194331;7759872;18;0.0;0.0;0.0;0.0;0.0;0.0;0.0
7194335;7759880;18;0.0;0.0;0.0;0.0;0.0;0.0;0.0
7194351;7759915;18;0.002432741629189194;0.002583771918779851;-1.7237389867185266e-05;2.1196641042539955e-05;4.881233268472793e-05;0.010328479011447539;9.107557023661611e-05
7201916;7755136;36;0.005358042726654662;0.00868986762693796;-6.018207446320569e-05;0.0004899794416907302;0.007612525834464411;0.03688161202553813;0.0030126719343220774
7214520;7590457;34;0.0;0.0;0.0;0.0;0.0;0.0;0.0
7270113;7306848;52;0.0;0.0;0.0;0.0;0.0;0.0;0.0
7273875;6905322;49;0.02646064095888552;0.4151064782436171;-0.0003550399239442361;0.01730674831990794;0.41338584670869777;0.7185615445672426;0.09918263743433062
7276602;7991029;10;0.0;0.0;0.0;0.0;0.0;0.0;0.0
7293569;8007003;10;0.002719967449234762;0.0030013222257901863;8.310374741480525e-05;9.27608699218318e-05;0.0006635841995242236;0.008653275810393397;0.0002994917364090246
7296081;7159970;31;0.0;0.0;0.0;0.0;0.0;0.0;0.0
7305321;7177595;52;0.1073739347589769;0.4483026479618829;-0.0026249854915861375;0.018330114871625988;0.4048575068171119;1.3355864690659311;0.15091227707484065
7305745;7159260;34;0.006198708699769766;0.008056865725317709;0.00010787579653024891;0.0005418508418803949;0.00438973321027265;0.03825428174851039;0.002148696099676209
7308237;7176765;5;0.0;0.0;0.0;0.0;0.0;0.0;0.0
7308526;7176758;5;0.0024693162482843033;0.011963901308163603;0.0023673203353038676;0.0029814308216159573;0.011887923363475546;0.011965464824766238;0.004747309444359273
7310496;7162531;8;0.007182856267916421;0.008273350272328625;0.0004130737173688586;0.0013833569780977897;0.004388414133268276;0.0208689502601954;0.0016869236659574978
7315158;7160159;5;0.0005709862099220576;0.0005819735654236922;-4.8116277549610575e-06;5.890273224932411e-06;1.379775926013899e-05;0.0012768774991125996;7.614304095136381e-06
7315188;7160195;5;0.0004949637652325964;0.0005018674910605889;-3.297367794559771e-06;3.6155940049711313e-06;5.648379519536265e-06;0.0011068237637517674;4.758141222876117e-06
7315200;7160193;5;0.006971007455880198;0.00706789855440519;-5.36640990758862e-05;5.246893463460296e-05;0.00011672287617738551;0.015588658920409991;7.945084919796826e-05
7318403;7160586;5;6.435792171768798e-07;6.634071263193509e-07;-1.0067954483458651e-08;9.932039084410852e-09;1.409368847253075e-08;1.4394420820179231e-06;1.4300094923221363e-08
7324751;7116087;42;0.0018816976377282633;0.0068096805535302635;0.0001515140667993275;0.0005566159264761343;0.004849688439896962;0.020370015920843552;0.002517673418732492
7326596;7564330;18;0.0018496539599262899;0.0019777030368656632;-1.3930509369241595e-05;1.4059348071855295e-05;2.8673404285473915e-05;0.00785349492420556;7.281126211895773e-05
7326642;7564310;18;0.0;0.0;0.0;0.0;0.0;0.0;0.0
7326654;7564357;18;0.0;0.0;0.0;0.0;0.0;0.0;0.0
7326925;7564548;34;0.012160350957174954;0.0161520897613841;-1.0704505806807772e-05;0.0007349152730482329;0.009525183139921189;0.07346820258962357;0.003298199990785222
7331267;7563851;40;0.002064671362034134;0.0032498061183393744;5.1675410283585795e-05;0.0002496574303387885;0.0023237379436109296;0.014631791686385686;0.0010437266719025367
7331552;6889596;32;0.4007265320718475;0.4639882556685897;0.007996275313257912;0.016912083010688993;0.4235114326005389;2.382325096389177;0.12952518489216208
7331637;7970882;13;0.0;0.0;0.0;0.0;0.0;0.0;0.0
7331757;7971103;3;0.0;0.0;0.0;0.0;0.0;0.0;0.0
7331775;7971087;13;0.0018450675700548563;0.002584992897128631;-7.501667291202191e-05;0.0001553313909884367;0.0010338183748858471;0.006809009297425141;0.00040259172079991807
7331785;7971308;34;0.0001462827717508404;0.0011237174258021674;1.5805353502463466e-05;6.268381621697607e-05;0.0009010339569246938;0.001943115091086836;0.00029941817013470496
7356841;7174973;12;0.08429292141938242;0.08832361250678929;0.0013556890610224195;0.00196501967011964;0.012465266168408581;0.2929026924012218;0.006635937505448379
7356846;7175001;12;0.0;0.0;0.0;0.0;0.0;0.0;0.0
7357145;7099889;17;0.0768306638408116;0.08727636145876519;0.0006780737045613312;0.0038693780977750135;0.030555359367992342;0.31885273353750554;0.008801404562384665
7357366;7885195;14;0.0017772317770230822;0.0033744292519062627;-0.00010421807990268643;0.0003556259971631084;0.0021684693094079274;0.0073605374386828985;0.0008433679224481821
7394949;7926491;34;0.0003685313946675204;0.001403944458861583;1.0418125320531251e-05;0.00010368876727048312;0.0011269441447458025;0.0029008701385999872;0.000334194569073129
7400500;7896911;31;0.0025687745291954004;0.004715237560723897;-7.923311998885173e-05;0.0003459689403852162;0.002786822331111427;0.015896267274055426;0.0012460859134036208
7406677;7065747;32;0.0037609308146731336;0.006600288037592347;0.00013490381835508584;0.0004993678450374593;0.004903397124774637;0.023777111196939343;0.0018768640559401614
7431570;8779174;3;0.0;0.0;0.0;0.0;0.0;0.0;0.0
7439898;7554235;37;5.72155735951078e-06;9.208696693157018e-06;-1.102919415457398e-09;4.550837314852267e-07;6.383871450970626e-06;3.8137139548718356e-05;2.5637879707734322e-06
7485927;6866959;37;0.0;0.0;0.0;0.0;0.0;0.0;0.0
7533944;7553085;39;0.001178796738475892;0.003323012453224169;7.451565344809379e-06;0.0002449481932683387;0.003292301026286327;0.008275571180436928;0.0006053642702361575
7534008;7553086;39;0.0010882023851354857;0.005528786644805057;-6.966466425450596e-05;0.00024311921430936632;0.0033953226245485844;0.009994784754683746;0.0011735605419896963
7534392;7555314;39;0.0011338132529411888;0.004426617107307255;-3.112366848504217e-05;0.00018353889508990304;0.0033438759490943986;0.008323030146230329;0.0007004954950677949
7607075;7348594;47;0.05951741690643217;0.330293354806693;0.0005196945140849627;0.017457500228263544;0.330293354806693;0.593271705927067;0.06282060578710259
7610247;7051310;28;0.00013700865569517745;0.0019213812754976516;-2.7298528061745655e-05;7.116226946287598e-05;0.0019148610839673167;0.0027126369046972486;0.0004939925016830533
7618214;7348961;3;0.0;0.0;0.0;0.0;0.0;0.0;0.0
7619344;7345464;11;0.0;0.0;0.0;0.0;0.0;0.0;0.0
7619568;7352238;3;0.08061037678046885;0.08172639114012992;0.0008094798944001641;0.0016740215394915811;0.0024835014338915606;0.13963265120143922;0.0010293602342118643
7637953;7581678;34;0.00026641317349893794;0.0010546434697378095;-1.3876166592501706e-05;3.942946283237353e-05;0.000586819822669445;0.0022114368490494356;0.00026992753117137695
7638340;7579591;34;0.0;0.0;0.0;0.0;0.0;0.0;0.0
7638347;7579627;34;0.002795973651401202;0.005292166952544311;-6.158579659419912e-05;0.00013344002359847983;0.0017723116110685815;0.017031703317943434;0.0008451415386721989
7638390;7579627;34;0.0;0.0;0.0;0.0;0.0;0.0;0.0
7638398;7579627;34;0.0;0.0;0.0;0.0;0.0;0.0;0.0
7638424;7579589;34;0.0;0.0;0.0;0.0;0.0;0.0;0.0
7638431;7579627;34;0.006280024470652483;0.009476762231479212;-9.219561257870806e-05;0.00016786292568420207;0.0018974595301747051;0.037178111756897315;0.001102082838785545
7638553;7581016;34;0.0036519111189761565;0.006327860818426856;-6.899055998837452e-05;0.00014197117061910585;0.0018162266717010739;0.021940322163901606;0.0009064843651540128
7687080;7808669;20;0.0;0.0;0.0;0.0;0.0;0.0;0.0
7687090;7808802;4;0.0;0.0;0.0;0.0;0.0;0.0;0.0
7687153;7808784;4;0.0;0.0;0.0;0.0;0.0;0.0;0.0
7722215;7566647;52;0.12834212178185178;0.4476726547312151;-0.0012051914242709797;0.017198950071718788;0.3579500571312305;1.3778211783407803;0.14154795245265672
7723130;7563420;4;0.0;0.0;0.0;0.0;0.0;0.0;0.0
7724081;7557543;4;0.3711571728914694;0.41412585254894646;0.03367648953833306;0.028554347393463946;0.08297895228361701;0.7470296686927691;0.041900888869080125
7725897;7564477;27;0.03125754190990657;0.04748270043036736;0.00010526446191872469;0.00259250371688488;0.019669377013010216;0.1652719565524393;0.005884391198356919
7733382;7007576;28;0.0;0.0;0.0;0.0;0.0;0.0;0.0
7734019;6751624;43;0.2522472354845449;0.38415596629403104;0.011588126907459513;0.009848761437488899;0.3620619062388028;2.012829290690086;0.1749052260077501
7737464;7013057;7;0.0;0.0;0.0;0.0;0.0;0.0;0.0
7737474;7013108;7;0.00927133199973428;0.011300595849599342;0.0011224981920978283;0.001605676856387469;0.0082169643835753;0.02587117225645003;0.00310792476875835
7737559;7012692;28;0.006575663416235119;0.019930141771111565;0.0005958059905091406;0.0007496292644143498;0.013403959991579669;0.049050762757134624;0.006533636989991386
7737623;7013138;7;0.0;0.0;0.0;0.0;0.0;0.0;0.0
7737696;7013146;19;0.001960781576629298;0.0021202797506377365;-1.875876981391982e-05;2.0443493876526762e-05;4.4086165233575125e-05;0.008559055573337925;0.00010483291813224668
7737708;7013095;19;0.0;0.0;0.0;0.0;0.0;0.0;0.0
7737758;7013152;19;0.0;0.0;0.0;0.0;0.0;0.0;0.0
7817078;7820095;20;0.0008341874210603244;0.0009053680182326089;-7.952810801424775e-06;7.300466866686778e-06;1.923895409031574e-05;0.0037364275273441957;4.6646327824362376e-05
7828560;7856689;12;0.0;0.0;0.0;0.0;0.0;0.0;0.0
7881119;7601473;36;0.0;0.0;0.0;0.0;0.0;0.0;0.0
7946758;6917717;34;0.0;0.0;0.0;0.0;0.0;0.0;0.0
7987706;7781996;34;0.0005818431627541775;0.0018643377399498095;-9.450778378122513e-06;0.00011299016605756421;0.0018643377399498095;0.005965919468625905;0.0008415983613241869
8028237;7949081;33;0.0;0.0;0.0;0.0;0.0;0.0;0.0
8033313;7910024;36;0.0003416889891441674;0.001085521901706192;3.773850400689172e-05;3.544721170137393e-05;0.001085521901706192;0.003552309892377514;0.0004835015919943365
8035688;7713848;46;0.03515459530329064;0.41817953851004047;-0.000279516031009932;0.019794419357601584;0.4053075300153905;0.45724998199225964;0.057526676187957086
8049115;7903475;13;0.0022459606515756064;0.0031536337714293938;-0.00019639951752125067;0.0002279695168403268;0.0013936034546273078;0.00863421450363593;0.0008308128487423548
8061872;7796104;52;6.9138037282034215e-06;4.375651591595705e-05;1.8047025643705137e-07;1.754058441782867e-06;4.259138489841453e-05;9.718249185528399e-05;1.1568193512661646e-05
8067794;7714270;6;0.001559328748043821;0.001577913849950576;-7.907742595234322e-06;1.075049268537921e-05;1.715152167916143e-05;0.0038197413972437034;1.5206769116716309e-05
8071140;7791707;46;0.0014910840820689106;0.006763048272482235;-7.271709696815328e-05;0.00033406429847902765;0.005109573836233832;0.016630634581870116;0.0019465953922108924
8071173;7791823;46;0.002377478719452373;0.0029885815812166145;-8.392269217841939e-06;0.0001264146883880774;0.0012009918645650211;0.016322222919085617;0.00037312802889818953
8071244;7791832;46;0.0;0.0;0.0;0.0;0.0;0.0;0.0
8071322;7791842;6;0.002025714639370704;0.006028124880583897;0.001302636924317461;0.0012629195328774435;0.005937674946431449;0.00829383972114001;0.002713136515762864
8071372;7791849;6;0.0;0.0;0.0;0.0;0.0;0.0;0.0
8072914;7764389;14;0.0;0.0;0.0;0.0;0.0;0.0;0.0
8072941;7764375;14;0.00494961007663938;0.006895735192287683;0.00015507802455259063;0.0006660875661989366;0.0038865109654157856;0.01927532921545602;0.0014282196113001087
8072946;7764720;5;0.0;0.0;0.0;0.0;0.0;0.0;0.0
8072948;7764658;5;0.0;0.0;0.0;0.0;0.0;0.0;0.0
8072962;7764298;14;0.0;0.0;0.0;0.0;0.0;0.0;0.0
8072991;7764284;14;0.005122060149060851;0.00651395227916113;-6.332244795931235e-05;0.000382317216828628;0.0022007228044036127;0.019461473134118622;0.0009044309245383921
8073004;7764721;5;0.004142138006811269;0.007191701380380626;-0.0005380223581835246;0.001394141907213923;0.0043675935663726895;0.00993471534330281;0.0016069867837106883
8073062;7764661;5;0.0040969177914245225;0.005075075254011065;0.0005140299144263354;0.0007624335137633673;0.0011383987965001086;0.009363030159198132;0.0008651770701538335
8073149;7764575;33;0.0;0.0;0.0;0.0;0.0;0.0;0.0
8073206;7764631;33;0.0;0.0;0.0;0.0;0.0;0.0;0.0
8073208;7764541;33;0.0767407457278062;0.4113527466623278;-0.005232342982618319;0.02518811035812321;0.40694448616204176;0.7470852176063092;0.10499561817054524
8073259;7764556;33;0.0;0.0;0.0;0.0;0.0;0.0;0.0
8073264;7764566;33;0.0;0.0;0.0;0.0;0.0;0.0;0.0
8073272;7764610;33;0.0019916779212295664;0.005326924386849121;-3.1616807787877885e-05;0.00012106409675619788;0.0031964411891921437;0.011956900806364556;0.0006046212390665349
8073550;7727381;41;0.00021942660644169956;0.0015287295906245939;2.739345500399141e-05;3.971738017355667e-05;0.0015287295906245939;0.0036731184391199634;0.0005300190886486033
8074236;7723214;10;0.0;0.0;0.0;0.0;0.0;0.0;0.0
8079052;7761301;16;0.0011023413245289252;0.0011731096433263233;-7.412717135286331e-06;8.348636934528015e-06;2.1217491799695176e-05;0.004411587234819401;3.499964124327297e-05
8079196;7761230;16;0.0008921401454150225;0.0009456901540187392;-6.941848925124982e-06;7.852227457003142e-06;1.607652237318861e-05;0.0035709135499404792;3.24026968112941e-05
8086130;7827592;46;0.0024476622854475915;0.00822282120395328;-4.346584256356035e-05;0.00037280681735560366;0.007230700673067463;0.022142126652977927;0.002160341368912508
8093706;7758298;31;1.6087220623460026e-05;2.8484915812831315e-05;-5.819062097307316e-07;1.8925296138471497e-06;1.5689784286570616e-05;0.00010736213708998682;1.0631465458274378e-05
8106384;7760242;33;0.07721512099386488;0.4127623344581788;-0.00524084303519262;0.02532173282514203;0.4080532778428042;0.7522564031782826;0.10576387710216757
8106525;7760667;13;5.372020126784654e-06;9.628902112581123e-06;-5.91928444348522e-07;5.845969708155048e-07;9.429812657517708e-07;2.1027925753320638e-05;2.2704092876299602e-06
8109294;7747930;31;0.0004229675348753917;0.0008330323211862541;-4.379619853547844e-06;8.315367141307415e-05;0.0008161154394651106;0.002931198172869923;0.00031346014441930084
8120914;7831340;4;0.0;0.0;0.0;0.0;0.0;0.0;0.0
8122451;7860836;33;0.03852847711113894;0.41428787574648973;-0.0019233313300821987;0.013618295641186008;0.39262711578940446;0.44136126903021594;0.0664723986235493
8125138;7826935;35;0.002025936890283453;0.008001960303847097;-7.651713328740305e-05;0.00021381439671291918;0.005857808437374049;0.014741544947425007;0.00145069872344874
8131423;8556493;41;0.00462108211260027;0.009278708509458748;0.00018950059076562224;0.0003550531288471717;0.003994588822911103;0.03404439210261302;0.002629523920970964
8131778;6822281;45;0.008458947578003868;0.03083273286897423;0.00018423207617720682;0.0016581695127421572;0.025774110358553384;0.08327616546378167;0.009086007555720383
8131982;7848976;37;1.0876207410810898e-06;2.641781088810076e-06;-3.0220206183106144e-08;1.2820180802284765e-07;2.641781088810076e-06;7.2755886234057866e-06;4.977297483664367e-07
8132362;7848838;5;6.435792171768798e-07;6.634071263193509e-07;-1.0067954483458651e-08;9.932039084410852e-09;1.409368847253075e-08;1.4394420820179231e-06;1.4300094923221363e-08
8135461;7854126;42;0.006831203731662548;0.00861553540798824;8.55579919031893e-05;0.00049237592186127;0.0068070674977284695;0.04571551454883793;0.0017590839382693227
8136351;7850312;42;0.0019742050443664555;0.0033014286029012675;6.896468721607528e-05;0.00010432031951695595;0.00213761031922576;0.01433953931260623;0.0009991424215092957
8136415;7850235;41;6.365791175583085e-06;1.5047079998379545e-05;-5.759175855601283e-08;7.918987185366415e-07;1.1084408365164432e-05;4.5463699883375886e-05;3.144847966968887e-06
8141016;7871841;31;0.0008750331077907532;0.0009896640504939924;-7.564278402905809e-06;7.42260022180328e-06;1.92559798001306e-05;0.00488670065141465;6.807778400076737e-05
8141055;7872149;31;1.2618651055460816e-06;1.6250641223218268e-06;-2.2907594886762328e-08;2.298485557830885e-08;5.107712944436192e-08;7.118679970794974e-06;2.0589651676995263e-07
8141136;7861946;33;0.0025226931622460104;0.00296249189499269;-2.0916822146346715e-06;8.228803031039698e-05;0.0019551592136290226;0.014701784738549759;0.0004310349912268261
8141270;7862170;33;0.001642061335821649;0.001976619660784115;5.59645752854809e-06;7.563670568715832e-05;0.001976054695735678;0.009761579194769722;0.00043722157082930267
8143037;7851399;20;0.0010312744858629696;0.0010950300931983333;-7.692980896069625e-06;9.528472797188354e-06;2.5644010442575638e-05;0.004616518719059767;4.566386951988266e-05
8143119;7851413;20;0.0006355089985243343;0.0007143639946232591;-8.260293096273304e-06;1.06367624920957e-05;3.1021616843429634e-05;0.002850538461631623;4.905903440403774e-05
8148704;6842644;12;0.0016341463581267277;0.0033751319349728318;-0.00041265586698549517;0.00031165777369866456;0.0031875981572428453;0.007974270457635805;0.0016213106193801196
8148830;6842896;39;0.0;0.0;0.0;0.0;0.0;0.0;0.0
8149802;7845715;20;0.0008333561665602975;0.0009049207020180671;-8.016494661772588e-06;7.344951682131555e-06;1.918787696087148e-05;0.0037328112776570392;4.7026602961564026e-05
8149957;6844846;46;0.009958609063690846;0.03083495681104499;0.00011202370389498549;0.0017678966406747827;0.025841202639146656;0.08703160963356657;0.008092538067460856
8159060;6894960;34;0.0;0.0;0.0;0.0;0.0;0.0;0.0
8162325;6848652;12;0.004023956365067011;0.005917496329854456;-0.0004314518398344746;0.00033450080751224;0.0031967622601699087;0.015096933529762461;0.0016735865694795103
8162344;6848638;12;0.0;0.0;0.0;0.0;0.0;0.0;0.0
8162358;6848664;12;0.0;0.0;0.0;0.0;0.0;0.0;0.0
8162360;6848665;12;0.0;0.0;0.0;0.0;0.0;0.0;0.0
8162369;6848691;12;0.002009104836526939;0.002531949793610642;-0.00011426195562270729;9.54847971786333e-05;0.0008197639965111772;0.007123044811634646;0.0004377728157659693
8162389;6848678;12;0.0;0.0;0.0;0.0;0.0;0.0;0.0
8167920;7850175;51;0.0002958966502178429;0.0009602874257824626;3.959270108072651e-06;3.5951004848602316e-05;0.0009602874257824626;0.002447760215427172;0.0001729917749439354
8172128;7915150;34;0.0;0.0;0.0;0.0;0.0;0.0;0.0
8178864;8577207;38;0.0002976469724556596;0.002356960852443827;-4.074306688551824e-05;6.547654577755159e-05;0.0021134100943292914;0.00503616883257491;0.0007608242611616445
8179024;7849286;52;0.06646125508354114;0.4210040022870212;-0.001788242022683818;0.016878604152998692;0.38353650062480615;0.9856844540041018;0.11944460613822601
8180505;7848532;7;0.0004347182841726425;0.001512603971620365;4.331446695910007e-05;0.000501094376777725;0.0014836599926915817;0.0020810245828955165;0.0006555045394260837
8180538;6831925;32;0.0;0.0;0.0;0.0;0.0;0.0;0.0
8180638;6838276;42;0.0022041408558919097;0.004284945396461621;3.5533868407917957e-05;0.00032074678298794966;0.003509582646895864;0.015479634052805231;0.0009203146470102434
8180751;6819488;52;0.00047396615480048713;0.0035411640997092845;-7.675581941451935e-06;0.0003344479404204779;0.0030461171403270908;0.0071046665482096;0.0008637441209266453
8183475;7848608;44;0.07289735996308536;0.43249830976055337;-0.0007110909026958204;0.01964673761941936;0.39046410007408383;0.889371662517214;0.11252927398386539
8190639;8569465;38;0.0021751258494633273;0.00553380955285355;-6.684371325192738e-05;0.00014036130880233923;0.003264000608927132;0.015002123741835214;0.001091584594778574
8190672;8569488;38;0.0007994666674549097;0.006634543973766068;-0.00010881578621233029;0.00021194404544796951;0.00633178626977366;0.013557159079287402;0.0020488056733451564
8190673;8569503;38;0.0019432899847602607;0.005494006116613704;0.000115588157615139;0.00014461622977525316;0.0039668521914210065;0.016249477444513324;0.0017810643665391193
8198228;6770959;48;0.22650169971566148;0.3857475460278502;0.011252119257616324;0.008953515599835388;0.36013301999096203;2.0130054720057506;0.1819824895175975
8200902;7918098;41;0.0021743761611376176;0.016983097011936232;-8.333787578273356e-05;0.0009636712561296799;0.016983097011936232;0.022202929429737076;0.0027010643609728232
8217283;8038713;33;0.0011754493250546432;0.002016961525223171;-8.075432974164362e-05;6.284922624778904e-05;0.0016967521191164148;0.008444456041131922;0.0008827189574736765
8217328;8038805;33;2.908176431900613e-05;4.7740760326693695e-05;-1.7530724726498349e-06;2.2208802809588767e-06;3.802008469167845e-05;0.00020077990390264666;1.93866966932035e-05
8226586;7931649;38;0.002088760926537507;0.004173851740139676;-7.84265269028402e-05;0.0002712712671612654;0.004038477783275717;0.015358177572327372;0.001358042073900647
8227021;8063295;37;0.0009166205489326914;0.001166286041532182;-9.673763195801777e-06;1.1496562266403663e-05;5.094901833051072e-05;0.005613043253709294;0.00010642914546481151
8228269;8062491;37;0.0017947560292573197;0.002286850570472737;-1.846097287294779e-05;2.251444390626847e-05;9.721700824417978e-05;0.010987202519633402;0.00020375519485236248
8228384;8062574;37;3.7851032837698544e-05;5.123781519544815e-05;-8.398603999235909e-07;2.0510895404132673e-06;1.2270056088046018e-05;0.0002378751950200973;9.82919395566578e-06
8256097;6832976;6;0.34345264600617104;0.34569885161804054;0.0009135340870417095;0.001788555623692334;0.004193448166996683;0.8412980172255338;0.0020013951705925054
8286287;8642201;41;0.0009601901873367258;0.00471085400399371;0.00010991579615665141;0.0001249834634380014;0.003984672898003727;0.01307087059257453;0.001801402468658608
8293748;8027453;33;0.0038050627372225965;0.012508339104120214;0.000379048044283409;0.00040715178896598734;0.006111488473371941;0.033803148691073086;0.0044885790459322185
8306102;8167611;43;0.019166562894780706;0.026235836206043726;0.00025373175368193456;0.0010345808064037548;0.010676796083382501;0.13216242161886896;0.006232974877815405
8318990;7860011;37;0.0;0.0;0.0;0.0;0.0;0.0;0.0
8319762;7859640;37;0.001031522056902703;0.002721592410538886;-2.7522611008995652e-05;5.7144584322273707e-05;0.0015642397295276575;0.006941994112267744;0.0004882922629836604
8319879;8270706;35;0.003698123700404858;0.0070641877208877275;-0.00020901956186190418;0.0004155404541698663;0.0070641877208877275;0.0289736610398212;0.003210735885512357
8321739;8267992;35;0.0;0.0;0.0;0.0;0.0;0.0;0.0
8334557;8318873;35;0.006148124220607273;0.010052735821015643;0.0001646237643524456;0.00037771326912210953;0.006058720947405286;0.038768426363210665;0.0022678547607757594
8340601;7883747;42;0.00888457986171968;0.31036570191734525;-0.0011166332272870149;0.014731341160631385;0.30618339059732663;0.3118087827576584;0.047285710897490216
8342304;6664428;36;0.16209466700676417;0.35777204819168396;-0.0028720149832783303;0.020049478391429974;0.3388730264133168;1.3523499537686485;0.1566100854266958
8363401;7845307;51;0.0023777602866710823;0.004558853506977767;6.359296858271182e-05;0.0001612310117506933;0.0025014427480000703;0.020459578210310986;0.0015981202040697613
8364374;7846914;14;0.02564450372746589;0.30458415079489093;0.0065573584269948675;0.04668745538633217;0.30100109602221825;0.30536398728295366;0.07747819819119244
8364389;7846973;14;0.0;0.0;0.0;0.0;0.0;0.0;0.0
8364420;7846884;14;0.003835872833045728;0.010705913771104716;0.00045330593626316187;0.0015818030804495185;0.006954886546334681;0.02051253470107617;0.003916715044748945
8364448;7846974;14;0.0;0.0;0.0;0.0;0.0;0.0;0.0
8373174;6358905;33;0.003266873053218872;0.004039602796874082;3.038740015009368e-05;0.00012642070868434642;0.0030294549668538314;0.019411582449008077;0.0008637193736475832
8374821;7850040;33;0.019957711598788015;0.05792112788729374;0.0014639889015539867;0.0021635368463021154;0.047462509905190686;0.16049551463433398;0.019551464250479437
8376072;7886180;22;0.0008398256218932284;0.0009120455518883374;-7.717377301211395e-06;6.985428020005373e-06;1.9170851251056617e-05;0.00394602386324185;4.970306151650354e-05
8379621;7920987;38;4.86541065075539e-07;1.2481651971601746e-06;3.8770067333435017e-08;4.418686449820848e-08;8.271320660630885e-07;4.207633891869212e-06;4.787247056344634e-07
8389566;6358539;33;0.0033898685224264626;0.004368017258022546;5.264130503723264e-05;0.0001702526165502295;0.004302485515885157;0.020784311857264794;0.00126464434576265
8415099;8181903;29;0.0;0.0;0.0;0.0;0.0;0.0;0.0
8437379;6649965;36;0.00136896157544029;0.0019358616000604368;3.585523253826365e-05;6.816344954693524e-05;0.0018975015558824525;0.009154917846851594;0.0006738470021173464
8440504;7823025;10;0.002521468741580212;0.002619969032966909;-1.4754959225656741e-05;2.544930735540436e-05;6.466335187538036e-05;0.00797488746808554;4.5589451594479985e-05
8450995;6863776;52;0.007571515332775219;0.028784482221807087;6.974851004465382e-05;0.0015188872167701283;0.025896126521176965;0.07890467572357472;0.007899488713312483
8473436;7810495;36;0.00016748236829528467;0.0020729668844508883;-2.5639706176852078e-05;5.922762527002538e-05;0.0019472351547823246;0.003482190875616675;0.0005556737882315917
8494176;8870829;37;0.0;0.0;0.0;0.0;0.0;0.0;0.0
8500461;7799937;44;0.0021684617160762933;0.004810935382728505;-3.956666215989883e-05;8.408496747460343e-05;0.0009745237128242273;0.015233948470439124;0.0007564154789667017
8501053;7805842;44;0.002836912537180525;0.007170904918746229;-3.589637828203636e-05;0.00020696125467266216;0.0035241394297924108;0.02076790332698851;0.001324511984573003
8501057;7805836;44;0.0;0.0;0.0;0.0;0.0;0.0;0.0
8501060;7805833;44;0.0;0.0;0.0;0.0;0.0;0.0;0.0
8501070;7805827;44;0.0024503775711820436;0.004884565086439636;-5.3032235708674e-05;0.00015184475953336003;0.0020477012046348536;0.017441059334540612;0.0009534523405579337
8504742;8399423;40;0.01124805020327808;0.019772318753744758;-0.0001750702850029076;0.0010383551328113718;0.01076675181411996;0.07495026189265598;0.003730939636201443
8504827;8399377;40;0.0;0.0;0.0;0.0;0.0;0.0;0.0
8504864;8399570;40;0.0;0.0;0.0;0.0;0.0;0.0;0.0
8505273;8399601;40;0.008503597980121607;0.01648948956490853;-0.00014276076008307788;0.0010292427910724266;0.01096452213972041;0.058266237658174555;0.003544387487767622
8505389;8400042;33;0.00016644521927851642;0.0007961985898659761;2.2706931890941325e-05;2.5731281554515838e-05;0.0007961985898659761;0.0020761878908717407;0.00032080976117357965
8505488;8399916;26;0.008221804519490512;0.015418175033994324;-0.0003175928675202787;0.0006001869497302201;0.007613547706455595;0.04509711668582088;0.0032593069396608964
8505599;8399610;33;0.0;0.0;0.0;0.0;0.0;0.0;0.0
8507843;8402263;33;0.0;0.0;0.0;0.0;0.0;0.0;0.0
8511028;7798745;44;0.00042300094593702054;0.006080997429231027;-4.511381325326107e-05;0.00026535634538782946;0.005848969191568219;0.008984829488595783;0.0012867705323400388
8511155;7798959;7;0.0;0.0;0.0;0.0;0.0;0.0;0.0
8511156;7798928;7;0.0;0.0;0.0;0.0;0.0;0.0;0.0
8511273;7798751;6;0.0;0.0;0.0;0.0;0.0;0.0;0.0
8511277;7798724;6;0.0;0.0;0.0;0.0;0.0;0.0;0.0
8512762;7845091;31;0.0;0.0;0.0;0.0;0.0;0.0;0.0
8525403;7798481;44;0.09795996079006003;0.41904361586670447;-0.005099994335479387;0.021051545829888052;0.41367711244675703;1.1295767303393032;0.13929308680003946
8526574;7825044;38;0.0018459405082198945;0.006306950910724496;4.17490428787025e-05;0.00042756413238925376;0.006306950910724496;0.013569779727373658;0.0011992767576393534
8530370;7835309;34;0.002979733836184991;0.005267989871763457;1.7104432977616177e-06;0.00016996879986799228;0.0020472410883601694;0.017681463425716096;0.0005624129187951583
8530372;7835336;34;0.003919505134027436;0.0049293611710428745;-1.7747202850657575e-05;0.00014157740080757616;0.00176392774446595;0.023034994527893506;0.0004936441933509907
8530375;7835324;34;0.0;0.0;0.0;0.0;0.0;0.0;0.0
8530375;7835327;34;0.0;0.0;0.0;0.0;0.0;0.0;0.0
8530526;7834874;34;0.0030065755140808704;0.003181899579249279;-4.068307477408467e-06;4.5891123985448845e-05;0.00029695022535034454;0.017538802153893942;8.856802799720812e-05
8530808;6641327;36;0.1580335857370546;0.352297361006783;-0.0030125128365866604;0.01985494506217438;0.33199045786544196;1.3286806145802221;0.15512594019846526
8531799;7839221;34;0.04177490430223818;0.42030727460943346;-0.0033845012568729164;0.0253123606136347;0.4137713660575153;0.6047359666692085;0.09492578215167743
8532657;7833592;38;0.0;0.0;0.0;0.0;0.0;0.0;0.0
8534838;7792974;26;0.03512947316547869;0.0400202331346445;-1.3707782430085106e-05;0.0009940436493500002;0.005544299856054646;0.17933640928298028;0.0017037367023732567
8537480;7842507;9;0.0;0.0;0.0;0.0;0.0;0.0;0.0
8540995;8697094;41;0.002378939477220398;0.008839600607054316;-2.4784278807989203e-05;0.0005034094790464258;0.007384819508027609;0.021694308858822748;0.0024124148531649778
8541129;8696611;39;0.004247664193471171;0.012137498520036021;-0.00019853751357966882;0.00043824274779628554;0.007500695445458785;0.03221423345629034;0.0029268581398304975
8541156;8696635;39;0.0;0.0;0.0;0.0;0.0;0.0;0.0
8541179;8696590;39;0.0;0.0;0.0;0.0;0.0;0.0;0.0
8544707;7843512;31;0.03713367286323297;0.4151302669805797;-0.005647366775847568;0.013926205349475956;0.3707581156874871;0.5923012506102603;0.09968896337864226
8555803;7825791;40;0.0018602803205056632;0.0025580035997245227;-2.1052916043550867e-05;2.815328457324107e-05;0.00010687786092755105;0.011877740587278335;0.0002576337819586603
8557463;7824505;44;0.0008297601856730692;0.0012926400308244932;2.647658386751388e-05;3.900662659654789e-05;0.0012757616917012868;0.006437246528708128;0.000503263359108325
8558116;6394696;49;0.001502974525345007;0.0024867165269069026;4.4663323962704565e-05;0.00021983083563152208;0.0024462253691634748;0.01230097939897351;0.0009105549485935762
8558586;7810235;37;0.00023826360052392888;0.0022783262206675183;-3.4545604175613844e-05;6.430812980435906e-05;0.002100138854855836;0.004409894201857095;0.0006847112977762795
8560794;7813680;33;0.04852355574595479;0.4147019131539255;-0.006409944191750664;0.02566291040407705;0.4033215794074441;0.723379936323519;0.11619978381320871
8562800;7825888;40;0.0;0.0;0.0;0.0;0.0;0.0;0.0
8562800;7825892;40;0.0;0.0;0.0;0.0;0.0;0.0;0.0
8562802;7825899;40;0.002290136005089742;0.0029349934266316617;2.2279011462944534e-05;7.538901772033008e-05;0.0019017979531610956;0.01496658453826296;0.000596022983378908
8562804;7825883;40;0.002362905858407272;0.005103275054835032;-7.495257825416506e-05;9.587181845486026e-05;0.001963447226093197;0.016524226940115273;0.0011148667200680884
8563717;7824713;44;0.036831144624157236;0.41472428984636267;-0.0015102291742739324;0.019600549068426214;0.4123647599703651;0.7234678112067757;0.10265987669152012
8563739;7824622;44;0.0037651326338199206;0.008909028826732874;-0.00010157626588419397;0.0003057159213270802;0.0050718417952362385;0.028325616935752168;0.0020146437186697327
8563764;7824730;44;0.0;0.0;0.0;0.0;0.0;0.0;0.0
8563833;7824640;44;0.0;0.0;0.0;0.0;0.0;0.0;0.0
8565370;7797287;32;0.08111523177094773;0.414125446934473;-0.006138338092084343;0.012532124056640255;0.3633339995605296;0.7586816307789279;0.10680707351242404
8566002;8144073;42;0.0037957312580722546;0.008103862909521291;5.7207650897966835e-05;0.00039768991457237;0.00803779838899254;0.03429760289390181;0.0036878416108448177
8576986;7846961;41;0.0;0.0;0.0;0.0;0.0;0.0;0.0
8577543;7843630;44;0.04422666496595607;0.4227207607222983;-0.001223091505663057;0.01945251242215372;0.41425750645043635;0.7425771957254489;0.10284111579110218
8579341;7844558;7;0.0;0.0;0.0;0.0;0.0;0.0;0.0
8579366;7844531;7;0.0;0.0;0.0;0.0;0.0;0.0;0.0
8588734;7774513;50;0.10684684411595446;0.4138356154895727;-0.0022122219790010633;0.01655534517232342;0.36335789311206185;1.241588160095105;0.13933619446585982
8609120;8677225;5;0.0;0.0;0.0;0.0;0.0;0.0;0.0
8620282;6644900;36;0.001343257148232559;0.0023000245656262567;-2.956256455209309e-05;3.6696043308407806e-05;0.0006472873930664005;0.008367431951523329;0.0003748216567534441
8620319;6644313;36;0.001355078928328385;0.0016163657424894866;3.1364108001128637e-06;3.2524073220476336e-05;0.000624865156166867;0.008201332548068466;0.0001792929858593837
8620360;6644315;36;0.0013305268698349942;0.003446937084873851;-6.224185610825647e-05;7.782692483112935e-05;0.0019194236329966535;0.009577751686389005;0.0008819559121858194
8622685;8036513;44;0.004027111694948026;0.008422834143352388;6.435058731892036e-05;0.0004273975002282224;0.007418546875637107;0.035856647729574594;0.003605940577855115
8623743;7985063;34;0.0003073001442373624;0.004006797148284045;-4.903487971266283e-05;0.0001676714089507749;0.003960969954593759;0.006155995293555414;0.0010100312048213003
8625437;7987185;46;0.005238166296298493;0.010324070576582476;0.0001072952442923194;0.0004689450694639852;0.0073969860944457354;0.04482618508414065;0.004030376793272478
8630864;7992746;31;0.0;0.0;0.0;0.0;0.0;0.0;0.0
8632699;8005208;33;0.0;0.0;0.0;0.0;0.0;0.0;0.0
8650163;8437231;7;0.0;0.0;0.0;0.0;0.0;0.0;0.0
8688292;7656011;42;0.12692208210951364;0.41354471848788965;-0.007193476595954113;0.019778527505733084;0.3633723271269737;1.2401253816688809;0.14320514217662864
8688946;8695853;4;0.0;0.0;0.0;0.0;0.0;0.0;0.0
8689505;6639820;41;0.0;0.0;0.0;0.0;0.0;0.0;0.0
8692000;8688628;9;0.0035693506222848645;0.00620010805956974;0.0007940923317463272;0.0007969812563962336;0.0031838812438219756;0.012514099426194462;0.0021587112839076632
8693619;6640302;41;0.14082933142733364;0.35362779796667365;0.00036482302359531403;0.01748591181103832;0.32751797113217485;1.334412721645183;0.15361564226495375
8723677;6901336;52;0.007381464351159626;0.028531842402569098;1.3325030479735135e-05;0.0014361323459565923;0.025352278052645425;0.07899908571122737;0.008095087200678886
8730153;6899924;19;0.24868799245386145;0.3394678677517503;0.01938702207666179;0.018811458393125573;0.30375482575680895;1.2337206787230226;0.13514087754419568
8753293;6636665;41;0.13816392377056952;0.34929451651541915;0.00022079794116761244;0.01737186968635644;0.321880253172458;1.3158253210786508;0.15211807131888438
8798489;7565376;46;0.1156576332214635;0.4132527559294239;-0.0041622534611329845;0.018014091781021403;0.36337572773404564;1.2386694112363845;0.14134249620219655
8821380;6637590;41;0.0020940948857803648;0.002849756154885716;3.6847048543536854e-05;9.256162291618872e-05;0.0018289527570382472;0.014109795641191011;0.0006859524981680444
8821695;6636947;41;0.001979025248857746;0.0031661042700175434;7.516559290774035e-05;9.86023957212225e-05;0.003100039749488793;0.01502698640193757;0.0012613595255811028
8821743;6636963;41;0.002208104526032108;0.002559161067416706;-1.4383297436737229e-06;8.754914576172014e-05;0.0017124702284530766;0.01424370811035889;0.00026952855045299297
8823174;7884982;30;0.0;0.0;0.0;0.0;0.0;0.0;0.0
8844974;6358477;33;0.0;0.0;0.0;0.0;0.0;0.0;0.0
8845032;6358393;33;0.0039669922230193225;0.0044524816801390045;-2.26699594101649e-05;5.199325443593925e-05;0.000540289952375976;0.022837501431116153;0.00025992835836235144
8845147;6358391;33;0.0;0.0;0.0;0.0;0.0;0.0;0.0
8845643;6358379;33;0.0;0.0;0.0;0.0;0.0;0.0;0.0
8845756;6358377;33;0.003718317612949341;0.007125070301296436;-9.094152848684503e-05;0.00013610480583398077;0.0031505515652131754;0.02247645126922182;0.0012177553608414464
8845823;6358458;33;0.0;0.0;0.0;0.0;0.0;0.0;0.0
8867849;7531679;38;0.12401667101099216;0.4129597278141754;-0.009422832887520395;0.01370685686530476;0.3633770135368551;1.16335697151929;0.14225203032626405
8889065;6641991;41;0.13827942533046692;0.34903014348778405;0.0001825986812951369;0.0173698687708222;0.3206155024381432;1.3147299301747744;0.15178174406104183
8907236;6870403;48;0.0;0.0;0.0;0.0;0.0;0.0;0.0
8907337;6869860;47;0.0024339813301393373;0.006029886067480803;4.168098211317809e-05;0.00038149055278058054;0.005149926823487893;0.021597928827541323;0.0020001599362253035
8947748;7499026;41;0.0;0.0;0.0;0.0;0.0;0.0;0.0
8947796;7498981;41;0.0;0.0;0.0;0.0;0.0;0.0;0.0
8947800;7499055;41;0.12755914050089798;0.41079718032364154;-0.008179422413478155;0.020175743181396474;0.3633748666070391;1.227605729331125;0.14312634017676204
8947823;7498996;41;0.0020646854713194354;0.002972354089873917;-1.3184827720272583e-05;9.436002997612588e-05;0.0016921948223194724;0.01348768713018288;0.00041724222967296
8948282;7499530;41;5.876397930307407e-06;1.2484511403040603e-05;-1.315265009266506e-07;4.3126924065866946e-07;7.854640634308436e-06;3.9817191497179444e-05;2.0338272264851947e-06
8976197;6634616;41;0.002331919583007913;0.003826588190357137;-3.952115758097245e-05;0.00011867171932410258;0.002570421282627946;0.01545848580593101;0.0006249483257842663
8976255;6634590;41;0.00259810053373677;0.006356812565469267;-0.00011524854627875334;0.00023900687472764342;0.004286977082386572;0.020094863247048927;0.0017603238837107535
8976773;6636743;41;0.0024655400567077787;0.0050928578456053844;-7.740143496835932e-05;0.00017813033609618536;0.0034285357596550367;0.017511369620272683;0.0011833568143968158
8994496;7469021;39;0.0;0.0;0.0;0.0;0.0;0.0;0.0
8994498;7469080;39;0.12564101872421654;0.4098967848422416;-0.009343809646360574;0.013497160558974272;0.36337839782940723;1.1873868000097298;0.14270702056122805
8994575;7469055;39;0.0015617056295851525;0.0019280529377621721;-1.4429645615307357e-05;2.549450796491944e-05;0.00016248972577670375;0.009808533153852966;0.0001671225686083981
8994576;7469013;39;0.0;0.0;0.0;0.0;0.0;0.0;0.0
9000299;7473773;39;1.974520360651721e-06;4.161503801013534e-06;-5.3464386596281594e-08;7.668804897500316e-08;4.724432366621541e-07;1.306418771597088e-05;6.910138435591386e-07
9014400;6849811;57;0.00688589058036198;0.013927040967948636;4.9487783346176786e-05;0.0006596381096420587;0.008664479577442846;0.05976867030249228;0.0039059358154891794
9031345;6274171;49;0.003004697067422742;0.005915817374747528;4.608715918321673e-06;0.00022927233329058384;0.0033453643753353236;0.022686425485227087;0.0012146376163603373
9037089;6299223;49;0.0;0.0;0.0;0.0;0.0;0.0;0.0
9042083;6646765;42;0.13815987605775898;0.3507562376921047;0.00047620600072674035;0.0171303112638096;0.315596934256949;1.3226540144481587;0.15021502723789515
9066072;6645954;42;0.1375440768435842;0.3494077547917611;0.0004107637496845298;0.017099109938582192;0.3131701473674662;1.3169752427476304;0.14959088023438497
9066263;6226806;45;0.0;0.0;0.0;0.0;0.0;0.0;0.0
9070434;7411697;49;0.10593729594430576;0.4096660917987824;-0.0026677809308426202;0.016832403142228076;0.36338903170628073;1.221789399900905;0.13871542700594447
9148078;6827033;42;0.00854148805610013;0.014930096550127761;-0.00021766823221287617;0.0006526170596490902;0.009114588791374374;0.060339541043351805;0.003705418967369944
9158714;6119529;45;0.0;0.0;0.0;0.0;0.0;0.0;0.0
9160778;8794733;7;0.0;0.0;0.0;0.0;0.0;0.0;0.0
9160792;8794761;7;0.002469404865820742;0.003162130067601186;-0.00015144683439842875;0.0004032166589250287;0.001564862899338902;0.0067655391331599354;0.0006640564759700572
9160839;8794746;7;0.0;0.0;0.0;0.0;0.0;0.0;0.0
9161030;8795240;7;0.001218307606580696;0.0030975174201665536;0.0005499157840827803;0.0005243926751245442;0.002317718571075266;0.0045698018129793384;0.001224346743611382
9164017;6648962;42;0.0003709162602465044;0.000604366548311551;1.4505100263808651e-05;1.8987459641763747e-05;0.0005889159749620851;0.0028689987880006337;0.00024166295974374524
9198084;6819310;29;0.0021516843337771848;0.003211221911644968;-6.46780433307601e-05;6.788757062308415e-05;0.00113074185435032;0.012102716966665003;0.0006489551092481245
9206908;6825302;29;0.004430703353074938;0.007331616764456532;-0.00021531365181505906;0.00018607759814513405;0.0030646591915497786;0.02605899337653689;0.0019455369076591873
9208763;6827105;5;2.9282854381548035e-05;3.0185024247530466e-05;-4.580919289973673e-07;4.5190777834069435e-07;6.412628255001495e-07;6.549461473181551e-05;6.506543190065726e-07
9209116;6826556;5;0.001422558583613728;0.0014424817764612011;-1.1627318397423592e-05;1.0722219064589992e-05;2.3966106897115773e-05;0.0031811663145799043;1.7055802252652983e-05
9209132;6826577;5;0.00222713529953198;0.002254589118796314;-1.5322483095307037e-05;1.4809786115175844e-05;2.3331355478411597e-05;0.004980266640664615;2.189794515385174e-05
9209137;6826568;5;0.0011162292511570399;0.0011377321053778486;-9.220537330583783e-06;1.1543894678107513e-05;2.7031770981376674e-05;0.0024961810119400528;1.4703323957754456e-05
9210524;8786932;4;0.0;0.0;0.0;0.0;0.0;0.0;0.0
9210533;8786933;4;0.0;0.0;0.0;0.0;0.0;0.0;0.0
9212100;6823983;29;0.00040520997732234747;0.00046902883830778107;-1.2922594128768205e-07;1.0204839143668032e-05;0.00011817286668902181;0.0021903129118681286;3.5141097842887304e-05
9221447;7312611;40;0.12965294351545803;0.4093602770021412;-0.009243826935517487;0.013175088982141498;0.3629840630228072;1.2207226461104843;0.1429832462421805
9223851;6833699;42;0.003670296194010315;0.01335012409457289;3.5820204505295168e-06;0.0006117038543841781;0.01334047932935963;0.03249799879358593;0.003416816992791876
9226270;6842262;40;0.0029191384096776177;0.014008342244051928;2.5827067394645422e-05;0.0006850466097662982;0.014008342244051928;0.024896266481021743;0.0026408773281801625
9227321;6821616;32;0.0015185826038599955;0.002644628272602889;-2.2808595463893972e-05;0.0001360060881751141;0.0023766407417483604;0.0095107472557008;0.000721529048487087
9236511;6849780;30;0.0;0.0;0.0;0.0;0.0;0.0;0.0
9238070;6808623;61;0.003762277685288781;0.015913259804054537;-5.7669250131688636e-05;0.0007627297952261132;0.01469406522952689;0.04715810126097896;0.004722544080774249
9243799;6833280;61;0.006185821837549767;0.02139766789288147;1.760741676851565e-05;0.0009672563971729666;0.014738106304387613;0.06484697127325709;0.005538245243719185
9246197;6832708;36;0.0;0.0;0.0;0.0;0.0;0.0;0.0
9246390;6644184;42;0.0005246086720786617;0.001266269655248248;-2.0822319521390264e-05;4.698910848448685e-05;0.0008581144770270913;0.004058689140652235;0.0003420511890820489
9252350;6809428;46;0.004513770176456012;0.016929358713164155;-0.00027226904779955463;0.0008353932497741342;0.014707753513560169;0.049131136174676564;0.0056657993149301185
9276529;6764535;46;0.0;0.0;0.0;0.0;0.0;0.0;0.0
9281067;6750809;47;1.3474936614308814e-06;4.814451056290562e-06;-5.338701542057043e-08;1.9576572049129165e-07;4.814451056290562e-06;1.165315876368378e-05;1.0361176337408333e-06
9288339;6760985;46;2.753574003793541e-06;9.628902112581123e-06;-1.2170385702144642e-07;1.8625653716928243e-07;9.429812657517708e-07;2.330631752736756e-05;2.05576932677373e-06
9288341;6761012;46;0.0017400753987993768;0.0025533737289557905;-2.0423943071939242e-07;6.704385978162434e-05;0.0017132873427141864;0.012101943224805567;0.0003949507320706377
9288352;6761007;46;0.0008700376993996884;0.0012766868644778953;-1.0211971535969621e-07;3.352192989081217e-05;0.0008566436713570932;0.0060509716124027835;0.00019747536603531885
9290241;9003917;5;0.0;0.0;0.0;0.0;0.0;0.0;0.0
9290712;6837597;51;0.11500711544708618;0.3388432947699386;0.007425540775508715;0.009309556851441443;0.29767012572518153;1.259208825767017;0.13365513128894488
9290771;9003983;6;0.0;0.0;0.0;0.0;0.0;0.0;0.0
9290787;9003984;6;0.0;0.0;0.0;0.0;0.0;0.0;0.0
9309593;6573128;48;0.0;0.0;0.0;0.0;0.0;0.0;0.0
9313182;6613242;19;0.005635490670415638;0.010161362949996111;-0.0002983862467575664;0.00032612184876970054;0.005006479416384508;0.026374100239840114;0.0022025919734741475
9313222;6613316;19;0.0;0.0;0.0;0.0;0.0;0.0;0.0
9313260;6613214;14;0.003915210607555259;0.004243761670344594;-4.063829495299338e-05;5.678588418416749e-05;0.00011801903235945889;0.01466364718703398;0.00017285654758963242
9313293;6613274;14;0.0;0.0;0.0;0.0;0.0;0.0;0.0
9313355;6613180;33;0.0;0.0;0.0;0.0;0.0;0.0;0.0
9313476;6613614;23;0.12721404813509088;0.3086866572282945;-0.018342440442031663;0.013752594761538967;0.2927287924453868;0.9202693797390397;0.14365980471664735
9313510;6613678;23;0.0;0.0;0.0;0.0;0.0;0.0;0.0
9313649;6613553;23;0.0;0.0;0.0;0.0;0.0;0.0;0.0
9313891;6613099;25;0.12707072140157546;0.32650460400213815;-0.013403827884796023;0.024122238402055837;0.2912482532830268;0.952576064423449;0.141947448384893
9314296;6612964;19;0.0;0.0;0.0;0.0;0.0;0.0;0.0
9314392;6612921;19;0.008418486499311026;0.013186805237830867;-0.00032072270207810926;0.0003496472675282986;0.005027493601138021;0.03804323516592943;0.0023026341671596737
9314409;6612956;19;0.0;0.0;0.0;0.0;0.0;0.0;0.0
9324185;6615496;44;0.1403809831268595;0.35913496784438986;0.0010004546958930472;0.016692510366292407;0.3036028091779118;1.3585190087453989;0.14912424643422964
9344912;7162359;48;0.10903408933565205;0.4093906453704488;-0.003065468157557963;0.01712897194059009;0.3614667913585461;1.2212427440551124;0.13850308911409276
9349372;6584869;58;0.006317894982252786;0.014142339142339143;0.0001303885912366387;0.0009315963346420498;0.010305298639249161;0.05853152987586899;0.004376315099323344
9359555;7073142;31;0.0;0.0;0.0;0.0;0.0;0.0;0.0
9406937;6611152;58;0.005698208064060861;0.014227139824909855;1.6568356115800505e-05;0.0009623813251778642;0.011694876610176949;0.051393965808104035;0.003615351280894808
9406955;6611150;58;0.00035094093016607264;0.000826950826950827;1.690909718119715e-05;2.2431656453857387e-05;0.0005769665201099463;0.003742520253903778;0.00034399290128656865
9408488;6609132;58;0.0002707390125884721;0.0012234433506374753;-2.0472414334167672e-06;4.346714898617625e-05;0.0012221224600930702;0.003648706410748374;0.0003952668439881446
9420390;7120763;42;0.0011539116838153807;0.0021899288736103154;-2.2972052813418762e-05;7.643322875995163e-05;0.001754034993956653;0.00802191735524713;0.0004479489433198609
9420413;7120810;42;0.0;0.0;0.0;0.0;0.0;0.0;0.0
9420437;7120776;42;0.12544129539086812;0.4071684267000825;-0.007003995191856627;0.019429804912289128;0.35699393684420716;1.2168799300003295;0.13971953056419914
9420449;7120802;42;0.0;0.0;0.0;0.0;0.0;0.0;0.0
9421326;7117789;42;2.2177683441700327e-06;6.226543443371923e-06;-7.534735288254937e-08;1.2144354886362215e-07;9.429812657517708e-07;1.6087093477389295e-05;1.1150243063477976e-06
9427974;6521497;51;0.0001496237126166079;0.0012266032453487393;-5.977031821332623e-06;5.0028001296331704e-05;0.0012266032453487393;0.0028079299119460593;0.00036360721012948077
9433173;6933388;40;0.1407161025825044;0.32806990236541456;0.009180312207806735;0.0105064076933747;0.2937301053548489;1.2214705452957273;0.13228278723861292
9434625;6525285;12;0.001210242924727437;0.002559161067416706;1.012916918181565e-05;0.00021774755650747144;0.0017124702284530766;0.004471924238810444;0.00044924484373098483
9441238;7085140;58;0.0;0.0;0.0;0.0;0.0;0.0;0.0
9451096;7086384;54;0.0;0.0;0.0;0.0;0.0;0.0;0.0
9452215;7089437;58;0.001355146863600109;0.002559161067416706;-9.755740896544476e-06;9.864090160386648e-05;0.0017124702284530766;0.010949034013737395;0.0004801007538351049
9460991;6629903;40;0.0;0.0;0.0;0.0;0.0;0.0;0.0
9464204;7069651;59;0.0026476651444817703;0.005449782148811275;-5.794363389096885e-07;0.00032694108687451656;0.004185689897815654;0.021081623051527984;0.0007229543690713201
9466484;7083833;40;5.5596752003155934e-05;0.0011093451204242204;-5.647264401644694e-06;5.6979336784683865e-05;0.0011093451204242204;0.0015343030945477764;0.0002361379910458536
9467173;7085340;35;0.00016961358947935895;0.0010205367191281614;-2.0842173620770326e-05;6.0031571713421256e-05;0.0010205367191281614;0.0024240418086243108;0.0003729830233285647
9471763;6449785;32;0.0;0.0;0.0;0.0;0.0;0.0;0.0
9472929;7059034;29;0.0;0.0;0.0;0.0;0.0;0.0;0.0
9479423;6462105;56;0.0005021586556280026;0.0010078976464121048;2.1643487566842575e-05;2.271156627379363e-05;0.0010078976464121048;0.004987243521520864;0.0004381668851858223
9483820;6652919;58;0.006013704583505028;0.01643488376130701;-5.0253611927897515e-05;0.0009685782805936657;0.011766543346108639;0.05359686387437138;0.0036555921586048095
9500276;7093808;49;0.11057323867146564;0.40919511570081935;-0.002417499545732668;0.01663630942943085;0.35386147598722195;1.2246832692367884;0.13558290599797718
9537294;6670577;58;0.006001247879198115;0.017566887164262027;-8.713127939691277e-05;0.0009630490746284471;0.01180612299720516;0.05437111303679178;0.003867078819586664
9568341;6885004;37;0.0;0.0;0.0;0.0;0.0;0.0;0.0
9572527;6877979;60;0.003524388404861607;0.01631442343344457;-6.499241898346387e-05;0.0008135811440257971;0.01577102353711622;0.041768985322690445;0.004081195325693509
9585751;7138101;31;0.0;0.0;0.0;0.0;0.0;0.0;0.0
9586859;7002124;47;0.12793038516700708;0.41887303517988994;0.004014975319984769;0.024474921073617213;0.2984021119260476;1.3230996228886633;0.1445007538805425
9587833;7001861;26;0.000815250633812919;0.0014059874489900895;6.908111547302018e-06;0.00012670378770013844;0.0010396870826897232;0.004453435245353509;0.0003133327053515127
9587881;7002338;26;2.216721489799037e-05;0.000102877130413909;-2.385476497399337e-06;7.550817567951016e-06;5.0548506656713814e-05;0.00016006260529991936;2.2226125298778403e-05
9588022;7002325;13;0.366654529812326;0.3737558103146295;0.0008389293386259579;0.002388882515201876;0.005831390181549045;1.3220909611738805;0.004493025389879278
9588989;7000791;46;0.0035939914455854036;0.004893223627933604;4.817167065443994e-05;0.00027950618640291096;0.003480301610762196;0.025699655197864168;0.0012005492383091758
9589640;7000619;46;0.0027279649071037166;0.004030325421630203;4.832820686411439e-05;0.0002528296462452832;0.0026231676708484363;0.019928624183349928;0.001091743771293627
9592151;6880878;46;0.0021163502299978644;0.0032048721712416082;4.65125016899368e-05;0.00019393580197393507;0.0017557921221512077;0.015617193581232694;0.0009072842148189454
9594302;6711700;35;0.005311433622315878;0.00907009657009657;-0.00025531084714405073;0.00035221655978940296;0.0056011211400532335;0.036517647333166446;0.003144801231057619
9595037;6789652;42;0.0005895222686021979;0.00115995115995116;3.6836761141720165e-05;3.289810378121884e-05;0.00115995115995116;0.005169033927284341;0.0005372411563664321
9596289;6926544;50;0.002171479352545522;0.0038231157872805877;6.021656897221738e-06;0.00018643554263866888;0.002642239640582484;0.016287212862876314;0.0007682079655154286
9601165;6940937;50;0.0;0.0;0.0;0.0;0.0;0.0;0.0
9601165;6940960;50;0.004596784979301252;0.007289731525368799;1.4740807667914583e-05;0.0002869461903894382;0.005153851515065852;0.03356185239720538;0.0011821702841411695
9601201;6940979;50;0.0;0.0;0.0;0.0;0.0;0.0;0.0
9601450;6940571;50;0.0;0.0;0.0;0.0;0.0;0.0;0.0
9601462;6940555;50;0.0018131912151460156;0.0029156611166090826;3.0637251969957617e-06;8.138500468105896e-05;0.0017717699051543196;0.013227451098845554;0.00046005094148835954
9601498;6940581;50;0.0;0.0;0.0;0.0;0.0;0.0;0.0
9602627;6696379;58;0.0;0.0;0.0;0.0;0.0;0.0;0.0
9609851;6812770;23;0.000607965503497415;0.0006701631701631701;-7.101898381534313e-06;6.763606803308976e-06;2.0144486262965158e-05;0.0029247963049050707;4.806073874500194e-05
9609863;6812772;23;0.0014557484544464154;0.0037934287934287933;-0.00016014466407274252;0.00015280968963476496;0.0015492762620650012;0.009148873766399465;0.0012328864903000459
9610216;6812081;23;0.0008407104500090183;0.000912975912975913;-7.350845972525112e-06;6.673833652581969e-06;1.9034645572538374e-05;0.004038910210435179;4.9577471482224054e-05
9610224;6812091;23;0.00169318709743692;0.00404040404040404;-0.00016057950852851871;0.0001537952020199862;0.001549718836042447;0.01005180822445148;0.0012353585996158758
9620844;6746277;62;0.01782936813210912;0.07606742295731393;-0.0001459402139365346;0.002967281063381516;0.04564011146006809;0.1984948965213302;0.017821366810484036
9621025;6747175;58;0.0;0.0;0.0;0.0;0.0;0.0;0.0
9621025;6747176;58;0.002862809911934344;0.008398034439923095;-0.00010507627995640881;0.0004286877497739873;0.006201882261218176;0.02796964284056976;0.0023004926245323264
9635902;8958349;40;5.519027509380056e-06;9.712509712509713e-06;2.0400612692928492e-07;3.999268979795845e-07;7.813515324987624e-06;4.045229851559405e-05;3.232653202954887e-06
9666260;6662701;49;0.05665050306852325;0.2783303851445467;-0.00018865038186496584;0.013336054385162418;0.25794937726353884;0.6982921388669204;0.08210958528715707
9666411;6661888;55;0.0;0.0;0.0;0.0;0.0;0.0;0.0
9667619;6662445;18;0.0010052183741811995;0.0011804107790904178;-1.529793595210019e-05;1.7875428627056775e-05;4.9474173760820925e-05;0.004279605296829536;8.388810682640806e-05
9667621;6662455;18;0.020324534566270654;0.06289962733092533;-0.003648562746718157;0.004226675107932191;0.038106778685462556;0.12748464427061998;0.022131894818673604
9667937;6662462;18;0.0;0.0;0.0;0.0;0.0;0.0;0.0
9667941;6662455;18;0.0;0.0;0.0;0.0;0.0;0.0;0.0
9673524;6684022;10;0.004149756031778214;0.005215043419996417;0.000407908324931813;0.0003856783392630319;0.0024188057895674856;0.01384884187963853;0.0013994881269390374
9676326;6706800;20;0.0011055856494379902;0.0023286602028351655;-0.00016481706994361475;0.00014295488603950488;0.0021632652269469293;0.006996510395251712;0.001106904809502624
9689423;6646570;40;0.00195831559905075;0.0025533737289557905;-8.311732215204422e-06;4.8534627632427164e-05;0.0007845042304721621;0.012503643355779507;0.00027115944336815337
9689424;6646579;40;0.0012223667685426326;0.003155164292774833;2.775868446395746e-05;7.622164706504975e-05;0.0023635663910940323;0.008986202879830667;0.0007243034848042404
9689452;6646578;40;0.00029430999343272766;0.0023703536623390408;3.829303509627295e-05;6.252518083318473e-05;0.0023690170681614454;0.005231448310912574;0.0007730348721172794
9690727;6645802;40;1.1813468647210861e-06;2.314935384366084e-06;-8.540656182985452e-09;7.917300140363572e-08;1.321924290160416e-06;8.03760686169671e-06;4.6850580230506243e-07
9693522;6646414;5;0.00077949150136786;0.0007897861838831872;-5.688079740315097e-06;5.509342958926318e-06;8.58985452805328e-06;0.001743090576912641;8.121031930015556e-06
9693523;6646423;5;0.0015599483715614854;0.0015805674784558534;-1.1391261412355517e-05;1.103358397647929e-05;1.72008495888153e-05;0.0034883401651834177;1.626344579247239e-05
9693546;6646422;5;0.0007814222390193906;0.0007917764052621452;-5.7182836037654746e-06;5.539139076179544e-06;8.632135593470759e-06;0.001747408600191471;8.16379633170218e-06
9694203;6644284;5;6.435792171768798e-07;6.634071263193509e-07;-1.0067954483458651e-08;9.932039084410852e-09;1.409368847253075e-08;1.4394420820179231e-06;1.4300094923221363e-08
9696570;6680884;32;0.0;0.0;0.0;0.0;0.0;0.0;0.0
9696778;6646173;40;0.0;0.0;0.0;0.0;0.0;0.0;0.0
9712364;6644871;62;0.04058237899896171;0.2706969024553048;0.0006317977455238552;0.011358152048740194;0.25783013958854195;0.6688276186888522;0.0746195463709558
9712759;6642517;8;0.023702880551472502;0.026335032944134144;0.001358706067954687;0.0028313771369109773;0.01767714134002401;0.06894920470042325;0.005694080888539874
9713370;6644344;8;0.0;0.0;0.0;0.0;0.0;0.0;0.0
9713666;6659344;56;0.0;0.0;0.0;0.0;0.0;0.0;0.0
9714659;6658851;56;0.0017949310719305156;0.006320279692444456;8.18149667502453e-05;0.00014566169300868814;0.0024317169214815326;0.018907498074775934;0.0017782110818012555
9718241;6661845;16;0.0;0.0;0.0;0.0;0.0;0.0;0.0
9718843;6660479;16;0.0033049904831912325;0.005582161985919255;0.00038218692184394673;0.0003179070716671273;0.0024771195985630805;0.015274384481552038;0.001912776577820248
9720530;6639232;37;0.05865796835029038;0.26882591823499863;-0.0029549947544266356;0.017051848581227744;0.2578036072126876;0.6579703388611644;0.09088408842016472
9750169;6644850;62;0.03961924959811143;0.2688240192406111;0.0006359129453206602;0.011308641622631075;0.2578044832210751;0.6631678600750539;0.0743217877614985
9772386;9074875;52;3.558568958568803e-06;7.862507862507862e-06;1.5390677538594917e-07;4.431117655749729e-07;6.438262071866296e-06;3.314315900785627e-05;2.908778197475943e-06
9801037;9311808;23;0.0;0.0;0.0;0.0;0.0;0.0;0.0
9801982;6629315;54;0.04542984218854413;0.26865500874012166;0.00020762962120919923;0.012988026316776563;0.2577991978843108;0.6626378037646016;0.07789354661961903
9802216;6629387;56;0.0;0.0;0.0;0.0;0.0;0.0;0.0
9824507;9312002;50;0.0;0.0;0.0;0.0;0.0;0.0;0.0
9833901;8857931;34;6.853220159892451e-06;1.11000111000111e-05;2.4215726087869383e-07;4.1902081291075395e-07;9.675765309369535e-06;4.5595677005188414e-05;3.765557760900113e-06
9834608;8856912;23;0.0;0.0;0.0;0.0;0.0;0.0;0.0
9834612;8856931;23;3.5110821371649737e-06;4.1625041625041625e-06;-6.810117505557646e-08;6.163403625393085e-08;1.5323138833308597e-07;1.698025916569386e-05;4.564586049136866e-07
9834714;8856946;23;0.0;0.0;0.0;0.0;0.0;0.0;0.0
9834715;8856972;23;7.802404749255497e-06;9.25000925000925e-06;-1.5133594456794762e-07;1.369645250087352e-07;3.4051419629574727e-07;3.7733909257097464e-05;1.0143524553637477e-06
9835372;8857107;23;1.5604809498510993e-06;1.85000185000185e-06;-3.0267188913589537e-08;2.7392905001747044e-08;6.810283925914937e-08;7.546781851419492e-06;2.0287049107274957e-07
9835912;8856919;39;0.0;0.0;0.0;0.0;0.0;0.0;0.0
9857148;6623794;54;0.044564357521128334;0.26757827892239666;0.00019580824992869924;0.01298867153643156;0.25777974412386184;0.6587617341077121;0.07778460244851483
9912652;6597570;56;0.0427182590813182;0.2671699951290794;0.0003297472576121717;0.012509566335152135;0.25777152323060754;0.6573329406689434;0.0767527354082015
9914097;6898652;16;0.17762451653808725;0.3078304939936615;-0.027060725904661336;0.02002199159169001;0.2912197700005819;0.9172469523149394;0.1450289776055153
9914119;6898589;16;0.0;0.0;0.0;0.0;0.0;0.0;0.0
9915251;6921814;35;6.052671497415433e-05;0.0021184350240954016;-9.494386662612118e-06;0.00012461382494678832;0.0021184350240954016;0.0021184350240954016;0.0003529283633673066
9915418;6898942;16;0.0;0.0;0.0;0.0;0.0;0.0;0.0
9915505;6899654;39;0.08718848941493823;0.31266866617014566;0.0010435477336303248;0.01710293563692626;0.2963442258309205;0.9407022168345043;0.12283501400778928
9917927;6925227;33;0.0017657162373624557;0.0020404706404304938;-1.5416129793404082e-05;1.5858726280428366e-05;3.8460882470816833e-05;0.010178676031345833;0.00014766560624918798
9917933;6925234;33;0.0;0.0;0.0;0.0;0.0;0.0;0.0
9917958;6925188;33;0.0;0.0;0.0;0.0;0.0;0.0;0.0
9917974;6925182;33;0.0;0.0;0.0;0.0;0.0;0.0;0.0
9918032;6925183;33;0.08485955641679044;0.28761627425851743;-0.0012438627824758557;0.017463882147918847;0.2785123140357457;0.8571018788057565;0.12271991617388801
9918038;6925190;33;0.0;0.0;0.0;0.0;0.0;0.0;0.0
9919958;6917036;39;0.0010609413390974991;0.002217972682555799;9.10790056666481e-06;0.00012060515618839234;0.0011804107790904178;0.006992078212722327;0.00035773121472629444
9928863;6933585;38;0.0;0.0;0.0;0.0;0.0;0.0;0.0
9964385;6595929;56;0.042530490818656334;0.2667607618385684;0.000312734613396101;0.01249243861644934;0.2577632778410844;0.6559132777636266;0.07664004916155351
9970263;6569251;57;0.04159641837212807;0.2663505790508636;0.00035748940128912043;0.012289933977099347;0.25775500795529255;0.6545043522383722;0.07605988082803768
10001126;6876556;37;0.0032444840641958524;0.01230937761249964;9.250938239107255e-05;0.0010408017683009333;0.01230937761249964;0.02591230718938471;0.0027605356936685386
10001256;6876789;22;0.0046100881547918755;0.005967881273285458;9.46389509709242e-05;0.00014560189547672422;0.0022455673003157787;0.021994944583533144;0.0008584739563938205
10001653;6876724;3;0.005498522550957654;0.008714993428369225;0.003965032036005607;0.003965032036005648;0.006210715511787884;0.01120295816613657;0.0034061229642139293
10012282;6731902;39;1.974520360651721e-06;4.161503801013534e-06;-5.3464386596281594e-08;7.668804897500316e-08;4.724432366621541e-07;1.306418771597088e-05;6.910138435591386e-07
10016334;6564961;57;0.041497733958491344;0.26601255804988466;0.00033997448708409907;0.012247698819263535;0.2577485997859264;0.6533639303857496;0.0759416784393753
10016689;6940281;47;0.0;0.0;0.0;0.0;0.0;0.0;0.0
10016715;6940275;47;0.005699398448602118;0.010637844091340847;7.27577614936542e-05;0.0003884590652572247;0.006881861430206876;0.04161845751372704;0.0020904458450102825
10016762;6940238;47;0.0011775697804227389;0.0017637678339383284;2.6593948761960086e-05;5.391245438394613e-05;0.0008781633062118687;0.008618752016613496;0.0004402457896407439
10020382;6941654;47;1.0526816892828928e-05;2.4602391799799153e-05;5.730380392541584e-07;7.656404622474781e-07;2.3700094777153753e-05;9.974967599314256e-05;1.0044312233706708e-05
10023215;6939243;20;0.0;0.0;0.0;0.0;0.0;0.0;0.0
10023775;6736216;39;0.0025559903175451444;0.005780328779607799;-7.13403867568885e-05;0.000126947920201494;0.002007454098116022;0.0169891467873627;0.0009315101459810468
10023801;6736222;39;0.0;0.0;0.0;0.0;0.0;0.0;0.0
10023839;6736179;39;0.0015610953403194956;0.004427372737088147;7.044262341192106e-05;0.00011376693210296998;0.003632342658333114;0.012699085420753136;0.0013030835493065649
10023864;6736186;39;0.0;0.0;0.0;0.0;0.0;0.0;0.0
10026448;6472516;54;0.0016510963609386;0.0025580035997245227;2.1334066426092e-05;9.919907421576485e-05;0.0017126336513052984;0.012872754971617204;0.0005852727147116688
10054451;6676044;59;0.00126167993353628;0.0034871917522485653;4.5491834951870815e-05;0.00016634094722601676;0.002932853823662281;0.012489346693558272;0.0010256493751607974
10055214;6675798;10;0.004435885177961492;0.01179048113234743;-0.0007782071318697414;0.0019764172284061575;0.006610122003156265;0.0171292421929154;0.003108700130005603
10057534;6994098;59;0.1954321973273458;0.36458972665920636;0.007428090464747089;0.01579384262645966;0.238111988278625;1.8749865151642142;0.14626094342184037
10070271;6545387;58;0.041735517881060405;0.2667726305534904;0.00038173162964336957;0.011947749668401982;0.25775942154028136;0.6562484597085653;0.07538802390568575
10077810;7050022;39;0.0;0.0;0.0;0.0;0.0;0.0;0.0
10084562;6257254;51;0.0009017051010351467;0.0012948106545597746;1.0868756558474961e-05;5.775039801542278e-05;0.0008561534028004272;0.0067348571511146055;0.00027623605616646516
10096350;6566784;57;0.04107316171789217;0.26475589851394193;0.00027531929261610284;0.011915647995516674;0.2577258914839349;0.6491099974038584;0.07553139532670029
10119577;7106322;49;0.004673687366485493;0.017051089352244166;0.0001857812816784584;0.000643073668015043;0.007652120205637155;0.04087307251684237;0.0035000983385147025
10125451;6532997;27;0.0;0.0;0.0;0.0;0.0;0.0;0.0
10132030;6523192;27;0.0;0.0;0.0;0.0;0.0;0.0;0.0
10132030;6523213;27;0.0008594424371303237;0.0009579368511015767;-7.537448459831437e-06;7.356834743692947e-06;1.923895409031574e-05;0.004476395251548067;5.925440258320556e-05
10150276;6621909;43;0.06417085542257601;0.26970515263642136;-0.0010861719235301002;0.012478074705405977;0.24021381064507938;0.6765792545907308;0.08079400223234214
10158881;6626699;58;0.005217252516567157;0.019657478132465992;-0.00016571932604394674;0.0009355721107522833;0.013537628140069227;0.055536243401044266;0.005094842472346853
10163970;6536256;43;0.011544243820821967;0.03148364465115615;-3.918401743968433e-06;0.0014599113266047822;0.027513455437378466;0.08447666772730215;0.005717610653878453
10165912;6635456;41;0.0;0.0;0.0;0.0;0.0;0.0;0.0
10168950;6553233;16;0.011689081085844233;0.01305500288950162;-0.00019199283188447148;0.00016613760096042876;0.0009334723741546858;0.046901918470640624;0.000923176923846323
10172358;6501862;43;0.0014334780576286184;0.03217754582248276;-0.00014407359677227576;0.0015322640867848933;0.03217754582248276;0.04362802456020203;0.006496950224300012
10175278;6540078;52;0.001197078379388415;0.007012810656626982;0.00011397490525015381;0.00014435275843096692;0.007010553035745494;0.02072347939910685;0.002612642240487175
10175281;6539959;9;0.0;0.0;0.0;0.0;0.0;0.0;0.0
10175302;6539924;27;0.006052143624910738;0.0066209103662058745;-1.6592273607914969e-06;0.00015711285415436488;0.0015117250693143947;0.03148071824254469;0.000276731902596666
10175311;6539927;27;0.001645764023433631;0.0020380945443386304;-1.7396200083538592e-05;2.3134427823784096e-05;9.325006373824495e-05;0.008584141449291514;0.00014362057253290957
10175334;6539870;9;0.001944491607500778;0.0019991952924608963;-1.2718692865801233e-05;1.375896154828804e-05;2.155817085033873e-05;0.005834321123797908;3.3123457323978784e-05
10175343;6539871;9;0.004438125036124706;0.00450056665147807;-5.6607229266983094e-06;4.427408416320599e-05;0.00012544308645644382;0.013315140172326139;4.757833564078068e-05
10175386;6539990;9;0.0;0.0;0.0;0.0;0.0;0.0;0.0
10178840;6555918;16;0.01121147664354081;0.012410142897050575;-0.00016591239502178638;0.00014607753159335326;0.0007150450950746245;0.04495781963768332;0.0007925516590373622
10179675;6555892;36;0.004812005067458765;0.011985780666568573;0.00043190832629991677;0.00040276720575476484;0.011985780666568573;0.04341590007427075;0.0054040782942301625
10180054;6555545;36;0.006177923578503103;0.011361818914613627;0.00028467528898640563;0.0003269574641683746;0.008694055649925887;0.043192250152044365;0.003695221548353927
10180115;6555545;36;0.0006338748096086436;0.0011507872237045118;-3.2972675778464656e-05;2.77059837778027e-05;0.0006613683333481014;0.004426070007061045;0.00037732221104688546
10180300;6555854;36;0.0;0.0;0.0;0.0;0.0;0.0;0.0
10180639;6538656;37;0.001734183834343591;0.003560328146581315;6.515370260112923e-05;9.583957487460488e-05;0.002413574640336243;0.012172134003385333;0.0009984756497771155
10180642;6538648;37;0.0037965641000355654;0.005201819877493446;-9.017376339905783e-05;0.0003089287444680178;0.0037015803070404073;0.02553777704616589;0.0017923545945740765
10180672;6538666;37;0.0015779103654056678;0.0034135240039519154;5.881489898186609e-05;0.000152013948224086;0.002424188475674813;0.011597414103814357;0.0010702029664650284
10185056;7146327;45;0.0;0.0;0.0;0.0;0.0;0.0;0.0
10185213;7146256;45;0.004662947861667156;0.016883052619208146;0.00020261812446549076;0.0006320827335148012;0.007663674961094012;0.03910636533119697;0.003498790537659995
10185467;6521780;37;0.0;0.0;0.0;0.0;0.0;0.0;0.0
10191147;6273769;50;7.074240973764192e-05;0.0005082399360306027;7.283087855925852e-06;1.074016738072619e-05;0.0004934925369997831;0.0013264249941710268;0.00017373421300291938
10213173;6627423;57;0.0440080514139913;0.25854001513498526;0.00035643257936422994;0.009713360350279893;0.24006219665716677;0.6365644616126602;0.07191880463174821
10235501;6573751;52;0.0041107962576795365;0.00642508675753156;0.00012500104704274008;0.0002799501895043599;0.004477071743887803;0.033693823000672134;0.0022211575423323527
10237759;6631034;56;0.043858609010965575;0.2580747615100423;0.0002684948506821857;0.009786890584940065;0.2400552809905618;0.6336834571398382;0.07243647205946334
10272502;6978299;52;0.20730425886177897;0.34466139198508366;0.0073538227797370175;0.01679878693422603;0.23829190930576577;1.7800148731741083;0.1340027303198449
10275048;6977710;57;1.475709774945751e-05;0.00011929061845558413;1.1955320944160635e-08;4.982658339325063e-06;0.00011929061845558413;0.00022025547942638863;2.5165932130591206e-05
10286194;6979569;45;0.008146037467634471;0.011445040540305918;7.856455529025078e-05;0.00043847618714987544;0.007716166533450496;0.05621690562648251;0.0019677047493752847
10310340;6980963;12;0.0;0.0;0.0;0.0;0.0;0.0;0.0
10310354;6980991;12;0.0;0.0;0.0;0.0;0.0;0.0;0.0
10310434;6980985;12;0.001537654090819611;0.002143362652916793;-0.00010686615363312349;0.00010178213797917089;0.00024753704869359314;0.005482050417421773;0.00037420087553153485
10310450;6980950;12;0.0015450932149084632;0.0021635830553028007;-0.00010822934842978868;0.00010333362041119615;0.0002493222752753936;0.005511028712532631;0.00037899878597926097
10315498;7320001;49;0.0034551203938686438;0.016127746404048276;0.0002191851694358062;0.0005230875126646913;0.007301813352110173;0.035698345371644916;0.003750964154701764
10321320;6993333;3;0.0;0.0;0.0;0.0;0.0;0.0;0.0
10321321;6993280;3;0.006624311128250199;0.01738623503995062;0.008156204768300241;0.008156204768297457;0.015973362198506348;0.017476569450042383;0.0076110880950224285
10324317;6661902;56;0.04352710783710119;0.25760950788509945;0.00026022015250063216;0.009798877867124111;0.2400483653239569;0.6319768179340857;0.07237015316524101
10327252;6991325;60;0.0021139995838029765;0.006147002325346275;-3.1028254026889484e-05;0.000250249780937527;0.006147002325346275;0.019513403540570646;0.001370117168456805
10328206;6987979;45;0.0;0.0;0.0;0.0;0.0;0.0;0.0
10338125;7005261;35;0.01413489722226103;0.016065770471544248;0.00011206915777382792;0.0004337843037079295;0.0035814375288236878;0.08424083382545121;0.0017211449816195545
10338719;6996225;25;0.0;0.0;0.0;0.0;0.0;0.0;0.0
10339422;6983288;45;0.0;0.0;0.0;0.0;0.0;0.0;0.0
10339466;6983301;45;0.0;0.0;0.0;0.0;0.0;0.0;0.0
10339477;6983251;45;0.0017549014462383548;0.0025533737289557905;-2.3448961098871988e-06;6.791747863539489e-05;0.0017132873427141864;0.01205364398745292;0.00038599869043628884
10339495;6983281;45;0.004512702704393021;0.0065040557772631504;9.535036932781086e-05;0.0002503654092363854;0.0036843082583265874;0.03215630006295009;0.001616757917135125
10342677;6984797;57;2.053254422138978e-06;8.836342107821047e-06;-8.190851823162258e-09;2.9330939777997637e-07;8.836342107821047e-06;2.1224247472944967e-05;1.9201837386357867e-06
10345978;6690615;48;0.04851991382916274;0.2571442542601565;-0.00038859951646771657;0.010930325637497473;0.2400414496573519;0.6291777975857249;0.076765872836303
10348077;6995266;53;2.433654141946202e-06;1.540891405678185e-05;-1.4724727117819855e-07;2.843314439769258e-07;2.830416476574497e-06;2.8760331855150194e-05;3.1119218318502096e-06
10350148;7004476;7;0.345273453574772;0.3513793199494706;0.002839492172554842;0.0046399717779138094;0.013714667374833234;0.9136998675090625;0.007082611321568389
10350201;7002039;30;0.0008837461179397388;0.0016054633893994152;5.9841861091654197e-05;6.447454046385289e-05;0.0009180634180634181;0.00576348179733455;0.0005711831696575082
10350359;7008117;9;0.000527829800552699;0.0023764019514157823;-0.0002757791597991885;0.00029669942450635806;0.0023503929830563895;0.003344583929974983;0.0009819936059694177
10350621;7008210;32;0.002837903186621975;0.0037988089657447436;-2.371810211329981e-05;0.00013044953220302073;0.0025743434310812733;0.01625451566645828;0.00045038371344209826
10351368;6999383;53;0.0027646700863289617;0.005554913517469857;-2.3243351029197193e-05;0.00017181827411141666;0.002114891110466829;0.021109430365763595;0.0008742416012101751
10351372;6999391;53;7.989748901466178e-06;5.393119919873647e-05;-5.206298810837033e-07;1.4995792350087208e-06;1.6037849241305692e-05;0.00010526109119014111;1.2050667154935954e-05
10351400;6999380;53;0.0016759786290591917;0.0025533737289557905;5.598567210410259e-06;6.964163950721596e-05;0.0017132873427141864;0.012560863704007677;0.0004098634296775126
10351873;7021331;35;0.002761529675360769;0.003403464369418447;-2.0636078379441887e-05;0.00016962248186024831;0.0014441549253672067;0.016785742412605317;0.000651361939453494
10351902;7019065;32;0.0;0.0;0.0;0.0;0.0;0.0;0.0
10351914;7018310;35;0.0;0.0;0.0;0.0;0.0;0.0;0.0
10352169;7001388;23;0.0;0.0;0.0;0.0;0.0;0.0;0.0
10352216;7004658;41;0.0;0.0;0.0;0.0;0.0;0.0;0.0
10352217;7004737;41;0.0019797343512604746;0.0025707357443385363;-1.6933553105983925e-07;9.021290914496262e-05;0.0017108359999308566;0.01284040153258811;0.00031939880087825047
10352257;7004716;41;0.0;0.0;0.0;0.0;0.0;0.0;0.0
10352269;7004710;41;0.0;0.0;0.0;0.0;0.0;0.0;0.0
10352309;7004688;41;0.004941190744823838;0.007610350076103501;-0.00011191863177903914;0.00028564888563158467;0.005146889210788106;0.03353000149096695;0.0017336764470001313
10352310;7004595;41;0.0;0.0;0.0;0.0;0.0;0.0;0.0
10352597;7000652;21;7.369560922089477e-07;9.25000925000925e-07;1.828285633520579e-08;3.403713768861701e-08;4.5025232812040306e-07;3.4663556553023274e-06;1.7049390581552403e-07
10352606;7000658;21;0.002396342627132354;0.0027495652495652494;3.9538013545699264e-05;6.368938559157577e-05;0.000887126504002962;0.01109822421475209;0.0003504393842066741
10352619;7000631;21;0.0009056073807858141;0.0009819105752781236;-7.208744051920934e-06;8.025642228168983e-06;1.6290748544198924e-05;0.004154905978902936;4.3982898578532695e-05
10352661;7004704;52;0.0;0.0;0.0;0.0;0.0;0.0;0.0
10352735;7004749;52;0.16214392366445773;0.3274318905148833;0.0027922915966017143;0.02203822758161211;0.3081869920032036;1.5378675009433953;0.1385309287480874
10352738;7000725;30;6.333632397093215e-07;1.0655567827217836e-06;-4.287966563261468e-08;3.674333733523392e-08;7.525402938293577e-07;4.1651353633891555e-06;4.2086746896152015e-07
10352779;7004724;52;0.0;0.0;0.0;0.0;0.0;0.0;0.0
10352879;6986762;45;0.0027642228884097435;0.004652536249429115;9.767330169578306e-05;0.00018386118065407694;0.003711330645338111;0.02142375945120522;0.001599553417306296
10353023;6986610;3;0.0;0.0;0.0;0.0;0.0;0.0;0.0
10353025;6986621;3;0.0;0.0;0.0;0.0;0.0;0.0;0.0
10353042;7004782;60;0.1857256053024465;0.3371690698730293;0.006892314529352999;0.015235926984420483;0.23834555177102668;1.7995415847887526;0.13956539013943772
10353412;7004142;44;0.0;0.0;0.0;0.0;0.0;0.0;0.0
10353803;7003721;47;0.0007828222129902569;0.0012801592675544444;-8.841373253356491e-07;5.384670746133921e-05;0.0008561534028004272;0.005828056884945532;0.0003314747205811891
10353907;7003675;47;0.0025091797649882683;0.003832375528818052;5.839619494257709e-07;0.00011612525188876498;0.0025696041683668357;0.017862129003839884;0.000701737163282126
10354066;7003416;49;5.8777947427388106e-06;1.780362600516305e-05;-1.9178215290764261e-07;8.338250553268546e-07;1.6865966166871868e-05;5.0536781783897586e-05;4.192050864854038e-06
10354568;7002957;51;0.0008728010960483786;0.0012836316706309936;-6.006997735953676e-08;5.4909737639145666e-05;0.0008556631342437613;0.006397250605722664;0.00020165714915119636
10355096;7002874;58;0.025360221246871234;0.04082894027470433;0.00039931589393891917;0.001709711835967921;0.02577922391544935;0.21998074456213948;0.013827359385925997
10355103;7002429;54;3.476849779025402e-06;1.1243977444581246e-05;-9.406373841610379e-08;4.90972897581534e-07;4.905784410398301e-06;3.1849582491213656e-05;2.5877837937965176e-06
10355715;7001852;57;4.4029804953678245e-05;0.0008896640417173159;-3.9122113759307485e-06;3.1773715775618425e-05;0.0008896640417173159;0.0014518403935072596;0.00018719250696957285
10361149;6993656;24;7.87292838210362e-07;9.494971937610438e-07;-1.5010130310333716e-08;1.4166009729536362e-08;3.4051419629574684e-08;3.8910183755912484e-06;1.0490147855108721e-07
10362215;7642024;5;0.0;0.0;0.0;0.0;0.0;0.0;0.0
10363233;7004463;9;0.0;0.0;0.0;0.0;0.0;0.0;0.0
10367232;6989631;24;0.001694461208464647;0.0018624387455622874;-1.5078699145034252e-05;1.4380649147949434e-05;3.83927796315576e-05;0.0083172808914283;0.00010574941668929615
10367236;6989625;24;0.0008470337810227709;0.0009309819984827034;-7.535597039939543e-06;7.187110388701957e-06;1.918787696087148e-05;0.004157670117197739;5.2848594584556266e-05
10367261;6989636;24;1.180939257315543e-06;1.4242457906415658e-06;-2.2515195465500574e-08;2.1249014594304546e-08;5.107712944436192e-08;5.836527563386871e-06;1.5735221782663085e-07
10385711;6497739;9;0.0011890102625715098;0.0015986377450945173;-6.321302688571581e-05;6.811855397085884e-05;0.0004912985523766566;0.0036248370107221256;0.00021492497755614317
10394471;6722984;56;0.04285707879160181;0.25667805113801984;0.00024399586159353656;0.009796647071275625;0.2400345094944782;0.6285742311458583;0.07224075926049435
10396042;7004998;39;0.0;0.0;0.0;0.0;0.0;0.0;0.0
10396340;7004502;9;0.0;0.0;0.0;0.0;0.0;0.0;0.0
10396353;7004506;9;0.0;0.0;0.0;0.0;0.0;0.0;0.0
10401565;6761193;56;0.04253286126492623;0.25621089851868944;0.000234825133445358;0.009810708516698104;0.24002754483533575;0.626902257599324;0.07217290257353311
10407956;7323374;21;0.005051846324186718;0.013156692019938984;0.00046612034801074386;0.0009526726190088288;0.007466059121037546;0.02849561234257297;0.0036256739657943736
10411609;7325685;21;0.0;0.0;0.0;0.0;0.0;0.0;0.0
10419500;6792494;55;0.04300857317546745;0.255743745899359;0.00014940016503261613;0.009866725982551564;0.24002058017619327;0.6252511639656527;0.07251375579570828
10457665;6824740;56;0.0419470392767172;0.25527659328002855;0.0002100605113253012;0.009850756425736983;0.24001361551705078;0.6236133440604741;0.07200676717474815
10458436;6399367;35;0.0007957555015327176;0.0011093451204242204;-2.186347013866056e-05;2.43576602156434e-05;0.0004925197615502999;0.004953614684535983;0.0002605137673995634
10494386;6878792;56;0.041705831059054045;0.254809915409295;0.0001943895761051163;0.009828003459779832;0.24000666310604268;0.6220426571819261;0.07190420115777003
10517507;7011023;40;0.0;0.0;0.0;0.0;0.0;0.0;0.0
10520162;7004165;60;0.2067276769404002;0.3455753133105154;0.0070422551795962015;0.007620979312697312;0.13223146303115574;1.9129313002819799;0.13510034633609927
10524743;6331758;35;2.226443975522555e-06;9.34035536459718e-06;2.812548012044382e-07;3.109671799832989e-07;9.34035536459718e-06;2.6001412318317917e-05;3.789370831237785e-06
10530924;7374764;42;0.0017410857992275182;0.012127509984268463;0.0001855435517078095;0.0004870604447302001;0.008008157536785111;0.023797559296259232;0.0032330358670022356
10543742;6916571;56;0.04151634640276926;0.25434561128154587;0.00017797666541428462;0.009774653195472376;0.2399997719357065;0.6205736983705343;0.07178710116748714
10835796;7365315;10;0.006399632477137302;0.011715837170000255;-0.0004415280287518715;0.0012618990401533023;0.006636110998049419;0.021279935911830063;0.002080449806827594
10838519;7311274;11;0.00021725396773641896;0.0008352779830733031;-8.119433474138565e-05;8.352779830733032e-05;0.00046318227644783085;0.0012279624634156613;0.0002998029140631729
10915930;6973186;55;0.0008510554410464159;0.0012801592675544444;1.5626131854824244e-06;3.725655355309174e-05;0.0008561534028004272;0.006476200470536213;0.00019563079926527774
10915936;6973204;10;0.0;0.0;0.0;0.0;0.0;0.0;0.0
10915938;6973203;45;0.0;0.0;0.0;0.0;0.0;0.0;0.0
10916009;6973728;60;0.20356982130015086;0.3422640279058946;0.007018140961464373;0.007505383845961733;0.12656675638137493;1.8902351772914503;0.1345702231067185
10920992;6986100;11;0.001384736451964872;0.0024399634955770337;0.00031560532338341363;0.0002514056919687929;0.0017097630980299173;0.005909538911419204;0.0011212900318251452
11036385;7418101;10;0.0073303840508855325;0.011819270823668643;-0.0002621730558105478;0.0011495680208678967;0.005302705910802888;0.023720393571503712;0.0015909672483198564
11037769;7404331;41;0.0016014642298953067;0.011385605471743368;0.0001724811335704389;0.00045568401336421765;0.007357586452769631;0.02151241644768533;0.0029534265612213622
11089730;7321164;32;3.4617812197911044e-06;4.519720387498228e-06;-5.2864779070608564e-08;7.192594862879727e-08;2.582696924560856e-07;1.9786152694362796e-05;5.001907013296214e-07
11091885;7322155;32;0.003036249991236111;0.008892201514873485;1.7306270693110437e-05;0.00045561637949625695;0.0065164053641978865;0.018472633604987354;0.0012020314056721212
11091902;7322221;32;0.0011829880506900948;0.0021082416331629455;2.9251151202232275e-05;6.500969761007242e-05;0.0012714118098981451;0.007089699584574164;0.0004138650482454037
11091916;7322111;6;0.0;0.0;0.0;0.0;0.0;0.0;0.0
11091919;7322197;6;0.0;0.0;0.0;0.0;0.0;0.0;0.0
11091937;7322232;32;0.0;0.0;0.0;0.0;0.0;0.0;0.0
11091956;7322178;32;0.0;0.0;0.0;0.0;0.0;0.0;0.0
11134658;7239078;6;0.0;0.0;0.0;0.0;0.0;0.0;0.0
11134678;7239118;6;0.0;0.0;0.0;0.0;0.0;0.0;0.0
11134961;7237220;33;3.4299451617160776e-06;4.519720387498228e-06;-4.258211184525754e-08;1.3556979661486677e-07;2.108529084183021e-06;1.9932528237677807e-05;5.244447608574887e-07
11136972;7238377;33;0.004701821693491687;0.007610792562948485;-9.663313512193134e-05;0.000495804354668594;0.005234996412272886;0.028221590296425358;0.0014240675846390691
11137001;7238441;33;0.0;0.0;0.0;0.0;0.0;0.0;0.0
11137058;7238394;33;0.0022880193354521865;0.0030146534984613177;-4.7327329491247765e-05;0.00013628378568361307;0.0019941167793331564;0.013699862611787154;0.0006726285787083573
11137072;7238422;33;0.0;0.0;0.0;0.0;0.0;0.0;0.0
11205947;6760668;59;0.018615179378773695;0.09069453848869444;-0.00048526963858079244;0.0038083017196211223;0.08550208773945808;0.2482127093742976;0.026414101203199213
11232391;7017122;45;0.2655730344129719;0.34458700685031385;0.005703759697623479;0.008973802973466827;0.12565858048066142;1.8934746966953662;0.09561959116978976
11248123;6914885;43;0.0;0.0;0.0;0.0;0.0;0.0;0.0
11248191;6914950;55;0.0;0.0;0.0;0.0;0.0;0.0;0.0
11248208;6914931;55;0.02211590664762019;0.09527926801743146;-0.0006623966899954425;0.003818188238470176;0.08559135295904238;0.26187964123598745;0.027528403023834292
11248451;6914726;55;0.015836162433486144;0.09179876266703706;-0.000340362511810142;0.0036181532847972867;0.08546603789007136;0.24135861602047035;0.028432011182413952
11258190;7052643;4;0.0003861411401969174;0.0007755683908002242;0.00030825569007629077;0.0002607135372043344;0.0007755683908002242;0.001092181962066674;0.0003861481314384117
11266374;7109657;49;0.0049047914166253015;0.006256112876249342;4.811446288261546e-06;0.0003341122135003106;0.0043011948705298855;0.03481436073008961;0.0008237265973925751
11266863;7110585;28;0.013940510854276302;0.019731431291209595;-0.00047053954062918456;0.0009729437899431289;0.0063840060893558875;0.07895180698763589;0.005318190569113576
11266902;7110767;28;0.004184596173889036;0.004726536812126911;-4.4197551036163216e-05;0.00020093219467807148;0.0022396379345380408;0.022335811593681597;0.0005537152333391837
11267418;7111746;27;0.008407309884687485;0.018536503239227106;0.00047338485406571494;0.0013495908357455991;0.007742150766953794;0.05161635438668379;0.0052908405610573705
11267822;7112693;28;0.003346136230226441;0.0038040496726978955;-3.794127345902296e-05;0.00019317754678333063;0.002233310926457282;0.017918034637471672;0.0005192848954875375
11268620;7114346;21;0.003891792780813993;0.005033826993304049;2.121292882462448e-05;0.00039389757250636923;0.0034368703251183583;0.0182122912475753;0.0008053535296405266
11268680;7114471;21;0.003029704507435072;0.00385613644790508;3.7220799910359174e-06;0.00030998898123890315;0.0025728726254112756;0.014145126523218365;0.0005905327259201122
11269687;7116494;27;0.00763463106638181;0.017569283076302487;0.00045418798155884846;0.0012965632532562711;0.006877826221542267;0.04768968304462829;0.0050937176188056
11269714;7116626;21;0.0021619298697853704;0.002987446368981408;-1.3137036394402736e-05;0.00022512978093267103;0.0017092017714086362;0.010087315989822704;0.0004141076395184771
11270190;7117632;21;0.0012884688678648868;0.002097568727157159;-2.9364420331691442e-05;0.0001424879256792561;0.0008458577631104416;0.006102008800372174;0.0003360356349599708
11270281;7117723;27;0.006856585285965395;0.01660093298328099;0.0004355894445260342;0.0012430538657083262;0.006013828521835184;0.04381184714686917;0.004907037207703607
11271520;7120347;21;0.0004093215016736227;0.0011865035224323322;-4.496007182083028e-05;6.702619980295094e-05;0.0005555121050758701;0.002659694871701887;0.0004114753295953697
11272460;7136864;10;0.0;0.0;0.0;0.0;0.0;0.0;0.0
11272529;7136857;10;0.004415735663797312;0.00454035861795165;-3.192426048161272e-05;3.208865887410617e-05;5.292326929396546e-05;0.013966838313489537;9.238936618698452e-05
11272923;7135785;10;0.0;0.0;0.0;0.0;0.0;0.0;0.0
11273184;7135203;21;0.00015570161199777714;0.00032378177108628785;-6.795930521696591e-06;2.7316405454618685e-05;0.00017207794751783467;0.0007817736710615289;6.971617330023168e-05
11273185;7135204;28;0.0025268389584024538;0.002880543773313685;-2.9373474475512477e-05;0.00014483561937544693;0.0016747548268540098;0.013531636767300967;0.0003931362084280091
11273217;7135195;27;0.006073172543438234;0.01563145296016262;0.0004175892429672724;0.0011890626731017643;0.005150157667832545;0.04000484396525332;0.004731827118097587
11273238;7135253;28;0.001726704358417073;0.0019560191139742795;-1.84941540856317e-05;5.540677349219634e-05;0.0005574745691633131;0.009188160976634715;0.00018323285088442878
11273467;7135461;28;0.000956406464859762;0.0019597412852851367;-5.900002394364504e-06;9.351085131864972e-05;0.0011470920253072105;0.005182142367599474;0.00021066445809748188
11273471;7135453;28;0.01312284789425022;0.018847180209017104;-0.0004620017206107001;0.0009237616992958966;0.0063638439501931664;0.07476641376645911;0.005237777594211248
11273521;7135453;28;0.01235622720223819;0.017973756691096358;-0.00044947502159074125;0.0008052682320299459;0.006340117837877613;0.07072334971904726;0.005095005876308802
11273545;7135454;28;0.0;0.0;0.0;0.0;0.0;0.0;0.0
11273547;7135472;28;0.0;0.0;0.0;0.0;0.0;0.0;0.0
11273661;7135477;41;0.010158313714279039;0.016280596328102265;-3.0148747248187305e-05;0.001014551605324192;0.006277778465983352;0.0720315674708256;0.00483307172454388
11289706;7009652;33;0.0;0.0;0.0;0.0;0.0;0.0;0.0
11292703;7009201;50;0.0;0.0;0.0;0.0;0.0;0.0;0.0
11293215;7008834;51;0.0;0.0;0.0;0.0;0.0;0.0;0.0
11293832;7008407;53;5.974736045967117e-06;2.407225528145281e-05;-9.639703102193735e-08;8.658868406345592e-07;2.407225528145281e-05;5.826579381841888e-05;5.325157054791949e-06
11294353;7008038;46;0.0;0.0;0.0;0.0;0.0;0.0;0.0
11295176;7007847;48;0.0008590212930368906;0.0012801592675544444;1.3979759953206327e-06;3.295620405668904e-05;0.0008561534028004272;0.006114703937283202;0.00020256482038008962
11295564;7007203;48;0.0;0.0;0.0;0.0;0.0;0.0;0.0
11295926;7021378;42;0.0009081606890309637;0.0012801592675544444;-5.874804118420572e-06;3.4461852912356004e-05;0.0008561534028004272;0.005982280010116161;0.00016532284153432107
11295956;7021396;42;0.002762450948172671;0.003835847931894601;-2.3021215124729027e-05;8.340419565802046e-05;0.0017343110757461855;0.018092285555879783;0.00040305726022880347
11303083;7171446;10;0.0;0.0;0.0;0.0;0.0;0.0;0.0
11303130;7171403;10;0.001769898549723133;0.0018199330946757708;-1.2816206399365563e-05;1.2882678012021225e-05;2.125837443603634e-05;0.0055981394689072275;3.70900933086082e-05
11303811;7171449;10;0.0;0.0;0.0;0.0;0.0;0.0;0.0
11309029;7007313;42;0.0;0.0;0.0;0.0;0.0;0.0;0.0
11312921;7173264;26;0.0005852496745671792;0.005723184519291854;-0.00011169972997988298;0.00022884050610663667;0.0022327075034811973;0.007298974197518266;0.0013063392422946313
11312973;7173239;26;0.0009236625364683153;0.0014283151321538739;4.2144401393265334e-05;7.674895492912996e-05;0.0008352352777160118;0.005259446594812793;0.000459088309358708
11315146;7158836;36;2.150376921321733e-06;1.4054971805726558e-05;-2.6521660994395657e-07;4.015706230207588e-07;6.462288759809865e-06;2.670383760503885e-05;3.896674473549258e-06
11321218;7038737;46;0.0008782984214110689;0.0012905764767840917;-4.672312864240351e-07;3.3926533125755185e-05;0.0008546825971304291;0.0061013912112068665;0.00019461228611659741
11321255;7038736;46;0.0017359450377936868;0.0025464289228026922;-2.168364518721883e-08;6.684155816415284e-05;0.0017142678798275184;0.012076854863052799;0.00039642931735183585
11321293;7038657;46;0.0017400753987993768;0.0025533737289557905;-2.0423943071939242e-07;6.704385978162434e-05;0.0017132873427141864;0.012101943224805567;0.0003949507320706377
11323565;7035744;46;6.883935009483854e-06;2.407225528145281e-05;-3.0425964255361605e-07;4.6564134292320607e-07;2.3574531643794257e-06;5.8265793818418875e-05;5.1394233169343245e-06
11326952;7039387;64;0.0;0.0;0.0;0.0;0.0;0.0;0.0
11330558;7033974;59;0.1495174525739304;0.2763130419807479;0.004343148764841059;0.009026356071873926;0.12611258526641947;1.3340635060426511;0.08837063602028543
11336869;7029008;48;0.13343744730037435;0.21651041151417838;0.004481918521013353;0.005931709835183053;0.13505100914921486;1.0547721232560827;0.07329701556853802
11337098;7028840;21;0.0;0.0;0.0;0.0;0.0;0.0;0.0
11344719;7032619;48;0.0;0.0;0.0;0.0;0.0;0.0;0.0
11346309;7029595;21;0.18151867474594258;0.21540635217780618;0.0027738705489745497;0.0032198133054720203;0.025667137937963574;0.8369627040958466;0.020209560603411652
11359277;6672991;33;0.10224356299080435;0.10807556858265704;-0.00011121997519489049;0.0012731108690796173;0.0035722960753426514;0.5877768508157205;0.003923521315923517
11368182;6681268;33;0.004770477218302375;0.00681083668261349;-0.00018976047969677492;0.00021402798955591498;0.004314226721939533;0.03014087352049604;0.0021844929457931054
11368191;6681302;33;0.0;0.0;0.0;0.0;0.0;0.0;0.0
11368269;6681251;33;0.0;0.0;0.0;0.0;0.0;0.0;0.0
11368277;6681250;33;0.0;0.0;0.0;0.0;0.0;0.0;0.0
11368338;6681238;33;0.037526271426754534;0.09555469210954252;0.003801861197650909;0.003334944698103761;0.09298596813378689;0.32852064473552767;0.04315388934331931
11368370;6681270;33;0.0;0.0;0.0;0.0;0.0;0.0;0.0
11387250;6627297;51;0.023753560101838673;0.09807389864377301;0.0020757257886713657;0.002245132214449405;0.09807389864377301;0.3361115619332123;0.040631092501729436
11424219;7304647;34;0.0011887366287529784;0.006720924642245672;-0.00010805999785285325;0.00037886052315386795;0.004882415772880723;0.012866080132906221;0.0018589275507196763
11426655;7307162;34;0.0010151663714138039;0.004725281521085268;1.1555857644011708e-05;0.00032119993432318727;0.004476896026798134;0.007516342579515495;0.0007943971424285822
11427294;7307125;55;0.0001414723818881315;0.0010064092377774247;-1.2548808947674545e-05;1.9048157537591433e-05;0.0003097013090162508;0.0023065032503075396;0.0002769694216019546
11428110;7305232;51;0.0008714429201315544;0.004748799309265556;-4.995484515264757e-05;0.00016497252990339318;0.003429766039011188;0.010217192940559386;0.0011346674443201284
11428211;7305192;55;0.000182735265684671;0.0020898641588296763;-1.3717008500987284e-05;7.791146990830906e-05;0.0020898641588296763;0.0037727474427326586;0.0004747641235158822
11428230;7305427;51;0.0021666686389690505;0.0038022813688212928;-1.2596467127776562e-05;0.0002045167142564984;0.0025738531625246076;0.016512208906100494;0.0008072701568480669
11433513;7301104;47;0.013624240625572938;0.022373951873785235;0.00030389571163368876;0.000838578440975458;0.008598304169754222;0.10095756746687873;0.0055893013218536085
11433562;7300677;25;0.0;0.0;0.0;0.0;0.0;0.0;0.0
11433616;7300619;25;0.0;0.0;0.0;0.0;0.0;0.0;0.0
11433630;7300659;25;0.0034281616722396896;0.0041488279881388805;-1.9715114182113624e-05;9.074638243900423e-05;0.0007801244770937409;0.017194828711485827;0.0002723837838056237
11433846;7301495;4;0.0;0.0;0.0;0.0;0.0;0.0;0.0
11433863;7301519;4;0.0;0.0;0.0;0.0;0.0;0.0;0.0
11434118;7302488;27;0.0028851813333507993;0.005026882187150951;0.00016000191875732952;0.00036723360278380064;0.0034378508622316902;0.017211862022391018;0.001627232010902963
11434187;7302449;27;0.002388914564305324;0.0038150135134353063;0.0001162026597169674;0.00026059217519315976;0.0025720555111501658;0.013879585928527116;0.0011949935699116536
11434200;7302227;24;0.007028091774943921;0.009594669142955347;-0.00011865415786540614;0.00015140510041687988;0.0021535533356352356;0.034773426475288645;0.0009944305930087106
11434217;7302453;24;0.0;0.0;0.0;0.0;0.0;0.0;0.0
11434217;7302497;24;0.0;0.0;0.0;0.0;0.0;0.0;0.0
11434238;7302541;24;0.0;0.0;0.0;0.0;0.0;0.0;0.0
11434240;7302499;24;0.004622542802715054;0.005448971719755568;5.557768131375887e-05;0.00019632379883068897;0.003622590195205693;0.02326126527356821;0.0010850655705402568
11434241;7302456;3;0.006476982086554802;0.006555328625726247;-6.695247299103751e-05;6.695247299102038e-05;0.00010113467153229257;0.011218896338963088;5.6991858319032226e-05
11434249;7302542;24;0.0;0.0;0.0;0.0;0.0;0.0;0.0
11434252;7302458;24;0.0017115479137059814;0.0019170348342035474;-1.6382733302161628e-05;1.631379307564113e-05;4.646820676740488e-05;0.008403627021418097;0.00011464380584322797
11434347;7302468;51;0.0010564938412462009;0.0027326065330815926;6.813284837698259e-05;8.390715258826544e-05;0.0027326065330815926;0.011566500345220757;0.0012276135718383163
11434807;7301082;24;0.0008414112891981105;0.0009124668032043631;-7.090666186218843e-06;7.347726132570777e-06;1.9017619862723512e-05;0.004129369530310567;5.014218770019983e-05
11434852;7301105;24;1.3213215744847021e-05;3.940413354108332e-05;-9.273870332172421e-07;1.3742672354918248e-06;2.6742272052056564e-05;8.019852948024251e-05;9.664510772055776e-06
11439590;7302219;43;0.0;0.0;0.0;0.0;0.0;0.0;0.0
11451590;7068322;12;0.19072214262452883;0.2141963893898693;0.005917042877935519;0.005152096839573839;0.025705845859477938;0.6648401175712588;0.021434306000490375
11473043;6540034;61;0.048370250639611555;0.1020980089993344;0.00041818737534122814;0.004175577882023876;0.0949640135943092;0.5004873909074554;0.04203181435455509
11489836;6506052;29;0.06883120010723288;0.10145757314214257;-0.0038815008109609776;0.004274844884495184;0.09495500865756949;0.43582761061685216;0.0425689773062652
11493469;6518319;33;0.0;0.0;0.0;0.0;0.0;0.0;0.0
11493505;6518294;33;0.05778298785890248;0.09717106806090835;-0.003755429366126388;0.0036976430812957466;0.09273533963832722;0.41653550539359074;0.043803623628550274
11493523;6518328;33;0.0;0.0;0.0;0.0;0.0;0.0;0.0
11496775;7255023;26;8.018841146003886e-07;9.866355284493888e-07;-1.4922245598455493e-08;1.4518262338707252e-08;3.4051419629574684e-08;4.129066250123019e-06;1.1278240340197814e-07
11503938;7259248;26;0.0010086970776452364;0.002560707409690356;2.131728650406396e-05;7.855654416368363e-05;0.0017712893313750807;0.00562940428533305;0.000448758027655862
11504025;7259252;26;0.0006769371869375303;0.0007685890766620739;-7.115999289695455e-06;6.982694978955022e-06;1.7958655992385514e-05;0.0034625788774221376;5.3747862511571054e-05
11523894;6495896;11;0.0;0.0;0.0;0.0;0.0;0.0;0.0
11524197;6497127;11;0.09412863142135576;0.09523979076879838;2.371076192966182e-05;0.0010436969081756176;0.0022418090889350095;0.3122009437974834;0.0008111452177741513
11524224;6497150;11;0.0;0.0;0.0;0.0;0.0;0.0;0.0
11529937;6493073;53;0.0;0.0;0.0;0.0;0.0;0.0;0.0
11529969;6493131;53;0.03467828251381745;0.0949795467329692;0.0005540260291077514;0.003942541444709618;0.09270703905960671;0.4023961147570361;0.043041384085513876
11530173;6493039;53;0.0;0.0;0.0;0.0;0.0;0.0;0.0
11530206;6493054;53;0.017278522436343664;0.08591554357592093;-0.000815054882073871;0.003622007591787579;0.08214986555796841;0.23159014834170924;0.026709827149551838
11533283;6493878;53;7.812801694378486e-06;3.08178281135637e-05;-2.5882817968652916e-07;1.0404510561018565e-06;6.982362000678458e-06;6.910031974454304e-05;5.389964578010237e-06
11542887;6334554;51;0.0003531258936658471;0.0014884164605703267;3.0151285855884834e-05;3.451057202471874e-05;0.0014867522403074465;0.004949125197822355;0.0005962998240469188
11543012;6334673;51;0.004500189445605787;0.017948575622452063;0.00027697946142650774;0.0007794358716707664;0.01707902053509714;0.0567264529967765;0.0065455470752530855
11543035;6334643;51;0.02430859117070298;0.06849772534240423;-0.0006406825926672616;0.0031148455146503586;0.04633595113646592;0.23535849912152876;0.02225403037689998
11543040;6334682;51;0.0;0.0;0.0;0.0;0.0;0.0;0.0
11543061;6334650;51;0.0;0.0;0.0;0.0;0.0;0.0;0.0
11547023;7188093;36;7.586515612089359e-05;0.00011534611206595701;3.593568460700032e-06;4.322929290630518e-06;0.00010754327260098338;0.0005364008315954091;4.729548465038539e-05
11556421;6463220;7;0.0;0.0;0.0;0.0;0.0;0.0;0.0
11556458;6463222;7;0.07126510893655016;0.08162925152351685;0.005723606217093749;0.01109787337596631;0.058983904030236886;0.19575925927815138;0.019895000559946755
11561388;6444873;33;0.0021939527968710126;0.0024889522228471223;-1.3797653968815533e-05;2.599006228659102e-05;0.00014903955270053303;0.01262914118017947;0.00014056747298936566
11561400;6444841;33;0.0;0.0;0.0;0.0;0.0;0.0;0.0
11561414;6444877;33;0.0;0.0;0.0;0.0;0.0;0.0;0.0
11561816;6445163;34;0.0;0.0;0.0;0.0;0.0;0.0;0.0
11561836;6445147;34;0.052740994437275125;0.09318551728958431;-0.003024759743057951;0.005976548422060912;0.09051253513207942;0.3936914537004469;0.04215452523083438
11561863;6445170;34;0.0;0.0;0.0;0.0;0.0;0.0;0.0
11561921;6444546;15;0.051347188870675145;0.05472504431373705;0.00035333184807057744;0.0009673894137771173;0.00426806592188414;0.19900677683290804;0.0019268307590631526
11561985;6444513;15;0.0;0.0;0.0;0.0;0.0;0.0;0.0
11562101;6444465;28;0.0;0.0;0.0;0.0;0.0;0.0;0.0
11562123;6444522;28;0.001725744694925179;0.001921890655475249;-1.5011736693063238e-05;1.4403676148831963e-05;3.8460882470816833e-05;0.009154680401942334;0.00012228774672291427
11562173;6445658;15;0.0;0.0;0.0;0.0;0.0;0.0;0.0
11562181;6444544;28;0.0;0.0;0.0;0.0;0.0;0.0;0.0
11562477;6445268;59;0.06502831390676847;0.10017865109174526;0.0018261729316848758;0.0029138217496657284;0.0562178655934992;0.5664995783089161;0.03479469014144326
11562748;6445340;4;0.00036126332838832864;0.0005120327700972862;-9.286629317004456e-05;0.00015803570223284802;0.00023331520934589004;0.0007622271883949404;0.00012139348929782285
11564934;6461481;41;0.0;0.0;0.0;0.0;0.0;0.0;0.0
11583090;6403800;13;0.0;0.0;0.0;0.0;0.0;0.0;0.0
11583105;6403862;13;0.052862122929943044;0.05505372895607322;-0.00023504048777949193;0.0004827028327751958;0.0012323619588352971;0.19063132679906314;0.0010019300062259287
11583467;6403931;13;0.05461015368323537;0.056986614530974075;-0.0002596565983369816;0.00048682623513992645;0.0013001718735653062;0.19693928770849684;0.0010950073461106203
11583699;6404142;13;0.0;0.0;0.0;0.0;0.0;0.0;0.0
11583758;6404430;13;0.0006915268705242763;0.000876268952824299;2.5224447200942463e-07;2.702873743583325e-05;0.0002211895188941014;0.0025028838759769342;6.057756127035606e-05
11583790;6404405;13;0.00014825420543441542;0.0003480128652497928;7.677123833434475e-06;2.3042859052156125e-05;0.00022752390837976614;0.0005740362219948672;5.80361701443243e-05
11583815;6404479;13;0.07276323541250128;0.07637385567705475;-0.0004104413084905359;0.0005537930545038081;0.001964224712267759;0.26242245158074134;0.0016914612165104075
11584905;6404219;11;0.0007704871104879393;0.0008013756315343209;-5.293682606242039e-06;5.913339428973709e-06;1.2812342971032392e-05;0.002556030095495518;1.688352443342338e-05
11584907;6404225;11;0.020827720320110894;0.021655182498108126;-0.00014187864970013187;0.0001585102182838239;0.00034454868747431713;0.06909403749279648;0.00045254291565479163
11584943;6404211;11;0.00012908424836167206;0.00013106365086074822;-3.8071669020851743e-07;8.324946677191564e-07;1.5887529280678603e-06;0.00042815289833335606;1.4993763908813927e-06
11585422;6402029;6;0.01714457865303817;0.017360015779645768;-3.740566870062132e-05;0.00015804434216955404;0.00035395718691221684;0.04199717319810634;0.0001544309395112709
11585478;6404329;13;0.0;0.0;0.0;0.0;0.0;0.0;0.0
11585481;6404276;13;0.0;0.0;0.0;0.0;0.0;0.0;0.0
11585892;6403401;13;0.0042315211605089866;0.018676739543461;0.0010156159997149145;0.0014551046486062653;0.01711746248625256;0.02683453487707455;0.0061225763478298485
11585892;6404280;56;0.04058220883882321;0.0781681787251014;0.0010117312839687338;0.0037227143117474094;0.0589959452416554;0.3656510600244749;0.02721390792660133
11585898;6403356;13;0.0;0.0;0.0;0.0;0.0;0.0;0.0
11585929;6403394;13;0.0;0.0;0.0;0.0;0.0;0.0;0.0
11587555;6405401;24;0.0;0.0;0.0;0.0;0.0;0.0;0.0
11591596;6425003;30;0.016224524057187613;0.07585485624839833;-0.0011970514708936634;0.002594936749628364;0.04539658674097735;0.1301567850623639;0.01736253943725073
11591844;6424982;30;0.0031809450439344625;0.0037627898945125004;-4.611133684569117e-05;5.870339635785683e-05;0.00047579327594456447;0.017588801207793294;0.0004402115685036908
11592742;6423707;59;0.0;0.0;0.0;0.0;0.0;0.0;0.0
11592770;6423726;59;0.01735635126809628;0.07796647359052304;9.466354970071055e-05;0.002782362723241594;0.06749950528204313;0.23582510124839615;0.025325054770186893
11592895;7076744;57;0.11106554076900249;0.21598945531381666;0.0044999802621402815;0.004998883848710902;0.136799220395054;1.0447366222143908;0.08254164414724248
11592907;6423745;59;0.0;0.0;0.0;0.0;0.0;0.0;0.0
11592935;6423761;59;0.0024880449127816307;0.010159093934290559;-3.576106040265307e-05;0.0004265323313643719;0.007165348798733092;0.02353161078240737;0.0017874564080099578
11595506;6427452;30;3.7492754149606707e-06;4.795005522248026e-06;-6.831757582978627e-08;6.856724680449456e-08;1.5323138833308597e-07;2.079213649735061e-05;5.944452878553796e-07
11596455;6429188;59;1.3470666231113934e-05;0.00020931449502878074;-1.1268975359684833e-06;3.7920747438322836e-06;7.214498781023542e-05;0.00028127451292372295;3.405112794532464e-05
11597061;6304850;56;0.023717780539676495;0.06625652302597275;-0.00010679989611668789;0.002436195266446763;0.04630667445191783;0.2292843338629599;0.019396912211096372
11599639;6413464;42;0.02344277828880354;0.07762287882980062;-0.001009810568957245;0.003837029918080629;0.06821330611526895;0.23316627475036017;0.027292433024752177
11603803;6302012;51;0.02430367468098754;0.06462474931145418;-0.00039726380614492547;0.002439174980231863;0.04628497548666952;0.22006600959039654;0.018945199518237678
11604105;6427510;14;0.0;0.0;0.0;0.0;0.0;0.0;0.0
11604106;6427457;14;0.0008083182845371914;0.0008683069221577614;-7.490056394999342e-06;7.894497124246383e-06;1.918787696087148e-05;0.003026773916936169;3.169278489887097e-05
11604126;6427468;14;0.0016180620398563435;0.0017382780645784032;-1.5013841289256216e-05;1.5816427784303917e-05;3.844385676100197e-05;0.006058897466041957;6.352265988979754e-05
11604333;6427450;14;7.127353909805088e-07;8.321101314401164e-07;-1.6864249628744352e-08;1.603316626603145e-08;3.4051419629574684e-08;2.679409438314946e-06;6.935962820447004e-08
11612722;6412387;47;0.0;0.0;0.0;0.0;0.0;0.0;0.0
11612748;6412403;47;0.003722941308195437;0.005745411768717341;6.008391551573824e-05;0.00016440902246015862;0.004465201127741965;0.027855791954064818;0.0016276299315886155
11612819;6412384;47;0.0;0.0;0.0;0.0;0.0;0.0;0.0
11612836;6412405;47;0.0013549973148506815;0.006364914839314548;-4.376975805970146e-05;0.00024056848787477176;0.004736171662891882;0.012781748858028501;0.0012806270976896753
11612918;6412288;64;0.001192603717838088;0.0025556886643401566;3.499869461238376e-05;5.889213300877408e-05;0.0017129604970097423;0.011950500960876817;0.0008995401693073441
11613708;6425298;42;0.0;0.0;0.0;0.0;0.0;0.0;0.0
11614492;6414304;47;0.0;0.0;0.0;0.0;0.0;0.0;0.0
11619400;6420340;6;0.0;0.0;0.0;0.0;0.0;0.0;0.0
11650443;6294176;51;0.0;0.0;0.0;0.0;0.0;0.0;0.0
11716247;6313158;51;0.0;0.0;0.0;0.0;0.0;0.0;0.0
11716250;6313170;51;0.02376021483182038;0.06401290951823795;-0.0003954709234178013;0.0024259307892245765;0.046277336792320704;0.2163927571678801;0.01880440452323682
11716281;6313196;51;0.0001998559738878784;0.0002901249693702524;2.927902219183237e-06;1.231821405247028e-05;0.00022339204815456518;0.0015005660841842274;6.487327734260486e-05
11716355;6313936;51;0.0007509766974985954;0.0012361754952514889;6.889171798433144e-07;3.655638381942694e-05;0.0008623634711848632;0.0055486953648511105;0.0001993004551434388
11726095;7164846;4;0.019685566640434967;0.039808283045047646;0.01534910381987767;0.01382079380749812;0.03902848419595636;0.05514570965078848;0.01930649603805052
11774735;7114077;43;0.00397613383206923;0.005884866881183555;1.1950194595403426e-05;0.0003091898414227472;0.004710522300430551;0.028656179205421625;0.0018131437165208617
11787732;6334470;51;0.021163435985247014;0.0610170043238688;-0.0003923243373838632;0.00236043287067015;0.04623812336903026;0.19968193906969794;0.018273754152888403
11792077;7118353;4;0.21350950212105194;0.2149272572033362;0.001254068692688364;0.0011637600100231997;0.0020668468366732973;0.42702914474785175;0.0014714346879673179
11792977;7114612;31;0.006042197592344634;0.007845220563450625;-3.770073720068003e-05;0.0003945154641740297;0.004573320261184915;0.035174735411590566;0.0018448647750288446
11794072;5995132;45;0.0;0.0;0.0;0.0;0.0;0.0;0.0
11796984;7119320;28;0.003479871608036276;0.004425131671523344;-5.826829350063459e-05;0.00016428540414730066;0.0021652226863758403;0.018800577923020704;0.0007170263694069659
11796991;7119364;28;0.0;0.0;0.0;0.0;0.0;0.0;0.0
11797036;7119318;28;0.0;0.0;0.0;0.0;0.0;0.0;0.0
11826093;6214866;35;0.0008945896428966837;0.0011093451204242204;-8.33331075269087e-06;1.0078999195842949e-05;4.9474173760820925e-05;0.005316772155907276;8.583940763348186e-05
11837774;6371777;51;0.0;0.0;0.0;0.0;0.0;0.0;0.0
11853472;6272376;45;0.03196008767077703;0.05315579238646199;0.0015538840459559413;0.0015102436861161546;0.04265100925394281;0.26581288808776665;0.023424283362447538
11856760;7104971;43;0.13936756666388112;0.20623787776717167;0.0034873781963140585;0.0073054624843262176;0.13724699450491532;0.9913695591411408;0.058590201055040335
11885599;7075292;43;0.0030611661419688518;0.004671051444707455;4.178782176640147e-05;0.00022171630576260922;0.002450096226537515;0.02141678718307515;0.0011385122161253257
11885656;7075245;43;0.0016344478803221366;0.0032344621905469957;5.578459062034013e-05;0.00017430016458133435;0.0024427045841255808;0.013312710289573685;0.0012042289890222958
11889194;7076649;43;0.0023483344757206327;0.0039532315662241056;4.87601844463866e-05;0.00019462848271220137;0.002446403928753666;0.017167612821043527;0.001157341713014262
11896956;6380229;56;0.015709576717827224;0.054179468585492704;-0.00011490502409629592;0.002093306088017212;0.042815225020200826;0.17065145240466334;0.016530077224798174
11897195;6380169;56;0.015516898694053005;0.05367733799657731;-0.00013917592731672748;0.0021047395560772858;0.042809045963321454;0.167697946538533;0.0161683382995663
11897240;6380167;56;0.0;0.0;0.0;0.0;0.0;0.0;0.0
11897252;6380198;51;0.01888765059561063;0.05582570944783116;-0.000357790994484829;0.0022690470987386875;0.04283728983574329;0.1796175607633186;0.016608855149628888
11915639;7228566;3;0.02549926197252671;0.03907361748434278;0.01871208421662179;0.020361533267724104;0.03907361748434278;0.0541046760107854;0.01804327097841387
11961671;7012896;43;0.14037812582801876;0.2078553323819464;0.0035517270100206633;0.00726536560248153;0.1378425692231372;0.9995257742865731;0.05939481427342886
11964123;6390946;49;0.00011209575992226616;0.0007961985898659761;1.1757097105949481e-05;1.715418770301056e-05;0.0007961985898659761;0.0020761878908717407;0.0002745998442248574
11974371;6357540;28;0.006381169359379606;0.007533785483897002;-0.00010370258694191418;0.00012021873836036725;0.0009056596373347497;0.03411927621224122;0.0009255110989692287
11987683;6346456;18;0.0;0.0;0.0;0.0;0.0;0.0;0.0
11989484;6349255;56;0.013599538049882379;0.05088638406298996;-0.00013236258318774383;0.0020112792496930812;0.0420470441203392;0.15388766834507533;0.015425140714311154
11989749;6349262;46;0.0009878228045536622;0.0013148832983199356;3.5513699754172277e-06;3.868616843360176e-05;0.0008512507172337672;0.00683583297420565;0.00020011373745345705
11989749;6349271;18;0.03278753381005431;0.05215286229505627;0.002930695261823335;0.0031178001317029042;0.024968992334123308;0.15546638990618536;0.01636289106186426
11989924;6349400;18;0.0;0.0;0.0;0.0;0.0;0.0;0.0
11989938;6349395;46;0.0;0.0;0.0;0.0;0.0;0.0;0.0
12000532;6973044;43;0.0008053319563373461;0.001269742058324797;-5.663551079497857e-06;3.60365689025318e-05;0.0008576242084704251;0.00540623600157875;0.0001764854977338899
12004978;6235418;39;0.015833568003831074;0.04831686091373283;-0.00021440359031921883;0.0026132163376207693;0.04639918413666769;0.16783490533193693;0.02171563438574251
12053863;6351777;51;0.00035899509993025773;0.0012546949783264175;-2.0268511492023496e-05;4.9920999023291904e-05;0.0008597487055493111;0.003973296277703074;0.0004250566684235655
12055884;6522604;7;0.0;0.0;0.0;0.0;0.0;0.0;0.0
12071328;6951012;43;0.13804810736497858;0.20594786159121928;0.0035703264764340927;0.007219289416452652;0.13820314219491217;0.9858266081506363;0.05953132136609752
12072028;6277817;30;0.019951717273220662;0.047656174864854586;-0.001697447077524366;0.0033779761769167555;0.046393031404090915;0.16537769550577194;0.022662488467571157
12081278;6263132;9;0.00026869449461865765;0.0005371232541043862;6.995450196845194e-05;6.727223827574171e-05;0.00045532160874322115;0.0010294687644992555;0.00021344667669629676
12100876;7347873;13;1.5695388334958676e-06;2.4669886086800993e-06;-2.1911447548774766e-07;2.3244179402236112e-07;1.9902213789580526e-06;6.625124131511494e-06;9.554455992188046e-07
12101305;7347768;11;0.00661136616280455;0.03717274565161696;0.0029194510910546;0.0038805383587333466;0.03717141883736432;0.0514280135569201;0.014026043278277707
12101883;6327915;51;0.011428478289187674;0.046537197749635155;-0.00031673697628480015;0.001995959070354515;0.041159163125306084;0.13211392568082633;0.014547402869396481
12118069;6274060;51;0.03660857118644748;0.05136889944555155;0.0010605427861417277;0.0014803298493853384;0.018561533811814013;0.2922403781011963;0.018286862793775737
12118255;6273891;47;0.0244114845392109;0.049107268664828195;-0.00022293366622746854;0.002149009886908786;0.0410255597375124;0.20946033816382817;0.018372832699235765
12119286;6274958;15;0.0482161264032035;0.049764094214294965;-0.00016524296890693313;0.00048276688432431325;0.001058322038047746;0.18676735575411252;0.0008214822147696969
12119286;6275002;15;0.0;0.0;0.0;0.0;0.0;0.0;0.0
12119424;6274971;15;0.0;0.0;0.0;0.0;0.0;0.0;0.0
12119427;6275055;15;0.0;0.0;0.0;0.0;0.0;0.0;0.0
12119429;6274974;26;0.0;0.0;0.0;0.0;0.0;0.0;0.0
12119452;6275010;15;0.0407119437578686;0.04144602851323829;-2.3165766220981024e-05;0.0005079155973774929;0.0010389479585000208;0.15769042022993301;0.0005374733565505121
12119475;6946657;43;9.053589572876591e-05;0.0001215388385199706;1.619267393923212e-06;4.828538264395136e-06;0.00010254286054456938;0.0006422505235452717;3.736232187756114e-05
12120271;6295829;51;8.541178038687425e-05;0.0001333006616025484;2.284819721898996e-06;5.513258138599299e-06;0.00011392658770121984;0.000683603163745672;4.321843783447119e-05
12146343;6256202;47;0.0;0.0;0.0;0.0;0.0;0.0;0.0
12172793;6931300;43;0.13751538240232586;0.2056168968946664;0.0035809684060768834;0.007215120425622136;0.13859693829470157;0.9829945135510322;0.059675002867146616
12221059;6286925;26;0.0;0.0;0.0;0.0;0.0;0.0;0.0
12221068;7439181;9;0.0;0.0;0.0;0.0;0.0;0.0;0.0
12221086;6286908;26;0.023945880189358757;0.039779335023110186;0.002012054113048841;0.0017635347128024492;0.03485437515992338;0.15117353528785443;0.017480652098278145
12221176;7439180;13;0.005644106591248744;0.036704424100835305;0.002194590993655231;0.0031957744475771504;0.035923342687847484;0.05078099954423286;0.012903734417534599
12221739;6286467;26;0.020158477601448763;0.04910905792968636;-0.0026735613100853342;0.0021222245985751294;0.04791070906877014;0.15805801426491226;0.023547714386845987
12222239;6287732;6;0.0;0.0;0.0;0.0;0.0;0.0;0.0
12227152;6285301;47;0.022828901698605398;0.04379896714686062;-0.0002377599763367366;0.0019227481973315892;0.036505135825424695;0.19588401347375176;0.0171824287750469
12256148;6976982;41;0.14267328072700503;0.20438839526360028;0.0031211009652675455;0.007471664542903894;0.13887252485641247;0.9741574619342512;0.05282287343439338
12297411;6280850;47;0.0022292420058602457;0.003788391756515096;6.888987285961342e-06;0.00011816676869405878;0.0025758142367512714;0.01620792016066758;0.0007872553947986397
12343439;7585148;4;0.0;0.0;0.0;0.0;0.0;0.0;0.0
12343447;7585036;4;0.0;0.0;0.0;0.0;0.0;0.0;0.0
12343474;7585016;13;0.005608484772478912;0.0349123094054948;0.0021471865521847013;0.003048140188841954;0.032575477986014;0.04836015283451262;0.012183810391147873
12343508;7585093;13;0.00023944463852886483;0.0007884168909962857;7.679266507297283e-05;6.731980100042717e-05;0.0007884168909962857;0.001556453943204281;0.0003591882218551793
12346411;6989738;41;0.0;0.0;0.0;0.0;0.0;0.0;0.0
12376296;6309563;47;0.019128132497605352;0.03994489064236845;-0.00023942331342411948;0.0018007016106695527;0.036472592132409984;0.17401063849440113;0.01668423005286136
12415060;8671398;52;0.0007768273397837656;0.005562050226832408;7.326703167480965e-05;0.00011709559319399316;0.005509727134193494;0.01450911206054139;0.0018560419816719814
12438390;7010839;41;0.14204870610940412;0.2039542089042611;0.003133244033392205;0.007461804979730731;0.13916448676051227;0.970763332200462;0.05298186895196113
12439763;8668461;52;0.0002444728274359822;0.0015920535463310606;1.948002833691562e-05;3.598937136281734e-05;0.0015741442998573386;0.004163525165798539;0.0005230652943467274
12439867;8668548;52;0.0;0.0;0.0;0.0;0.0;0.0;0.0
12439870;8668389;42;0.0;0.0;0.0;0.0;0.0;0.0;0.0
12439895;8668476;50;0.00024360440171403744;0.0015920535463310606;2.1517004522219436e-05;3.533893431822928e-05;0.0015741442998573386;0.0041570383963098504;0.0005350479044285973
12439931;8668454;42;0.0;0.0;0.0;0.0;0.0;0.0;0.0
12439932;8668504;50;0.0;0.0;0.0;0.0;0.0;0.0;0.0
12465898;6337174;47;0.0015370420570145979;0.00254179905203396;1.0763092820676774e-05;8.177576394541425e-05;0.0017149215712364062;0.011350651109846736;0.0006154026742793219
12501130;8758284;51;0.0;0.0;0.0;0.0;0.0;0.0;0.0
12520326;8150515;54;0.0008687133336796043;0.006350345248477876;7.644944161002132e-05;0.00013210483271424377;0.006296968670752273;0.016569394665336804;0.002080745260653839
12521105;8149160;60;1.3741404773495622e-05;6.499508925992258e-05;-1.8997581661442976e-07;2.2579236996711962e-06;6.499508925992258e-05;0.00016646986019186208;1.652404411928025e-05
12521154;8149202;37;7.105589913322873e-05;0.00017813468908275078;-2.6800386043259104e-06;5.429354636471238e-06;2.168856911229074e-05;0.0004889380187876028;3.757859387627913e-05
12521194;8149227;37;0.0;0.0;0.0;0.0;0.0;0.0;0.0
12521207;8149230;9;0.005487185706673115;0.007141045703929585;0.0007955564183570444;0.0009159999412924021;0.007084157509248351;0.01862362123659216;0.0029031860878923825
12522678;8147880;45;3.520417136479092e-05;0.00018330878681188092;-2.842174183027331e-06;8.169613832228276e-06;0.0001139686735563626;0.00039532068959472134;4.7260138701770316e-05
12522725;8147759;9;0.0006090212704923693;0.0007927622558570595;8.840663499082062e-05;0.00010176968416401985;0.0007871436687280487;0.0020675580163219943;0.0003225995074130154
12527947;6349045;47;0.01843711456975237;0.039264522680050366;-0.0002355037679239086;0.0017822791429176212;0.03646704115688759;0.17018921394007533;0.016623356063086014
12548337;7572035;9;0.008788279074765315;0.03408727712713741;0.004129130894527519;0.004478540413787307;0.028640228258567185;0.04772267815594024;0.01325958508028494
12554589;7675365;7;1.3067028504186732e-06;1.3745336035666398e-06;-2.0084145849677708e-08;2.1195943933870806e-08;3.793942597136644e-08;3.458872743084349e-06;4.052208887200375e-08
12557434;7674146;7;0.012485882013610802;0.03233384572847623;0.005285036413816275;0.0052887722352790425;0.024565035566209453;0.04623493787910409;0.01222636923725546
12557451;7674131;7;0.0;0.0;0.0;0.0;0.0;0.0;0.0
12557475;7674266;7;0.0007846703194558631;0.0007961985898659761;-4.535190060989759e-06;4.5337366464217915e-06;8.618041904998193e-06;0.0020761878908717407;9.285830662772477e-06
12557529;7674233;7;0.0;0.0;0.0;0.0;0.0;0.0;0.0
12560157;7028884;41;0.0008204690294679479;0.0012801592675544444;-9.658755770644992e-06;3.705183577110151e-05;0.0008561534028004272;0.005357556703860114;0.0001640543688966578
12571294;6356564;42;0.0;0.0;0.0;0.0;0.0;0.0;0.0
12571307;6356548;42;0.001094555377738709;0.0013166707506330148;-1.908618354071557e-06;4.029270386458696e-05;0.0008520678314948774;0.007174138157535536;0.0001654788402575139
12571348;6356546;42;0.019487542803134753;0.03869598377136774;-0.0005856177575196903;0.0019476227756522095;0.036459514617407186;0.166700684278112;0.016789322364741222
12581020;6344117;42;6.098862946467589e-06;1.7122994469272786e-05;-2.0720522042701068e-07;3.3396975937496083e-07;2.5931984808173686e-06;4.423950706282056e-05;3.0663168424564433e-06
12602742;7039196;41;0.1396865184214004;0.2020690208851831;0.0031636636431709936;0.007412309223485682;0.13952813061332556;0.9573413085942122;0.05330472009587828
12603825;6388054;20;0.02820083191186728;0.038010803867371636;0.0019988029040699904;0.0022482304502038065;0.03541113275289198;0.143390713424049;0.015256405680614786
12604317;6387641;20;0.0;0.0;0.0;0.0;0.0;0.0;0.0
12604917;6387905;5;0.0;0.0;0.0;0.0;0.0;0.0;0.0
12605065;6387918;20;0.03689305080451568;0.03797311976825918;-5.266277541730544e-06;0.0004510306561233281;0.0012836694809918378;0.16501510916842108;0.0006341254045702541
12618723;6384768;54;0.024488002803971884;0.0374101520963009;0.0008590868674678901;0.0010264556781199145;0.022141592900151795;0.2129024234422778;0.015483371436335654
12624303;7025763;41;9.845955827956677e-05;0.00012872661929265705;1.6031486957729875e-06;4.914474305309674e-06;0.00010348774701789368;0.000673137368070611;3.68412040705637e-05
12627170;6383007;22;0.034957371799782054;0.03618689347032869;5.361611214754069e-06;0.00041998647633606896;0.0013486826022079887;0.16399250290493525;0.0006448558600341377
12633729;8157466;17;0.0;0.0;0.0;0.0;0.0;0.0;0.0
12642142;7017645;41;0.13896483223319825;0.20152079916505145;0.0031749345604807594;0.0073983361474752405;0.1397184945433541;0.9533296089952986;0.05343725175620346
12665362;6342899;48;0.0;0.0;0.0;0.0;0.0;0.0;0.0
12682687;8071287;20;0.005146500613640529;0.015041177590428847;0.0009868066632944135;0.0008974110004701298;0.014956196460102558;0.0386914743977186;0.006954497896129047
12682934;8067907;6;0.00011066721706322112;0.0002684563758389262;-4.4766416413509744e-05;4.733500629761203e-05;0.00011147050456734064;0.00033742665238705816;8.20298199295313e-05
12683124;8068407;45;0.0;0.0;0.0;0.0;0.0;0.0;0.0
12683147;8068399;45;0.00012765431496614837;0.0007961985898659761;1.0679321085308698e-05;2.0176940388294966e-05;0.0007870683857813335;0.0019395475937559528;0.0002594242249725795
12683210;8068436;53;0.0;0.0;0.0;0.0;0.0;0.0;0.0
12683236;8068425;59;0.0002689237766364703;0.002386190335791687;2.0987850458114533e-05;4.799515897174429e-05;0.002361257855406701;0.005790501950659617;0.0007042610381295084
12683703;8068414;54;3.2196115396374174e-06;1.4443353168871684e-05;-7.567371956712487e-08;5.391484311840097e-07;1.4443353168871684e-05;3.408899505975101e-05;3.3397190694969974e-06
12686500;8062552;60;0.0;0.0;0.0;0.0;0.0;0.0;0.0
12689047;6326280;49;0.001556912652733115;0.003443837321308317;-1.0757535779675587e-05;0.00015319823092495134;0.0022138052422792207;0.013642271082468328;0.0011722704891230305
12690932;6338619;10;0.0346683165460311;0.03575926086735689;9.817706296598135e-05;0.0005565148076930739;0.0013883632991718575;0.10965495656398112;0.0007271710727501582
12692732;7274795;32;5.93937161597893e-05;0.0009591555119258701;1.0447260888317267e-05;3.151185866659202e-05;0.0009591555119258701;0.0013439847399537694;0.00023004152808596144
12696612;6328484;49;0.006987689240456629;0.029947062032942458;0.0005808204620475876;0.0007153767588201412;0.026927527039560487;0.09255267473290976;0.011224458857077744
12696695;6328338;49;0.018733378499118616;0.03539145882515679;0.0001470150158618469;0.0015805768024284251;0.030728303725558605;0.16990008196541764;0.015432541699666213
12696718;6328346;49;0.0;0.0;0.0;0.0;0.0;0.0;0.0
12730684;6321666;48;0.01545248111519683;0.030527273439574454;0.00013781981888604273;0.001378218282304556;0.027749339139893935;0.1449168642891228;0.014097500716621813
12754377;7125234;32;0.004387679065970641;0.005030448791285527;-3.8206364668746534e-05;0.00011693149780186124;0.0016695749048313891;0.024928243080446052;0.000409344763279638
12754425;7125368;31;0.0;0.0;0.0;0.0;0.0;0.0;0.0
12758349;7174834;32;0.0;0.0;0.0;0.0;0.0;0.0;0.0
12758380;7174848;32;0.0026400340673140297;0.003225933282093819;-2.2282801240574666e-05;0.00010448158776904206;0.001660810906924724;0.015025463420323931;0.0002921683453601439
12758426;7174855;32;0.0;0.0;0.0;0.0;0.0;0.0;0.0
12777677;6341249;37;0.008353275173715263;0.028714628148055914;0.0008528946252879079;0.0008667751981858679;0.026220048490720006;0.08823205470920642;0.011858557010206215
12787088;7041083;39;0.14613327070289323;0.20192221674255373;0.002565011802967198;0.007793927172033266;0.1401160701890368;0.9542679529233998;0.04465966646158427
12792219;7761342;9;0.010649905834850863;0.030630195293574514;0.0037208376635068778;0.0040556162321035245;0.02053641742786986;0.045516793012987486;0.01080634585975827
12827135;7401623;6;7.045164876865125e-05;0.00021783135097291662;4.7939621746098924e-05;4.6156832061368465e-05;0.00021783135097291662;0.000299041325389662;9.970381587939795e-05
12830483;7782926;10;0.0073005920242821595;0.016726086746975725;0.0020377279178791703;0.001903262775115507;0.005957038989747115;0.029966324755252426;0.006041474822318898
12857230;6341936;37;0.018958455162172143;0.029807101217328047;-0.0005800894245734342;0.0016855097196469566;0.027733332025524204;0.14126300715609663;0.013412968081299033
12878927;6207430;26;0.001860532473799227;0.002372012180154839;1.291528346035543e-05;4.680944226044379e-05;0.0007874797826156426;0.009572451229040636;0.00025043917538560315
12914250;6353704;37;0.007645508745433754;0.028157231169009908;0.0008640416347272885;0.0008704541946427059;0.026236043915188773;0.0862390089726206;0.011939459811051129
12922318;7039421;37;0.14932929951235271;0.1973630961255831;0.0015981949125963893;0.008053721998462531;0.14030714278392034;0.9255467938980055;0.029208014014774714
12937458;6361883;54;0.01813918003972725;0.029963807597454196;0.0007202083727598978;0.0007904230231454617;0.025313398063555977;0.16631994790840327;0.013536448079247932
12948874;6157653;34;0.0008882733053223442;0.0010598709466633994;-7.9424594439647e-06;8.885206027207251e-06;3.9334227535238074e-05;0.005199751875005371;7.866865609860589e-05
12981960;6364023;34;0.0015596420739495249;0.0018694764355141715;-1.5213795545675816e-05;1.668809859054094e-05;6.349414933108145e-05;0.009136502647960218;0.00015061101786141042
13027849;6401069;34;0.023951511542707336;0.025929281691917747;6.504603646683784e-05;0.00039722976081722023;0.0025399210835668103;0.13976694883579452;0.000937035543499205
13028144;6455915;34;0.0008856482203228166;0.001055950338969207;-7.903188252210843e-06;8.84473474604946e-06;3.842760897018976e-05;0.0051843009707829195;7.827221920731053e-05
13052017;6502008;34;0.0;0.0;0.0;0.0;0.0;0.0;0.0
13052053;6501999;34;0.022820628734355218;0.025040920016318854;7.908846668544878e-05;0.0004017670826558049;0.0025718658694200563;0.1332067774563553;0.0010500462460891987
13052054;6501968;34;0.00021340530638697277;0.0002450379808870375;-6.149262121454715e-07;3.992789439635545e-06;2.748123910736969e-05;0.0012467960051387949;1.337055085984639e-05
13054318;6489363;34;0.02327836354451759;0.025370246273779897;7.237743184045088e-05;0.00039860248667294225;0.0025636807546963077;0.1358585227349867;0.0009932579069174166
13055944;6501713;34;4.807799197647586e-06;7.187780772686433e-06;-9.309266094837963e-08;1.1386504356930431e-07;5.570046885696135e-07;2.8557979268166338e-05;9.33848042091115e-07
13083406;6536520;34;0.02089704637214812;0.02346932923942019;0.00010096989744238713;0.00040889816594717174;0.002638710420174186;0.12206213961801135;0.0012345912328615735
13093396;7994676;11;0.0074521314216075794;0.015738409760838026;0.0008554458638429628;0.0029634108578835945;0.01571031682519297;0.034975983308181954;0.007461674917995055
13138028;7752186;10;0.0075775518409128915;0.01616200818310263;0.0020057089307181915;0.0018422097589478935;0.006291149963988452;0.030425404378426744;0.005928847380170666
13149075;6551208;34;0.01865904935339476;0.02156284151214821;0.00012384492682026324;0.0004160923107359262;0.0027272301603815108;0.10912050413773922;0.0014332218847555775
13156753;6093831;49;0.0;0.0;0.0;0.0;0.0;0.0;0.0
13162077;7110681;37;0.14865271685928608;0.1968224112252739;0.0016086981901292687;0.008057592001275836;0.14049833348961308;0.9216227838304988;0.029305583444823723
13190788;6308873;5;0.0;0.0;0.0;0.0;0.0;0.0;0.0
13191436;6574657;34;0.0007811346815827123;0.0009389855427591277;-7.725238050282538e-06;8.54362872373936e-06;3.177481488678103e-05;0.004576534721342218;7.647428814849149e-05
13216681;6611113;34;0.017983301535490628;0.02100380609401036;0.00013137956334517782;0.000419220469057081;0.0027529043422208424;0.10522454350353858;0.0015013131073200443
13260386;6632420;34;0.00010593300723813256;0.00011892510005717553;-1.972577594636463e-07;1.972047339606965e-06;1.3736855406349085e-05;0.0006186659113745205;5.956314324711036e-06
13292227;6649118;34;0.01730850600464146;0.02044509836369088;0.00013891844695978258;0.0004224183772565983;0.0027784772504804364;0.10133941386062847;0.0015700119687031223
13334934;6636224;34;0.016845805933297535;0.0201151167305931;0.00014607368857510913;0.0004274965968320106;0.002788029558530674;0.09869073089517093;0.0016386896503365193
13357204;7132720;36;0.15208274019720527;0.19628729701787703;0.0010411968396382225;0.004293811297680252;0.03839138295493055;0.9174802740282147;0.015916708602758775
13397854;6634059;34;0.000736797057743189;0.0008806876235358794;-2.5629092804443813e-06;3.235542945150821e-05;0.0008127304235032077;0.00436484361413865;0.0001322078387949486
13399385;7698541;11;0.014954195749516987;0.02874674155425609;0.002740347673006349;0.004017621542429699;0.023585724831571377;0.06313962752132428;0.01178097421449277
13399571;7698691;4;2.436419495964911e-05;3.311177292849174e-05;7.75376917858203e-07;8.529557265157211e-06;1.5653570774149594e-05;5.0005068236333664e-05;5.613618823745114e-06
13431223;7146338;36;0.0;0.0;0.0;0.0;0.0;0.0;0.0
13431242;7146354;36;0.15166731721544405;0.196013022313902;0.0010491680491531616;0.0042953994978219895;0.03841589218642891;0.9150403342476016;0.015978900403759492
13431878;7146295;36;0.0;0.0;0.0;0.0;0.0;0.0;0.0
13453119;6656245;34;0.014667061971517101;0.01822763489678653;0.00016348892407698162;0.0004105612116597995;0.002148863637148394;0.0861475290381777;0.0017758570887509751
13453599;7702040;11;8.315381775391557e-07;1.3745336035666398e-06;1.611953074733529e-07;1.5017092671698647e-07;1.3745336035666398e-06;3.4588727430843496e-06;6.294144107527328e-07
13453646;7702417;7;0.0;0.0;0.0;0.0;0.0;0.0;0.0
13453686;7702417;7;0.02388221695966841;0.030250173264933965;-0.001682330683404987;0.0034094858830453364;0.014598585520010764;0.06503988908352595;0.005826848739568106
13453742;7702469;7;0.0;0.0;0.0;0.0;0.0;0.0;0.0
13453783;7702468;7;0.0013715613942400084;0.0015807136441016358;-0.00012504032828897604;0.00011683574282373957;0.0006599063566415602;0.0037198079084057667;0.0003090784154433776
13502059;6683373;34;0.00011261169467243268;0.00012415257698276567;-2.0854623638389924e-07;2.1532854123350437e-06;1.3593817807590247e-05;0.0006573471134765982;5.252000117912533e-06
13540465;7083132;36;0.1494489059680286;0.1941622415157528;0.0010747918233488965;0.004295624172315076;0.038431626989914675;0.9019210415051532;0.016161036208765023
13545955;6691151;34;0.014051849137938072;0.01769448681629985;0.0001659148197969443;0.00038930511088493405;0.002174521403508399;0.08259454983000554;0.0017856279088275834
13576943;6670591;34;0.013738687881424308;0.017414641419412555;0.00015860389907213553;0.0003959626875141187;0.0022270506171073803;0.08075082971188519;0.0017417366185813541
13592623;7625959;7;0.02563820772207337;0.03331012211286552;-0.0025113691470774976;0.004168488585296404;0.019170555779126266;0.07091776095492183;0.007820348480161584
13609407;6679764;34;9.56548343507617e-05;0.0006468354526706694;5.296783504763228e-06;1.938532328867352e-05;0.0005961741787576663;0.0009750989419323483;0.00013716918891504116
13669218;6951123;37;0.14478895761927904;0.19365104851909684;0.0016328872073994648;0.007920415300760607;0.1348025179379443;0.8981553179151474;0.028955143269769387
13681190;6683640;34;0.012938887151494261;0.016182535222344377;0.00011347655609188694;0.0004012460523184006;0.0022653772637475176;0.07587382818954452;0.001379839927704849
13768859;6695902;34;0.0002707117022549681;0.0009879931389365352;-2.1175132779940996e-05;2.7862081541441837e-05;0.0007773045020178762;0.002396958375596934;0.00030935061867134463
13778449;7499425;7;0.026814340505267705;0.03558853551398654;-0.003211337041085905;0.004810035874939341;0.023038900337908674;0.07529560206384668;0.009534641299943147
13778504;7499318;7;0.000852499628071607;0.001013375542517382;3.784367883950498e-05;4.289296635627852e-05;0.00023357669342609464;0.0022708256202202933;9.954158241895202e-05
13778507;7499435;7;0.0;0.0;0.0;0.0;0.0;0.0;0.0
13778542;7499400;7;0.0;0.0;0.0;0.0;0.0;0.0;0.0
13778721;6888718;37;0.1441889719993298;0.19315918910372468;0.0016380137469006871;0.00789001619198549;0.1337549133829027;0.8945031355156989;0.02889349152240538
13778748;7499932;9;0.00029135700553816694;0.0013139637822878697;0.000152469226765898;0.00016581168670474822;0.001312681218391338;0.0018495186036745395;0.0005433148180130223
13791354;6676871;30;0.001649728333117625;0.0025638113898083697;-3.1888273083745135e-05;4.272372339072328e-05;0.0008068575796017323;0.009241546288910914;0.0003539336386646198
13791593;6674900;30;0.001197103290020652;0.002033309209325765;-2.6850584047842846e-05;3.745102716419831e-05;0.0007916747923944496;0.006785062866956511;0.00031861102194808154
13795244;6673026;44;0.09836915420488226;0.14043728683411297;0.0018963817165668993;0.006412069710834662;0.12640533734439352;0.7316357639610176;0.04989199907425723
13799130;6676343;34;0.0;0.0;0.0;0.0;0.0;0.0;0.0
13827490;6654130;36;0.013720799987462555;0.1354843339085759;-0.0020404469898622607;0.004147941071574467;0.11613563192200277;0.24748318551870388;0.03889821276665224
13890111;6852224;44;0.1224818586670725;0.20173969462772207;0.0037501026245566347;0.006844221241276757;0.13271982341223218;0.9053083609564837;0.06020868585517664
13890174;6851947;4;0.002831238415840518;0.002849284638088724;-1.527797337060365e-05;1.5627508055636598e-05;2.816526115130124e-05;0.00566259065051922;1.7951365012039235e-05
13890190;6852009;4;0.0;0.0;0.0;0.0;0.0;0.0;0.0
13893672;6633603;36;0.0;0.0;0.0;0.0;0.0;0.0;0.0
13893684;6633579;36;0.11280492090067543;0.13476031759130033;-0.0010312770071623464;0.004187675830922205;0.06456562999329205;0.6885130933751484;0.02105025289524818
13893772;6633032;36;0.0996803843207728;0.13191315746649912;0.0010023253945810242;0.006673500218794625;0.11679126970809951;0.6463050799233956;0.040827486545577704
13893859;6633458;32;0.0;0.0;0.0;0.0;0.0;0.0;0.0
13893873;6633434;32;0.11447381047508598;0.1340062639486133;-0.00122491886864343;0.0037660788932258184;0.0645727472937774;0.6593666623088696;0.021957551558625277
13897295;7091019;7;0.0;0.0;0.0;0.0;0.0;0.0;0.0
13897350;7091019;7;0.0;0.0;0.0;0.0;0.0;0.0;0.0
13897447;7091313;42;0.0064979291259870875;0.044646154501529485;0.0006472444838284916;0.0020685854792914103;0.037347365182245906;0.09515737307697152;0.013167018833147345
13898809;7086334;7;0.008574515563561137;0.04199303248916352;-0.0034021289088359582;0.00820076760337726;0.040426544113021864;0.04337006477095655;0.013970920299928608
13898816;7086410;7;0.026464769102303744;0.04612566500146641;-0.0022566641128755273;0.01512605529885967;0.041012308221320945;0.08816232202414112;0.02024812865857908
13900110;7080650;7;0.0;0.0;0.0;0.0;0.0;0.0;0.0
13915190;6856815;9;0.0;0.0;0.0;0.0;0.0;0.0;0.0
13951967;7393742;9;0.0003020772248021928;0.001280353704845178;0.00014789062214023334;0.00016193187283188831;0.0012457244796388214;0.0018004161316830093;0.0005185709422727318
13953596;7394157;9;0.001424324735110878;0.001603307922776816;-8.164052535414618e-05;8.717677735979822e-05;0.0006313195916296938;0.004352641614092189;0.0002763211620337235
13953621;7394169;9;0.0;0.0;0.0;0.0;0.0;0.0;0.0
13953653;7394262;9;0.023177181306133866;0.040129633300946856;0.000768852371833823;0.008684109723803082;0.031972613450646045;0.08438491686062943;0.015937999992675544
13953754;7394145;9;0.023211168485944823;0.04083088523225693;0.0003952523852011404;0.00906095799843739;0.034830934440666116;0.08563983786968238;0.01661778414162644
13957700;6613469;32;0.0;0.0;0.0;0.0;0.0;0.0;0.0
13971320;7291638;9;0.025742312743611065;0.043893783270553814;8.217169232566543e-05;0.00936992122864667;0.03734067316303701;0.09290672541117578;0.017216463819775304
13973229;7440801;35;0.006159259317190123;0.0394057709101693;0.0007796491557748731;0.0020477163051180088;0.03202776317580798;0.08313955378660567;0.012631489864690355
14005543;6592197;44;0.09102518327584046;0.1318140232417131;0.001704041382443829;0.00627578753214992;0.12148677048481853;0.6787996001461857;0.04675934558533006
14048888;6565744;35;0.08363905226008249;0.13089483106883895;-0.004035317546461712;0.004729372551603265;0.11586310441750709;0.5858795529345324;0.05302631781699114
14051367;7456340;10;0.0;0.0;0.0;0.0;0.0;0.0;0.0
14052125;7456308;9;0.0007878481813182593;0.0008029113169182576;-3.85047649091312e-06;4.531521144087182e-06;8.618041904998193e-06;0.0023637460877097382;1.0288914772140741e-05
14060646;6544202;49;0.08018810983079945;0.1300682039157156;0.0021667153485811046;0.005548084004993299;0.12044238973443333;0.6663859897856129;0.05130814718870829
14075095;6517862;32;0.10343360869658397;0.12422941168804828;-0.0010679307068235736;0.003656240931838246;0.06454399934734892;0.5969054834933698;0.02087446943076933
14105935;6468167;32;0.0;0.0;0.0;0.0;0.0;0.0;0.0
14105955;6468189;32;0.10275966162425461;0.1236312857935744;-0.0010610313077800487;0.0036580704953138596;0.06454194475587297;0.5931372216252928;0.020846331998377016
14112143;6469906;36;0.0021649673644061913;0.0028067463606363994;2.458874344740659e-05;0.00010035948401633766;0.0028067463606363994;0.013826687623264207;0.0007895546886509921
14112561;6851572;40;0.026415480353035654;0.10368600508048889;0.0016414663664298713;0.002989136802409111;0.06566157414130813;0.23873186404230468;0.026963771443294492
14112703;6470001;36;0.013921023955159921;0.12226260480835811;-0.0018098235096787024;0.003719538575071349;0.10175394874469383;0.22214191760753402;0.0343067918736329
14112720;6470121;49;0.009224157045650296;0.1230296746231922;-0.0004447065758271682;0.005138021934436619;0.1130220485733268;0.22343783203909717;0.030557839502976403
14112752;6469978;36;0.0;0.0;0.0;0.0;0.0;0.0;0.0
14145101;6425481;9;0.08002950718368207;0.11932010127374085;-0.011026809328295249;0.009989696149083153;0.06453162863596777;0.25871554619621473;0.03213035197621391
14159403;6640856;46;0.0026885816020499943;0.0053827394315498584;3.4794342813990354e-06;0.0002447525422786983;0.005354161777132289;0.02295012622598603;0.0020546798458330314
14160622;6418186;36;0.09911557548281652;0.11927253940291974;-0.0008977556215886142;0.004052728649763691;0.06452890166800077;0.60671937810742;0.020033375521737472
14167577;6639115;36;9.084983017388707e-07;1.5498817827670194e-06;-1.968379604255844e-08;2.646293750815177e-08;1.2824735388606362e-07;5.605559217572444e-06;2.1788148079636276e-07
14167577;6641781;36;0.0022941550960465405;0.0033275961876007907;-6.501320287355488e-05;6.681384425419794e-05;0.0013357076896166411;0.014504999691280883;0.0007623374557947006
14167580;6641774;36;0.0;0.0;0.0;0.0;0.0;0.0;0.0
14167604;6641778;36;0.002090267589470318;0.0024529210165180593;4.8805063373334884e-06;4.2836744491831466e-05;0.0007160580183599016;0.012620654588875097;0.00023505630592903716
14171859;6641570;53;0.0008973499451014852;0.003954574394955191;6.210535141686782e-05;0.0001043777381073273;0.0034414051649670433;0.011693645672229264;0.0013322118941398212
14182341;6110512;15;0.0;0.0;0.0;0.0;0.0;0.0;0.0
14185005;6119792;10;0.0;0.0;0.0;0.0;0.0;0.0;0.0
14189139;6834251;40;0.025739439104019796;0.10305951955514227;0.0016372416887991666;0.0029589237786469456;0.06566336630258099;0.23564495722439224;0.026938725308421663
14197840;6131510;52;0.0002347533142194848;0.000875748912681939;1.9094887291785615e-05;1.9310562305849368e-05;0.000875748912681939;0.0031547742881814647;0.00036917076113087024
14214341;6374515;54;0.0642544359429751;0.11832966780638841;0.0020966314845395416;0.004797838453922178;0.10799873214134226;0.5894776405702974;0.04802347644669732
14215651;6376031;35;0.0014876585899484158;0.0018756839608117645;1.0559970272758885e-05;6.906310487926089e-05;0.0018756839608117645;0.009237236664191793;0.00047410241152950753
14252621;6337865;35;0.0;0.0;0.0;0.0;0.0;0.0;0.0
14252629;6338636;35;0.0;0.0;0.0;0.0;0.0;0.0;0.0
14252641;6338641;35;0.09512687294024216;0.11747003297180354;-0.0009243287056009754;0.00398077595841083;0.0645198275819393;0.5753080614387588;0.020184928690067293
14252658;6337888;35;0.0011082059338917074;0.002296186536453755;-2.2250645873523442e-05;4.1452174213799706e-05;0.0009651353694894885;0.006861891392361001;0.00034231730324824495
14256092;6339745;35;0.0002597074357823743;0.0030890884498229426;-3.984592966314241e-05;9.08615466009436e-05;0.0028450569334148136;0.005140715704523491;0.0008292213150680494
14256139;6337578;54;0.062100428958061275;0.1135369924158305;0.002032543867274073;0.004620081990360712;0.10693405000416299;0.5699966605571437;0.046477229809324686
14257566;6282516;43;0.07512439518811508;0.11176544454530125;0.001413829168617325;0.005795513092241232;0.10336043563735571;0.5580420565542752;0.039980495980665665
14259838;6340758;6;0.0007830727904854012;0.0007929344958583959;-4.955292136240786e-06;4.725297277191946e-06;8.625088749234584e-06;0.0019182458995924362;8.654094518751979e-06
14259932;6340661;6;0.001564202484383461;0.001583864100450399;-9.882731548386846e-06;9.423823683094371e-06;1.720789643305169e-05;0.0038317312047736374;1.7260517217413044e-05
14261035;6278373;57;1.3562279197113311e-05;0.00011130804072161858;-9.347779727737128e-07;4.466102336393469e-06;9.495267202753628e-05;0.0002660248074008823;3.2521215580772285e-05
14261162;6278337;54;0.04084722804718736;0.10679382930067009;0.0017133145192166847;0.00626274430036271;0.10586684163550018;0.3998819349068228;0.03595438873724501
14262046;6342598;8;0.0;0.0;0.0;0.0;0.0;0.0;0.0
14266815;6277870;34;0.0;0.0;0.0;0.0;0.0;0.0;0.0
14275255;6349416;8;0.0;0.0;0.0;0.0;0.0;0.0;0.0
14304738;6213222;38;0.0;0.0;0.0;0.0;0.0;0.0;0.0
14310985;6128240;26;2.4624116413768653e-05;0.00010944773133531148;4.3759712074575295e-06;4.70848532968173e-06;0.00010692753420762187;0.00026139647500691293;4.496284462151032e-05
14311160;6773079;39;0.025831475773164064;0.10295848356200522;0.0016673637775725103;0.0030241399225581144;0.06566524159986625;0.23358044801627884;0.02705004157128547
14311993;6213894;57;0.03662077544801104;0.10268819245812026;0.0015988283305523267;0.005845276993860467;0.10164064281337623;0.38211305665669526;0.034935720418461776
14312098;6213947;38;0.056219766885299775;0.1047441106429607;0.0011102705712058994;0.008867303441739407;0.10375282325535126;0.39090367009626276;0.029334960338577517
14312107;6213951;38;0.00025682259349844443;0.009033485970857572;-3.465011412577764e-05;0.00048210926792888653;0.009033485970857572;0.009044448933314752;0.0014445510904880685
14312141;6213931;38;0.054010849751174324;0.10219455511030896;0.0011076432291864848;0.008785887822022942;0.10076477933772994;0.3782867414786566;0.029131429458156454
14351674;6323744;42;0.0010194863338865603;0.005416836830770733;1.3681340066945383e-05;0.00029706167784887604;0.005416836830770733;0.009530610131441875;0.0010598711658939323
14360547;6883741;9;0.0007875151661937154;0.0008025520724811577;-3.844737793116358e-06;4.527477598741445e-06;8.61099506076202e-06;0.0023627465749403746;1.0274804818029744e-05
14363079;6146815;38;0.05223201337386497;0.10023320226913594;0.0011400705289945203;0.00825725035833482;0.09010127573337451;0.36731190328627744;0.028675623195384
14365591;6159005;11;0.0;0.0;0.0;0.0;0.0;0.0;0.0
14375119;6135892;45;0.0013588038128010838;0.0021690595549824438;2.699501266698172e-05;6.635493458560992e-05;0.0021217278148533444;0.010218656364821454;0.0006885618962991994
14375760;6136966;40;0.0009258515695201386;0.0012158822585807267;-3.050467358523239e-06;6.357034217987206e-05;0.0010533468490808;0.005993730162302306;0.00020228421263016706
14375778;6136993;40;0.0;0.0;0.0;0.0;0.0;0.0;0.0
14375787;6136421;45;0.04365566369118038;0.09959631514351179;0.0015744181951352694;0.00697377294954389;0.08903575830954917;0.36341729069555473;0.03207988758023122
14406024;6093880;39;0.04762750219546935;0.09749853058177602;0.001253017520208261;0.00791151898703813;0.08477766363866882;0.34842825106848246;0.029060267391098384
14408728;6609124;36;0.02635869369051298;0.09623522426560242;0.0016408972445320614;0.0030885282392976985;0.06567095302283853;0.22168240370701958;0.0258902500539358
14411236;6099025;38;0.0;0.0;0.0;0.0;0.0;0.0;0.0
14434094;6087182;6;0.0;0.0;0.0;0.0;0.0;0.0;0.0
14434098;6087164;6;0.0015651740326771315;0.0015848665460835953;-9.896657910434118e-06;9.43720911873911e-06;1.7229036965760213e-05;0.0038341115018399982;1.7284352948037498e-05
14437025;6045728;57;0.030091063336337053;0.08786803538365767;0.001334582677068551;0.005158295217694643;0.08159513690207508;0.3285174297668584;0.03143129303793146
14438191;6418184;20;0.0;0.0;0.0;0.0;0.0;0.0;0.0
14446037;6412054;20;0.002664676024893593;0.0035300229700964644;3.319278331474518e-05;0.00010243709153089763;0.0006134596248516698;0.012001461611159185;0.0003182070435481516
14446055;6412036;20;0.0;0.0;0.0;0.0;0.0;0.0;0.0
14450108;7004038;9;0.0;0.0;0.0;0.0;0.0;0.0;0.0
14468533;6052698;6;0.0;0.0;0.0;0.0;0.0;0.0;0.0
14469053;6051928;5;0.0;0.0;0.0;0.0;0.0;0.0;0.0
14482819;5993642;51;0.0019199649152661378;0.023407723929566783;0.00020127434118548255;0.0006542617933825641;0.022235084949282523;0.04469836126316885;0.00595727265295555
14485202;5994416;10;0.0008421160439073688;0.00136828292168098;9.171430828488194e-05;0.00015665275109304612;0.0005119288291222887;0.0028230341472791475;0.0002962984108364618
14496776;7930934;9;0.0;0.0;0.0;0.0;0.0;0.0;0.0
14500817;6121879;39;2.3037557073448783e-08;4.5114851132269977e-07;-9.132560957947377e-11;2.3744658490668407e-08;4.5114851132269977e-07;6.353162795495613e-07;9.90892297518928e-08
14502929;6122584;7;4.137338491499495e-07;4.328676398974104e-07;-7.0163347273666474e-09;7.48459867052341e-09;1.2601539471188406e-08;1.0952907796315463e-06;1.4302878925232844e-08
14503290;6123962;10;0.0;0.0;0.0;0.0;0.0;0.0;0.0
14504079;6122689;7;0.0008662693871150706;0.0008895429999891784;-8.538600214665596e-06;9.108829493958243e-06;1.6303350083670017e-05;0.0022923938566922087;1.736596355410914e-05
14504817;6122744;10;0.0007912783902872906;0.0008221502710085733;-4.671369612862663e-06;6.165680360334799e-06;1.923895409031574e-05;0.0025026439289844177;1.4183532444724423e-05
14504867;6122748;10;0.001580870077440676;0.0016424191912825733;-9.31007440945426e-06;1.2303930680346992e-05;3.83927796315576e-05;0.004999949616993066;2.8273936754922575e-05
14504868;6122757;10;0.0007902663684069475;0.0008210214605678293;-4.65177072310003e-06;6.149222336141213e-06;1.918787696087148e-05;0.002499440984943637;1.412765679426438e-05
14505244;6122632;21;0.0028326181701657004;0.004103978492398403;0.00019037799859037931;0.00023593440502152853;0.0017705466475954256;0.01431671796464077;0.0013178296302571433
14521448;7018035;9;3.3301512454397186e-07;3.5924443709989153e-07;-5.738697796735955e-09;5.9256190136297235e-09;9.48485649284161e-09;1.0000543199353045e-06;1.4970282584471436e-08
14522530;5979951;4;0.0;0.0;0.0;0.0;0.0;0.0;0.0
14544750;5966213;40;0.0013542243973709194;0.002186108254592881;-1.403756014873946e-05;0.00011215990560077626;0.002117343273650604;0.009744990950386855;0.0007349812903356195
14547168;5967214;40;0.0009185614123990614;0.0012701281209775725;2.838127372436021e-06;3.969064754082276e-05;0.001057581816246899;0.006024311518021611;0.0002520975273691462
14547185;5967232;40;0.0;0.0;0.0;0.0;0.0;0.0;0.0
14547429;5967368;40;0.04090511335602583;0.08647196276515941;0.001112654366419917;0.007321197327798841;0.07947343538904872;0.31969226976053033;0.029695965802557605
14547444;5967384;40;0.0;0.0;0.0;0.0;0.0;0.0;0.0
14566718;6442843;36;0.026668405269029603;0.09708592238065747;0.0016336171640200894;0.0029891872392274416;0.06621476268226725;0.22322775394069808;0.025941864440863747
14586551;5935192;40;0.03733193299537805;0.08279298729132842;0.0011162961520554406;0.007104407219332006;0.07417855491531655;0.29927462358904217;0.02907678260980186
14593226;5936757;43;0.034427032733368515;0.08232150369518168;0.0012284947506736017;0.006560754598850425;0.07311976464621314;0.2965529358475221;0.02932542301220874
14597617;5928606;10;0.0;0.0;0.0;0.0;0.0;0.0;0.0
14630291;5936508;40;2.7155853744158173e-06;4.629870768732168e-06;1.587309449273582e-08;1.7473333568718092e-07;2.9634015714790668e-06;1.8391431453184487e-05;1.0400552132884571e-06
14631463;5929868;40;0.0;0.0;0.0;0.0;0.0;0.0;0.0
14631466;5929889;40;0.033599455022831924;0.07648058713909034;0.0010713446079857983;0.006697666246545702;0.06888812937728614;0.27668433122350067;0.02801663971256351
14631589;5930310;40;0.0;0.0;0.0;0.0;0.0;0.0;0.0
14631592;5930327;40;0.0020212573061680365;0.0039218637412916976;5.339595702607995e-05;0.0002027041044021207;0.002626715846643517;0.014353510322697606;0.0010320369987829898
14639054;5931778;10;1.3493625071241704e-06;1.5050805876587155e-06;-2.6131853016838712e-08;2.863584974392228e-08;6.810283925914937e-08;4.273991794620965e-06;7.695070120737495e-08
14641689;6306115;32;0.026722760030430844;0.09349657684532008;0.0017579913571017037;0.002795697839560126;0.06622107476338927;0.21183542307561243;0.026233838806620523
14645527;5931853;10;0.0017539093850601252;0.0022455336646145492;5.367065679478686e-05;8.331283520867179e-05;0.0006429700758981618;0.005598648662785224;0.000241430225797625
14645532;5931836;10;0.0;0.0;0.0;0.0;0.0;0.0;0.0
14646638;5929754;10;0.04276347011901435;0.07511458788958797;-0.009210237370739314;0.008337592616367111;0.06564411945781608;0.16740099795647884;0.03120248443734359
14646644;5929728;10;0.0;0.0;0.0;0.0;0.0;0.0;0.0
14654690;5966903;32;0.0;0.0;0.0;0.0;0.0;0.0;0.0
14655217;5966554;32;0.013714714081874432;0.07919675719826394;0.0017587574048690123;0.002542984431635571;0.0655108131988039;0.16525168791141331;0.02579312658105902
14655236;5966542;32;0.0;0.0;0.0;0.0;0.0;0.0;0.0
14681224;5108498;10;0.0;0.0;0.0;0.0;0.0;0.0;0.0
14682664;5939956;54;0.030728844233914022;0.08607065218769896;0.001763767263026104;0.003892083244046983;0.06702908099166602;0.3240809580125956;0.03163399673726144
14685381;5124992;45;0.0015929603308568018;0.00342678862169788;8.619557022134192e-05;0.0001045676773091247;0.0031803063523463426;0.014009368453867086;0.0013505051464006003
14687871;5126079;57;0.002253954161454833;0.004573701140945474;6.748631524521623e-05;0.00023322020270663335;0.004239699804940131;0.021197649737800476;0.0016741728556080148
14688193;5114869;10;0.0;0.0;0.0;0.0;0.0;0.0;0.0
14689757;5216559;57;0.003936756673918927;0.01026486704726597;4.298385316776257e-05;0.0004110045700115444;0.009543281273222338;0.044123277601949736;0.004319426941947687
14691096;5120906;11;0.0021564986070254245;0.0024645694622911466;9.733884733455741e-05;0.00026307959616572827;0.0024645694622911466;0.007502593544465342;0.0006831452148518293
14691394;5116640;51;0.0009394214988788609;0.0022860756295813535;6.565688437797776e-07;9.629464145994981e-05;0.0021199680132792304;0.00934518306590078;0.00091098197561701
14691970;5944596;40;0.0031650329224270175;0.004471408943282851;1.8781689211572062e-05;0.00014847819112230506;0.004247252966445039;0.021070472806361422;0.0010400419256181446
14691977;5944616;40;0.0;0.0;0.0;0.0;0.0;0.0;0.0
14692228;5944181;40;0.03559315074153867;0.07331097410119328;0.002125123381419134;0.0046412804047143204;0.057376997567397336;0.29235008120247585;0.02949308172720276
14692235;5944201;40;0.0;0.0;0.0;0.0;0.0;0.0;0.0
14692356;5119184;40;0.0006469334871688695;0.0011515621645958954;2.634536307405409e-05;3.795601439247304e-05;0.0010586847877387944;0.0048422152817310425;0.0004094548620364242
14693406;5120080;40;9.597969071704732e-05;0.0017023867462181979;1.1356616699171074e-05;4.667344887611673e-05;0.0016974527690008377;0.0023867305716501652;0.00036496571004835244
14694631;5939708;40;2.040904120853732e-06;4.629870768732168e-06;-5.926705492367694e-08;8.673109817355777e-08;4.724432366621541e-07;1.3860328423716556e-05;7.983908628074229e-07
14704841;5148879;45;0.004480552481378015;0.00915205192723925;0.000235241290352801;0.000354723025795718;0.008478690945025269;0.03955360631069836;0.0038328898234868173
14711152;5167043;12;0.006224529426283365;0.007115041429775038;0.0002733538569743579;0.0006484855244472255;0.005819767048549501;0.022302943363694278;0.0016452984465881565
14713014;5155516;11;0.0021689683089571327;0.004181045435941007;-2.0850265371579056e-05;0.00034512441827397593;0.002523951708928761;0.007585229746461533;0.0007253244746469677
14715550;6088350;36;0.0;0.0;0.0;0.0;0.0;0.0;0.0
14715666;6088299;36;0.014137689868019162;0.08101835998041737;0.0014425606613344129;0.002348129723880711;0.06570559087586975;0.17047791281987115;0.024645962519506497
14715674;6088297;36;0.0;0.0;0.0;0.0;0.0;0.0;0.0
14728441;5153591;57;0.0013369602251751744;0.003357794214351806;3.4823017904174205e-05;0.0002420070928910477;0.0026117656901244314;0.013481530624597443;0.0011837073584163437
14732875;5120025;48;0.0009347710573773901;0.0034015689997376323;7.0895870623828645e-06;0.0002565915526726255;0.003377721443187058;0.008755090063642845;0.000850359597910353
14733345;5119615;5;1.5767690820833555e-05;1.6253474594824098e-05;-2.466648848447387e-07;2.433349575680664e-07;3.452953675770028e-07;3.5266331009439115e-05;3.503523256189241e-07
14737591;5256177;40;0.010019395744094186;0.013746959098761106;4.0807297941051026e-05;0.0009360011791997886;0.010605273163617767;0.0678921879206477;0.0038529778664742943
14746376;5937623;42;6.1052047648438095e-06;1.3889612306196504e-05;-1.5127547472325532e-07;4.804041434301069e-07;8.606050128576353e-06;4.237527827231984e-05;2.3410221078080664e-06
14748246;5939966;42;0.0016045111767478673;0.0023418713737609663;1.7550764725690676e-05;7.523982629667933e-05;0.002114143190120959;0.01110132792937803;0.0005998476971503854
14748261;5939985;42;0.0;0.0;0.0;0.0;0.0;0.0;0.0
14749183;5939793;42;0.03183619606963583;0.07116330813960157;0.0020302993636955443;0.0043560193613440875;0.05739395424721503;0.28117700241995763;0.029476255465056084
14749192;5939807;42;0.0;0.0;0.0;0.0;0.0;0.0;0.0
14757866;5094736;31;0.0007098368076508019;0.004249958441735313;-3.689078103201881e-05;0.00025865283544094223;0.00422512899867136;0.00586822770485241;0.0007790850568005014
14775265;5281302;10;0.0;0.0;0.0;0.0;0.0;0.0;0.0
14777992;5312444;46;0.0;0.0;0.0;0.0;0.0;0.0;0.0
14780118;5223296;10;0.0;0.0;0.0;0.0;0.0;0.0;0.0
14781566;6239944;36;0.02406448607549395;0.09293979103409963;0.001542022752912713;0.002872529464166836;0.06621994108935395;0.21019642050315032;0.02545963774592927
14784514;5317902;57;0.004883421508966036;0.015671576707630922;2.656216619171733e-05;0.0006062413275247835;0.013389654004555605;0.060746601508239934;0.006394658782235549
14788124;5073023;48;0.0004276006336442095;0.005097546760558303;2.796772138838682e-05;0.00020942262070976277;0.004255285496623263;0.00648550394954987;0.0008327330878494615
14794648;5911150;56;0.023014689716359775;0.06982732490411035;0.001453011199760843;0.0032378231688666138;0.05740551518998521;0.2743746064458901;0.028541815148029295
14811408;5095710;9;0.0021044971101593026;0.002383481567196771;0.0001083807220360096;0.00010899826687078688;0.0007845553528478774;0.006402896980097456;0.0003554210269715248
14813848;5352131;19;0.0017040798854625803;0.0018463167071424125;-1.5182628138204548e-05;1.4568248491963968e-05;3.6526846041904336e-05;0.0074370716601149635;8.465347723764897e-05
14815788;5077338;6;0.0;0.0;0.0;0.0;0.0;0.0;0.0
14818722;5899023;42;5.4243762485909574e-06;6.595185007622512e-05;3.237921781599549e-07;1.7851730652772043e-06;6.466928617969339e-05;9.474749794475235e-05;1.3576315461973774e-05
14819262;5898892;42;0.0016307892875866174;0.002265152225513999;1.4195384927928843e-05;0.00012127517950074927;0.002119584798324504;0.01110526021894769;0.0005261927292496202
14819283;5898898;42;0.0;0.0;0.0;0.0;0.0;0.0;0.0
14819527;5898861;42;0.027530715249492126;0.06691188638407962;0.0019792623644909247;0.004205530857674589;0.05744113285458145;0.2597874308361667;0.02913679451361985
14819550;5898864;42;0.0;0.0;0.0;0.0;0.0;0.0;0.0
14820198;5111814;14;0.003667035041643157;0.00679032002868021;5.802262866709538e-06;0.0007241481271659708;0.004309315522524254;0.014215318220201327;0.000993379087064672
14820550;5111660;60;0.00030117160983043065;0.005944333956206601;1.6445454347748978e-05;0.00020662101786999884;0.004283089031208978;0.007803535304630953;0.0009613610398505383
14832043;5251213;33;0.0010722794897554536;0.002648532111852501;-8.598305554782343e-05;0.00011880015585640237;0.0026156915276269285;0.00825995670667269;0.0009579655804399115
14851368;5442044;19;0.0;0.0;0.0;0.0;0.0;0.0;0.0
14853036;5440107;56;0.009708171700150077;0.024998043274249256;0.00019118674099110976;0.0008062775054809187;0.02334232542143132;0.09780296695698677;0.008749998848012312
14858262;5387194;48;0.007429230760338137;0.017610819893601637;-2.9466189451643947e-05;0.0007454430962137873;0.014850406065779514;0.0700768085141847;0.006863964698573596
14859458;5387013;48;0.0;0.0;0.0;0.0;0.0;0.0;0.0
14868766;6178082;31;0.00929729194512794;0.010865800369304172;2.1152301132574145e-05;0.00018145423512989708;0.0019360087454825502;0.05188600780004699;0.0006357378878977769
14871759;5436265;11;0.00042626421760823106;0.0008884558064885934;8.794783383660864e-05;0.0001136739420233084;0.0006142337328611037;0.001785631064360787;0.0003288776067814876
14884746;5502079;57;0.0006098612266662628;0.0017960222235756677;3.971473661658605e-05;3.7273252507897906e-05;0.0017951060552663877;0.007590279134128432;0.0007992571829232941
14885169;5501284;51;0.005318937324641922;0.024228028503562947;0.0003231104823435206;0.0008077912705279156;0.024228028503562947;0.06060762505166826;0.006613175214003598
14885173;5501419;44;0.0;0.0;0.0;0.0;0.0;0.0;0.0
14885177;5501437;44;0.009245963399730531;0.0283419132205691;-0.0003582004384321033;0.0013148133123041543;0.026535269630358377;0.09744957094211744;0.011416648481772622
14886199;5475933;10;0.0;0.0;0.0;0.0;0.0;0.0;0.0
14892637;5878167;40;0.05100830016814577;0.06610511897525466;0.0010998552220645012;0.0026037269338266746;0.0457871429429061;0.3403103757407712;0.017129860182644875
14892898;5878133;11;0.0;0.0;0.0;0.0;0.0;0.0;0.0
14892940;5877928;11;0.0;0.0;0.0;0.0;0.0;0.0;0.0
14892942;5877953;11;0.02936362468270529;0.030867554202145694;0.00026965634158212246;0.0004494827203497115;0.0016167218413000416;0.09744059048844632;0.0009639726119518153
14894250;5878941;38;0.0;0.0;0.0;0.0;0.0;0.0;0.0
14902823;5263951;60;0.0002745674810641021;0.001048868216942115;4.846676037449331e-06;3.5554854811597115e-05;0.001048868216942115;0.003999156807865781;0.0004372264301714092
14903668;5264240;27;0.0003620409671949391;0.002321722910584995;4.687635777591699e-05;0.0001189711371315354;0.002114534916057616;0.003949944907278631;0.0006684164785769126
14904765;5264878;16;0.0057610401971845745;0.009334687231498561;9.912629120147251e-05;0.0009173333829849848;0.004351340416553564;0.02372234585864569;0.0014079316962298987
14912143;5543018;21;0.0;0.0;0.0;0.0;0.0;0.0;0.0
14945448;5625185;23;0.00019341082035434102;0.00034159750206826616;-1.2046437663270283e-05;1.4722090523545507e-05;0.0002127369656337598;0.0010386080254197847;9.742968157090507e-05
14949250;5578628;47;0.021962399675105757;0.031135354955982936;0.0006614471504137202;0.0011048342814695476;0.028667403056981657;0.16984770448954065;0.011464963969266578
14949492;5578371;4;0.0005994661344476817;0.0008661648005910301;0.00025718815688704507;0.00030646348879898554;0.00077915628505133;0.0013869562450521896;0.00034864345694802785
14950904;5677276;23;0.0008441640989994386;0.0009176009176009175;-7.582878640318089e-06;6.875848450440519e-06;1.9221928380500986e-05;0.004055861691303761;5.103897065036573e-05
14969703;5874755;56;0.013493838982764465;0.041064425971304844;0.0002340175492973019;0.0019035849359038996;0.03294005577767897;0.142213981124774;0.013381843883039432
14970753;5687232;23;2.7547760463394603e-05;2.934907145934495e-05;-7.577135161975338e-09;6.151250066205986e-07;2.1918681081460574e-06;0.0001321676420842874;7.820308985130802e-07
14970833;5687637;23;0.0016603903172980195;0.0018079143079143079;-1.5150613348245817e-05;1.377162474967563e-05;3.781731455983336e-05;0.00797796491955834;0.000102005141565231
14972684;5692628;10;0.0;0.0;0.0;0.0;0.0;0.0;0.0
14987427;6246255;36;0.008086826311842958;0.010090163303224285;7.257759487783077e-05;0.0004156977414421133;0.007147711933145825;0.04942090752300383;0.001564739485526232
14989106;5721588;24;0.003070490092867466;0.0035543616927216004;3.8298094247786575e-05;0.0001707389981689502;0.0027680394438284045;0.01534611444020189;0.0006202621274589863
15015729;5925067;4;0.003855531841780088;0.0039057111071424478;-3.067899218983565e-05;3.178148001306861e-05;4.23080098147662e-05;0.00771137400029385;3.458988467507041e-05
15015884;5925290;4;0.0023266024476577916;0.0023570584775296274;-1.86200119653319e-05;1.9288651564020882e-05;2.5677954609088383e-05;0.0046533943223548025;2.099357958408179e-05
15016723;5924212;4;0.0030913864558388855;0.0031317124801544067;-2.4654613054781685e-05;2.554034856633751e-05;3.400002905616347e-05;0.006183022859396389;2.7797492881022253e-05
15018204;5761753;25;0.004548765199886878;0.005225863223177032;5.3058531935401406e-05;0.0002076802786599056;0.002730991505121789;0.02317917265183493;0.0008942577644286856
15018306;5872100;40;0.0008213342456656126;0.0011515621645958954;4.431714032299774e-06;3.727500134144409e-05;0.0010586847877387944;0.005443571127976112;0.00025733581664874643
15018775;5871221;40;0.00159287938880435;0.0022519782303604794;9.077907789580836e-06;7.51309749287951e-05;0.0021251648888825146;0.010597239470776402;0.0005198772573856384
15018847;5871263;40;4.876865046644822e-05;7.176299691534861e-05;-1.848461975194515e-07;3.232605405402995e-06;3.0059601418588265e-05;0.00031218760756657074;7.6253714424203065e-06
15019089;5761125;25;0.0037277856108757466;0.004382112828458472;6.0558203969690224e-05;0.00020346071137748666;0.0027482994469689164;0.01919680672623293;0.0009188634167934936
15019095;5761182;25;0.005368950294839962;0.006068771551633398;4.5573799913272284e-05;0.00021207249722902726;0.002713708059543422;0.02719685797990793;0.000872431138090083
15023537;5782120;45;4.118647795908104e-05;0.0018533915081586467;-4.883772090009315e-07;8.424506855266576e-05;0.0018533915081586467;0.0018533915081586467;0.00027320018765302883
15037465;5874287;6;0.0;0.0;0.0;0.0;0.0;0.0;0.0
15037937;5809368;28;0.0009310813062172489;0.0027950807739167065;-1.8156646676736842e-05;0.0001438819742634344;0.001860300786658959;0.005289167817783196;0.0003636004989109091
15037951;5809390;28;0.0017566913401920285;0.003693240489639725;-2.5597147195561504e-05;0.000149831251756026;0.0018626099000684326;0.009523026763476225;0.00039101670251710433
15037963;5809393;28;0.008336020183676318;0.028391311811350108;-0.0002447611837382764;0.0013076913810533717;0.0271343343383554;0.05346500384795413;0.005709666385010409
15037974;5824940;39;0.014709258646788377;0.032766050769477556;-0.00037207633233577917;0.00202456230546853;0.030797764821467455;0.10941386746632106;0.009518221508016504
15038525;5825216;15;0.041781802731036426;0.043297266099232436;0.0002315339500221042;0.0006252515900200579;0.002521920634620027;0.16189191767038713;0.0012438492718644285
15039136;5869645;56;0.013039135334364262;0.04009213448477521;0.00021470282499327684;0.0018582328844520136;0.03186294570371036;0.13791710004494423;0.013024742710515177
15039876;5273715;60;0.0018684624364740416;0.006864426415875129;5.31052653668105e-05;0.0002031361460351491;0.006358959153364368;0.019120892844324906;0.0016131719818072963
15040599;5809451;28;3.5320070929371006e-05;3.825180361701939e-05;-1.4963503533569136e-08;1.1245697378226261e-06;7.633226412662757e-06;0.00018727891565751783;2.261358291991971e-06
15042706;5964088;33;0.00010117775981785392;0.0008090612235535451;1.5323518514866266e-05;2.590244072044572e-05;0.0008050807807956289;0.0015969239311360794;0.00025892242035352757
15042710;5964097;33;0.0002324612067777552;0.001908453854182198;3.630473019858624e-05;6.107224553040783e-05;0.0019044734114242819;0.003763061042920327;0.0006124310077427348
15042723;5964072;33;0.0017578923667062468;0.002027811886088089;-1.4897807565481243e-05;1.6042905747412314e-05;3.812184983072696e-05;0.010131714666808019;0.00014307427432374528
15045091;5876681;35;0.01584472350346896;0.035850647416969535;-0.0009585116865225213;0.001756350516191971;0.02720170427081658;0.11546227087938533;0.011394988616650992
15046703;5970289;33;1.015849975220645e-06;1.966126910215176e-06;8.671167682362351e-09;6.06249471720041e-08;1.3027197838958251e-06;6.189327082784609e-06;3.5901300122276036e-07
15049183;6007897;4;0.00037801560866792454;0.00038601625003891295;-3.589954171318712e-06;5.551251357487899e-06;8.301182510320605e-06;0.0007560966039343376;4.971742519297046e-06
15050290;5875432;35;0.0031081083104257863;0.009377210601464039;0.00017066483148187375;0.00025568199653931657;0.007785157055132978;0.024759469832252058;0.0028026494707043366
15050304;5875415;35;0.0;0.0;0.0;0.0;0.0;0.0;0.0
15050310;5875452;35;0.0;0.0;0.0;0.0;0.0;0.0;0.0
15050312;5875445;35;0.0;0.0;0.0;0.0;0.0;0.0;0.0
15050326;5875472;35;0.0025187040449613377;0.0036415155508586973;1.3102095043981089e-05;0.0001487723630107019;0.0017754130553631702;0.015454581729203125;0.00069299853867003
15050346;5875447;35;0.0;0.0;0.0;0.0;0.0;0.0;0.0
15054149;6001785;4;3.0653867514780585e-05;3.145803056344282e-05;-4.906538109928333e-07;5.071466681069529e-07;6.764970466814743e-07;6.131771253157082e-05;5.530586879971644e-07
15063509;5875215;9;0.00013401094564971744;0.00028626864722160374;1.052179437820441e-05;2.3574727110498393e-05;0.00017592612882484247;0.00043334435152780085;5.391034225212013e-05
15063605;5875283;9;0.0015349452044400675;0.001562713301384528;-7.212341382302434e-06;8.733736589179814e-06;1.6362275124699515e-05;0.00460520083558226;1.9332500974892447e-05
15063644;5875236;9;0.0007868491359446272;0.0008018335836069579;-3.833260397522879e-06;4.51939050804993e-06;8.596901372289454e-06;0.0023607475507777375;1.0246592234749692e-05
15066076;5875498;9;3.9086082573730824e-05;4.1313110266487526e-05;-4.5991811054010625e-07;6.198625244069e-07;9.29515276722133e-07;0.00011731620228226945;1.2290312033752894e-06
15071090;5294157;50;0.0;0.0;0.0;0.0;0.0;0.0;0.0
15071158;5294320;50;0.0013347351733489243;0.0023023493883004074;3.424185229606545e-05;6.515551350527878e-05;0.0021174876862867544;0.010892029838552272;0.0007689007069209116
15079042;5863137;22;0.0;0.0;0.0;0.0;0.0;0.0;0.0
15079069;5862583;22;0.0008934173417572525;0.0011182639961938605;-1.3326901638563145e-05;2.6536900630194617e-05;0.00025238346768790014;0.004224568325885734;0.00011415649464260346
15086972;5313124;60;0.0;0.0;0.0;0.0;0.0;0.0;0.0
15106268;6329597;40;0.006503939275694688;0.009343690452979257;0.00015683534683176684;0.00039660823912767036;0.00719282569687452;0.04444013063895125;0.0026593052059236027
15172182;6074121;4;0.00023082943482222282;0.00023560754140745197;-2.0542746267556064e-06;3.5819892541684418e-06;5.066681005874815e-06;0.00046169793563324954;3.002992116913839e-06
15172342;6074214;4;0.001322367604415942;0.0013379493624014274;-1.0393139864784451e-05;1.0967039238234805e-05;1.557413784922701e-05;0.0026448406855797916;1.1810241986859543e-05
15173920;6097588;4;0.0007756405862592455;0.0007857953884493321;-6.208374314176535e-06;6.431311447271214e-06;8.56166715110815e-06;0.001551344340853292;6.999780124948247e-06
15214321;6255533;39;0.00592711606461385;0.008642438521669177;0.0001395991009950414;0.000372773749481825;0.007232745442770829;0.03978056667141029;0.0023336776072343823
15236655;6156675;37;0.003521874157160731;0.007805599107357484;-9.177710158666878e-06;0.0004401201120918265;0.0069473450912531645;0.022454962434130733;0.0011063969706895528
15242871;6184336;40;0.005259729344166653;0.00804178675059844;0.000136590686185895;0.00033327384850891225;0.006322480358518709;0.036091896311061016;0.0022137912524268673
15246557;6169273;36;0.0009016085499550105;0.0011500122828131283;-8.79688022880317e-06;1.0952946715644805e-05;4.9345926406935007e-05;0.005439176764115837;9.432754496765135e-05
15246565;6169271;3;1.4306225331493832e-06;1.5498817827670194e-06;-1.2150627568477722e-07;1.2150627568474304e-07;1.2824735388606362e-07;2.483868020222231e-06;9.926033920694124e-08
15246565;6169298;3;0.001105495454694689;0.0011500122828131283;-4.5724102690576174e-05;4.572410269056322e-05;4.9345926406935007e-05;0.0019158681408846803;3.737259336764185e-05
15247056;6164183;36;1.1921854442911525e-07;1.5498817827670194e-06;-1.829056060289988e-08;4.428233665048627e-08;1.3068692313975333e-06;2.483868020222231e-06;3.9644006601089485e-07
15256985;6163981;33;0.0;0.0;0.0;0.0;0.0;0.0;0.0
15309414;6136435;40;0.0017865947301082719;0.0026446936595164827;5.7379497333692465e-05;9.206197174101499e-05;0.0011093451204242204;0.012380142946167445;0.0007998610845252072
15412739;6132359;16;0.001538973172983902;0.0017639820957523259;-4.757698385669372e-05;6.666679485815521e-05;0.0007837051016363743;0.006269848189771649;0.0002974875510164871
15486047;6096027;35;0.0007305443263901615;0.0009891223624532185;2.804998877115969e-06;5.8243232577745025e-05;0.0009891223624532185;0.0047606595170024656;0.0003374083404886738
15613228;5953875;31;0.0;0.0;0.0;0.0;0.0;0.0;0.0
15809137;5716629;50;7.0927136895802064e-06;3.821315296725133e-05;-2.573791179694815e-07;1.5616169618315249e-06;2.1707984196587503e-05;6.63830362483301e-05;6.150411575543839e-06
15813858;5663999;52;3.932731058490933e-06;4.776644120906416e-05;-2.451435183795126e-07;1.8548502737873675e-06;3.9333458125628224e-05;6.527267405058253e-05;8.15271374314169e-06
15817206;5760833;49;9.669626916506575e-06;2.407225528145281e-05;-2.432016077129936e-07;1.072426589116151e-06;2.2291005897563275e-05;7.744795883498051e-05;5.376828169757594e-06
15819399;5854539;46;4.130361005690311e-06;1.4443353168871684e-05;-1.825557855321697e-07;2.793848057539236e-07;1.4144718986276574e-06;3.495947629105133e-05;3.083653990160595e-06
15831650;5930771;51;1.7225877428734378e-06;3.5700834149989916e-06;1.7791455496405862e-08;1.92530984756218e-07;2.407225528145281e-06;1.3414116000963124e-05;7.48930910718436e-07
15831733;5792772;46;2.1586966622837176e-05;5.295896161919618e-05;-4.970478034649753e-07;2.582083422856177e-06;4.4975909778324984e-05;0.00016452468152713313;1.1065519246281699e-05
15880634;6109300;16;0.0;0.0;0.0;0.0;0.0;0.0;0.0
15880657;6109308;16;1.3132520036915988e-05;1.535380934407247e-05;-3.033091366467256e-07;2.7517252562678235e-07;6.129255533323439e-07;5.2835140507663614e-05;1.4173644587878156e-06
15880731;6109333;16;0.0;0.0;0.0;0.0;0.0;0.0;0.0
15883552;6206009;43;0.0;0.0;0.0;0.0;0.0;0.0;0.0
15883980;5698441;55;7.309111878722891e-06;4.776644120906416e-05;-2.9961273635073606e-07;1.7401487603937087e-06;3.652246376448291e-05;8.36406789661851e-05;8.589096441907768e-06
15888604;5653286;55;3.933942532546235e-06;5.095087062300177e-05;-2.4912999765435153e-07;1.8755196717781814e-06;4.532888190071115e-05;7.539599102504375e-05;9.37441464929729e-06
15893530;5884466;49;1.2964018536351963e-05;3.821315296725133e-05;-1.8743497422042817e-07;1.4399775283884487e-06;1.9288579164872052e-05;0.00010190615832185305;6.6234617775052695e-06
15898499;6044891;32;9.723207663010866e-06;1.7059788160080522e-05;4.0437019016470965e-07;6.012353099016606e-07;1.273111176110642e-05;6.185421464983047e-05;5.001997468793834e-06
15914719;5935078;53;1.1394838902368656e-05;2.2291005897563275e-05;1.637444619536369e-07;1.8034280303200988e-06;1.72697349998719e-05;9.34369526935334e-05;5.906215765238248e-06
16386313;8152509;45;0.0;0.0;0.0;0.0;0.0;0.0;0.0
16495846;8111326;45;6.3927226094962545e-06;1.0896451025900864e-05;-3.495207787033231e-08;5.988458012673237e-07;9.111409318401369e-06;4.4475236870056904e-05;1.7577516469706562e-06
16654249;8062767;45;1.1485050751637823e-05;1.964713741207906e-05;-1.532039590540283e-08;1.1417962473147238e-06;1.867963033011577e-05;8.107581750423578e-05;3.763865033103314e-06
16658588;7825347;37;7.609280232419636e-06;1.4656455794570127e-05;3.6961394574649506e-07;6.416786074244555e-07;6.582018532938952e-06;5.531764868414709e-05;4.980230827955306e-06
16672610;7935844;37;9.322173584783089e-07;1.7861034010980965e-06;-2.1874926366478435e-08;3.22895675310108e-08;2.3622161833107704e-07;5.883235461982257e-06;2.5776476671671664e-07
16678098;7934897;37;1.553399504905873e-05;1.9697618649522105e-05;1.22678978083059e-07;8.242802287708112e-07;5.004744845281144e-06;9.605112123803761e-05;2.8357410503395957e-06
16678108;7934903;37;4.538524693639897e-06;8.037465304941434e-06;-7.933257336641307e-08;1.6379786223216797e-07;1.0629972824898467e-06;2.8241608253067132e-05;9.788962360172343e-07
16678128;7934887;37;1.932188391551454e-06;2.679155101647145e-06;-7.922104776623062e-09;9.040169202377374e-08;4.970965388811178e-07;1.1861267042064538e-05;2.628139084032572e-07
16744222;7981748;40;2.5530869868526674e-05;3.572206802196193e-05;2.847676457384508e-07;2.093533948260699e-06;3.572206802196193e-05;0.00016927941775969098;8.03509276130999e-06
16759012;7987037;26;0.0;0.0;0.0;0.0;0.0;0.0;0.0
16760438;7988094;42;6.871088840913212e-06;1.867963033011577e-05;-2.001918450357052e-07;3.9655089525070667e-07;2.828943797255315e-06;4.912125602549586e-05;3.1997008618142647e-06
16763619;7991131;42;2.0120840398783062e-05;3.2149861219765736e-05;-1.447307293031017e-07;1.3288140606086955e-06;1.6707038271730834e-05;0.0001320616701742222;3.2243846159510234e-06
16763709;7991029;42;1.2966187694463929e-05;1.964713741207906e-05;-6.5894788418736e-08;8.841631859283894e-07;8.065020201052885e-06;8.504502236261013e-05;2.0209076748898717e-06
16791136;7565279;22;0.0;0.0;0.0;0.0;0.0;0.0;0.0
16803286;7651626;27;4.824168313347182e-06;6.8712623196007335e-06;1.4867959006475014e-07;3.5995289893916834e-07;6.8712623196007335e-06;2.7913694791848754e-05;2.3634105865284907e-06
16885657;8016361;42;7.531261877002794e-06;1.0896451025900864e-05;6.896753985887456e-09;5.512173130688353e-07;5.3852099941938e-06;5.002459591557671e-05;1.691886571657555e-06
16937803;8043714;7;0.0;0.0;0.0;0.0;0.0;0.0;0.0
17338536;8061298;42;0.0;0.0;0.0;0.0;0.0;0.0;0.0
17611091;6457086;19;0.0;0.0;0.0;0.0;0.0;0.0;0.0
17626125;6547885;19;0.0;0.0;0.0;0.0;0.0;0.0;0.0
