x;y;life_span;mean_BC;max_BC;trend_BC;mean_DeltaBC;max_DeltaBC;BC_EuclideanNorm;BC_Deviation;BC_EvolutionType
2280757;6777228;46;3.9960893914305627e-07;2.257620881488073e-06;3.746098010235712e-08;8.647917317765421e-08;1.9398002393713496e-06;5.936720476722929e-06;7.787815737693348e-07;4
2284652;6795827;35;1.6278114195657058e-07;1.923845844797584e-06;2.5519504358774708e-08;5.813690528382488e-08;1.923845844797584e-06;3.289575261796403e-06;5.316789014013974e-07;4
2291150;6779588;11;4.282657251907295e-07;6.412819482658614e-07;2.724871438702205e-08;3.9146933768589314e-08;3.135941298966653e-07;1.4812077218536803e-06;1.2665252040503098e-07;0
2291902;6779172;3;1.8991133228266563e-06;1.923845844797584e-06;-2.64044674262332e-08;2.6404467426230767e-08;3.1420303792140646e-08;3.289575261796403e-06;2.168843170723984e-08;0
2366458;6937814;50;0.0;0.0;0.0;0.0;0.0;0.0;0.0;4
2439801;6840607;55;5.413176886022447e-06;8.439169561603224e-06;9.44444798834996e-08;5.295333275501765e-07;4.41068222329053e-06;4.335886164036942e-05;2.2088839748264376e-06;4
2456130;6843516;10;6.0196576537017225e-06;6.412819482658614e-06;9.472236525866778e-09;2.0489510427744746e-07;8.421265703822808e-07;1.9060783955923036e-05;3.083346131519661e-07;0
2531612;6846850;36;2.414675047508311e-06;3.013989129144009e-06;-9.495181900551688e-09;1.0074918377325659e-07;5.454104964166647e-07;1.455572165674706e-05;2.3365643620982055e-07;4
2671680;6821774;55;0.0;0.0;0.0;0.0;0.0;0.0;0.0;4
2699014;6800591;33;0.0;0.0;0.0;0.0;0.0;0.0;0.0;4
2971627;7367545;55;0.0;0.0;0.0;0.0;0.0;0.0;0.0;4
2995109;7733747;19;0.0;0.0;0.0;0.0;0.0;0.0;0.0;0
3040776;7067808;40;0.0;0.0;0.0;0.0;0.0;0.0;0.0;4
3106459;7512666;57;0.0013276839871398;0.0065681254386206;-5.972637543958381e-06;0.0002717448994411;0.0063746990959709;0.0180347166482594;0.0019858029120315;4
3120359;7804319;42;0.0;0.0;0.0;0.0;0.0;0.0;0.0;4
3126463;6534436;29;0.0;0.0;0.0;0.0;0.0;0.0;0.0;4
3129551;7527716;3;0.0015492590876988;0.0015592770572084;-1.0798278359272288e-05;1.0798278359271086e-05;1.31392049082591e-05;0.0026834395878004;8.885548612846514e-06;0
3129576;7527616;3;0.0;0.0;0.0;0.0;0.0;0.0;0.0;0
3129649;7527513;3;0.0;0.0;0.0;0.0;0.0;0.0;0.0;0
3129660;7527578;3;0.0023234138532175;0.0023384346243514;-1.6190816422051826e-05;1.6190816422050102e-05;1.970095228644034e-05;0.0040243370011814;1.3322901444288917e-05;0
3129678;7527689;3;0.0061865912275197;0.0062265270766873;-4.30478888662448e-05;4.304788886624021e-05;5.238400796217946e-05;0.0107156659802129;3.54229220430126e-05;0
3129683;7527721;3;0.0;0.0;0.0;0.0;0.0;0.0;0.0;0
3130044;7527225;3;0.0;0.0;0.0;0.0;0.0;0.0;0.0;0
3130218;7527224;3;0.0;0.0;0.0;0.0;0.0;0.0;0.0;0
3130230;7527171;61;0.0;0.0;0.0;0.0;0.0;0.0;0.0;4
3135400;7267470;25;0.0019152937431751;0.0037604694613605;-9.647713610364396e-05;0.0001773719117027;0.0022234793370491;0.0108305252260343;0.0010117613079303;0
3158274;7278173;55;0.0018236179189763;0.0056351420828696;4.717433866815257e-05;0.0002533806006682;0.0044309261941311;0.0178178081502471;0.0015641858758785;4
3172988;6897210;49;0.0;0.0;0.0;0.0;0.0;0.0;0.0;4
3184930;7535368;37;0.0044556228345267;0.0078024774645507;2.1263196811170693e-06;0.0004748707722474;0.0049214695501856;0.0292577570790289;0.0018119056720561;4
3210411;7818902;74;0.0;0.0;0.0;0.0;0.0;0.0;0.0;4
3212192;7816483;30;0.0;0.0;0.0;0.0;0.0;0.0;0.0;4
3219080;7747520;42;0.0013113648893253;0.0018036170193838;1.9001300003470244e-05;4.842116095199469e-05;0.0008982490011512;0.008767366487946;0.000332388343939;4
3230542;7605524;41;0.0;0.0;0.0;0.0;0.0;0.0;0.0;4
3235094;7604851;7;2.9843209358704604e-06;7.054101430924475e-06;1.4852450121812155e-06;1.207955698675028e-06;7.054101430924475e-06;1.2061775959920144e-05;3.446390226835367e-06;0
3235814;7608874;49;0.0;0.0;0.0;0.0;0.0;0.0;0.0;4
3244544;7787666;30;0.0005687401556726;0.0019638211505562;-8.009067652774612e-05;6.776003788703016e-05;0.0018250211433725;0.0056857139396304;0.0008683966463751;4
3324985;7678562;9;0.0007868491359446;0.0008018335836069;-3.833260397522879e-06;4.51939050804993e-06;8.596901372289454e-06;0.0023607475507777;1.0246592234749692e-05;0
3327548;7432598;8;0.0008937594977314;0.0024012802552815;0.0004246985989545;0.0003484470076881;0.0024012802552815;0.0041281857776623;0.0011538776742257;0
3335700;7227268;28;0.0025135258016471;0.004004874881019;8.971742916534299e-05;0.0003017710892843;0.0021950334769829;0.0145674394608662;0.0011229991364123;0
3350182;7635976;21;0.0035535275059697;0.0040073716958492;5.76155360400767e-05;0.0001504531146241;0.0008970962508253;0.0164434634857889;0.0004980332250878;0
3351167;7635289;35;0.0025146111154436;0.0048066905683965;2.2089421446356005e-05;0.000425248314781;0.0047267847118412;0.0185250464186279;0.0018659576449439;4
3354309;7556449;47;0.0043795125719661;0.008436026796791;1.7534536387115807e-05;0.000519308098729;0.0049256381019385;0.0329451386707392;0.0019781575068938;4
3355302;7039473;49;0.0007387621701839;0.0045889402084422;5.926319272443287e-05;0.0001050811338016;0.0037978272103063;0.0098449115692037;0.0011967607312461;4
3356808;7546128;3;0.0007946096719783;0.0007961985898659;-1.2148657205180174e-06;2.3833768314607917e-06;3.598242551978992e-06;0.0013763067721958;1.4987536509020271e-06;0
3357061;7546568;3;0.0015885333815294;0.0015917099129301;-2.4127182898716587e-06;4.764797101100386e-06;7.1775153909724426e-06;0.0027514253925277;2.987638236820518e-06;0
3363683;7610741;37;6.18035131954778e-08;3.4363340089166e-07;8.098710479502333e-09;1.0428536577568504e-08;3.4363340089166e-07;8.647181857710873e-07;1.280212813602032e-07;4
3366538;7632956;42;0.0001496448672205;0.000795854956465;1.728926618688329e-05;2.0073794693358888e-05;0.0007946789170594;0.0022222694589875;0.0003085276449896;4
3367597;7625807;9;3.258910371177522e-05;3.772066589548861e-05;1.6256414981237038e-07;2.7340891192598018e-06;1.0681215337123958e-05;9.830785154141494e-05;3.431658945390509e-06;0
3370127;7638321;8;3.297364604744819e-07;3.511616955631773e-07;-5.387856221487489e-09;5.617458653189082e-09;9.484856492841611e-09;9.33301707506231e-07;1.2465002527725973e-08;0
3370139;7638527;34;0.0009720127520681;0.0012813167352466;-1.0460351217178175e-05;2.785226542217084e-05;0.0003157457472865;0.0057081718727018;0.0001162815121213;4
3370254;7638529;34;4.595853066814301e-06;1.4009722747586826e-05;-2.6357245573570284e-07;3.5921988257537805e-07;2.1217078479414845e-06;3.222756294510293e-05;3.0701235335425155e-06;4
3370262;7638519;34;0.0048436260363851;0.0063753320485441;-5.163116522060103e-05;0.0001386117003238;0.0015831411534427;0.0284417202203569;0.00057566332484;4
3370897;7644238;48;0.0009863569679227;0.0015126039716203;-1.1774454989921506e-05;2.985365994947783e-05;0.0003149286330254;0.0069440118672533;0.0001779570137941;4
3370933;7644110;48;0.0019660643388635;0.0030124702255849;-2.3378871727647422e-05;5.969830550493921e-05;0.0006318183402775;0.0138397858827136;0.0003535546286441;4
3371040;7644148;48;5.080366781082578e-06;1.5566358608429806e-05;-9.337870627505693e-08;7.40117964311392e-07;1.1996275193430814e-05;4.0626988062991926e-05;2.928545147960185e-06;4
3373113;6838997;51;0.0;0.0;0.0;0.0;0.0;0.0;0.0;4
3373367;7634008;11;0.0034999430851964;0.0066624379021448;-0.0004631959956771;0.0004361479770625;0.0040216993031989;0.0131520743992674;0.001864292295852;0
3373371;7634000;3;0.0;0.0;0.0;0.0;0.0;0.0;0.0;0
3373375;7634006;3;0.0;0.0;0.0;0.0;0.0;0.0;0.0;0
3373392;7634003;11;0.0050807701366595;0.0083124319857541;-0.0004726343885936;0.0004484039688041;0.0040247427348792;0.0179782243866856;0.0018892055834212;0
3373392;7634195;11;0.0042899325478895;0.0074849132036382;-0.0004676140326857;0.0004419911092947;0.0040205347685024;0.0155283892664922;0.0018754911912217;0
3374372;7650872;15;0.0462031640816196;0.1555555555555555;-0.0102640842199873;0.0110596945713408;0.0658119658119658;0.2625643197097707;0.0496111791282023;3
3374722;7650834;15;0.0;0.0;0.0;0.0;0.0;0.0;0.0;0
3375267;7647384;7;0.0013585115874367;0.0015883008437169;-7.264106401351369e-05;7.014726116871925e-05;0.0001120403092323;0.0036152250560367;0.000146860513703;0
3375726;7631431;59;0.0061151284827215;0.010386475165432;8.08089047451349e-05;0.0004848282716698;0.0040278667235904;0.0500191996865014;0.0022384443448964;4
3375827;7645339;3;0.0;0.0;0.0;0.0;0.0;0.0;0.0;0
3375834;7645322;3;0.0012367793708397;0.0015175300889586;-0.0003139161919871;0.0003139161919871;0.0004134126135918;0.0021891907362148;0.0002605676131863;0
3376227;7590904;7;0.0011014739547608;0.0015240065500538;0.0001536837537951;0.0001273852488459;0.0007359173468759;0.0030640349920737;0.0003576902733483;0
3377029;7617893;39;0.0;0.0;0.0;0.0;0.0;0.0;0.0;4
3377803;7608767;78;0.0078348827152773;0.0888888888888888;-0.0002740936797909;0.0031895335293347;0.0476190476190476;0.1722365729141776;0.017858911748858;3
3378215;7608685;10;0.0007906037090337;0.0008213977307147;-4.658303686354226e-06;6.154708344205742e-06;1.9204902670686236e-05;0.0025005086322311;1.4146280371823238e-05;0
3379514;7647979;6;0.0007872828330913;0.0007972784269355;-5.015639705112936e-06;4.783300831652645e-06;8.716697724306041e-06;0.0019285605272151;8.757391646413279e-06;0
3379540;7648026;6;0.002330111255014;0.0023590887234556;-1.459199128845667e-05;1.3912644930561858e-05;2.5459502437764386e-05;0.0057079252177275;2.5493550531412143e-05;0
3379653;7619063;11;0.0122210852894346;0.0141814068213979;-0.0001041681830889;0.0008177245076862;0.0035648439283699;0.0407054084271955;0.0011292029794506;0
3379981;7647700;6;0.0015590208934838;0.00157851772374;-9.80845761746716e-06;9.352434692988823e-06;1.7095146925271386e-05;0.0038190362918116;1.713339944301809e-05;0
3381413;7629108;10;0.0084129993106226;0.0111351405723482;-0.0003159026912519;0.0004493614795493;0.0032445372730436;0.0268923517161725;0.0012414913137415;0
3381625;7628797;65;0.0144686584873571;0.1333333333333333;-0.000602082419057;0.004807234181626;0.1333333333333333;0.2356594955366504;0.0253978081243981;3
3387883;7604761;20;0.0119571257554504;0.0150578386804548;-0.0001533611954013;0.0005614587660082;0.0048265598584179;0.0541937370530519;0.0019685528840014;0
3387947;7604822;11;0.0025366304892855;0.0026346987016906;-8.227273230246814e-06;4.781736911601683e-05;0.0001649784967947;0.0084147747270714;5.134294362122384e-05;0
3389266;7605182;11;0.0007952783532678;0.0008352779830733;-5.503508699920191e-06;6.8618835307743004e-06;1.923895409031574e-05;0.0026383547798371;1.851705196725257e-05;0
3389589;7605395;11;0.0;0.0;0.0;0.0;0.0;0.0;0.0;0
3389694;7605806;42;0.0159113709835627;0.0486305327632035;-0.0006357887615128;0.0024643980800688;0.0260208167277676;0.1216215247757172;0.0099505716186066;4
3389914;7605029;44;0.0;0.0;0.0;0.0;0.0;0.0;0.0;4
3390418;7605975;11;0.0131049637372091;0.0149215931669185;-4.332037852074829e-05;0.0008394393370841;0.0035401707057207;0.0436188774910975;0.0011064132671161;0
3390789;7629083;13;0.0;0.0;0.0;0.0;0.0;0.0;0.0;0
3392756;7646439;49;0.0002690159757142;0.0012801592675544;-1.5631738102133575e-05;5.788993220205023e-05;0.0010569557495123;0.0038194020360446;0.0004747012325417;4
3395928;7612723;15;0.0;0.0;0.0;0.0;0.0;0.0;0.0;0
3395941;7592206;11;0.0;0.0;0.0;0.0;0.0;0.0;0.0;0
3398058;7597567;7;0.0140188937964375;0.0155982073332742;7.818479238807411e-07;0.0010431667609713;0.0035609009409644;0.0372178981722945;0.0011628942608061;0
3398109;7597638;7;0.0133024186726092;0.0148899788940365;6.710832966951144e-06;0.0010377813278534;0.0035640346196288;0.0353296717174456;0.0011652900235439;0
3398399;7597817;53;0.0070084806362469;0.0223451411976002;-0.000353650909721;0.001095678281589;0.0102814735491748;0.0700314792842609;0.0065891730045175;4
3398402;7597792;11;0.0;0.0;0.0;0.0;0.0;0.0;0.0;0
3398402;7597796;53;0.0;0.0;0.0;0.0;0.0;0.0;0.0;4
3398405;7597770;11;0.0320122426664865;0.0540621749682191;-0.0020007082867783;0.0054107338353222;0.0272185492171247;0.1109387171314728;0.0096990087256318;0
3398427;7597820;53;0.0;0.0;0.0;0.0;0.0;0.0;0.0;4
3398431;7597772;11;0.0;0.0;0.0;0.0;0.0;0.0;0.0;0
3401852;7592255;63;0.0037526089458498;0.045389028222203;-0.0001719540486246;0.0015229763449682;0.0442364652862005;0.0784617853048245;0.0091452833688561;4
3401968;7916555;24;0.0;0.0;0.0;0.0;0.0;0.0;0.0;0
3402765;7596438;39;0.0205469091411502;0.0350637505124296;-0.0011625463316991;0.0011900292905855;0.0275517735868669;0.1592081953539775;0.0150915207411463;4
3402998;7616091;8;0.0008404128879818;0.0010381239889436;6.254728914833139e-06;0.0001450314414401;0.0003325644042961;0.0023990928219201;0.0001147256455095;0
3403262;7619032;57;0.0243014348816703;0.0539219925624837;0.000112970267238;0.0032687485381735;0.0535984661243076;0.1988096726225424;0.0101423040582095;3
3403546;7618359;3;0.003216612514918;0.0034548303408594;-0.0002164034135163;0.0002164034135163;0.0002818466507915;0.005579991424696;0.0001793656287212;0
3403810;7617903;3;0.0;0.0;0.0;0.0;0.0;0.0;0.0;0
3403832;7617906;39;0.0197605689285751;0.0340788006394812;-0.0011535278882046;0.0011827783306037;0.0275442991536472;0.1549545096728579;0.0150061327438347;4
3403832;7617908;39;0.0;0.0;0.0;0.0;0.0;0.0;0.0;4
3403840;7616742;8;0.0020902980627506;0.0023915064898671;-6.133088828694958e-05;0.0001338140933106;0.0003985114878151;0.0059329519665509;0.000175053958927;0
3408154;7562952;46;0.0369452195000482;0.0845087764244234;0.0007127360574562;0.0027993460616924;0.0446055754059697;0.2699791435108074;0.0148185200744958;3
3426976;8436448;44;0.0;0.0;0.0;0.0;0.0;0.0;0.0;4
3450245;7394108;37;0.002387601359145;0.0057866972681095;0.0001527797001237;0.0002429556694738;0.0048813292498769;0.0194515644804004;0.0021272979402131;4
3455074;7929720;36;0.0005654764801867;0.0009324062442733;2.9202339935551e-05;3.13758097366037e-05;0.0009324062442733;0.0041634921052798;0.000402187598693;4
3475599;7407017;10;1.0859321065116077e-05;2.2938147285843725e-05;2.765185078471852e-06;2.384810867520627e-06;1.9952815217406646e-05;4.553005445440931e-05;9.453768130585496e-06;0
3480548;7401221;34;0.0;0.0;0.0;0.0;0.0;0.0;0.0;4
3481188;7401200;14;0.0005573509605529;0.0008187638396863;6.588353826327345e-05;6.870343418042772e-05;0.0008187638396863;0.0024685001321292;0.0003530005662795;0
3494831;7289882;25;0.0027107587383971;0.0048917829788369;0.0001006729613012;0.0003131651613568;0.0048917829788369;0.0158605300748037;0.0016474354713776;0
3517839;6631071;39;0.0;0.0;0.0;0.0;0.0;0.0;0.0;4
3525984;7490478;58;0.0603436505486162;0.0874427803019324;0.0006207539859794;0.0047172468491144;0.056141716394246;0.4761583220696219;0.0163623254750653;3
3567176;7549268;52;0.0464298352672146;0.0597143288236181;0.0006586364578263;0.0021636266484806;0.0324861043656575;0.3444363142868333;0.0112133464834257;3
3572078;6797147;53;0.0;0.0;0.0;0.0;0.0;0.0;0.0;4
3579375;6779179;51;0.0108233854410249;0.014105322141702;5.354880163588031e-05;0.0005645144919527;0.0082809848123385;0.079440498779051;0.0025681440372908;4
3592836;7093940;41;0.0;0.0;0.0;0.0;0.0;0.0;0.0;4
3603955;6852095;47;0.0019393978010831;0.002844726293479;-2.2035684237900492e-05;5.752228802970762e-05;0.000632962300243;0.013478870256756;0.0003229038243181;4
3603974;6852128;47;6.404125765943353e-06;1.320890544405038e-05;-1.455322916379955e-07;4.826994567015475e-07;6.982362000678458e-06;4.65874076423489e-05;2.2727979289360444e-06;4
3603984;6852125;47;0.0050532831753273;0.0068721758247889;1.4827823066289947e-05;0.0002005010806187;0.0026735609058861;0.0354978985261975;0.0011291520997372;4
3604003;8842923;36;0.0042472763169265;0.0060304369270195;0.0001439208476283;0.0002872782801879;0.0026230682880123;0.0278121701835384;0.0018566695861318;4
3604564;8844675;14;0.0050108453470159;0.0054451250227254;1.1031752417648592e-05;9.987349186343144e-05;0.0007244543112987;0.0187742148448139;0.0002606513483109;0
3605501;7989025;43;0.0012279176261531;0.0018638629913529;3.9853465169129343e-05;6.22803476269807e-05;0.0011515621645958;0.0090295922694498;0.0006231749837866;4
3608617;6925715;47;0.0040983381190284;0.0057469616505001;2.561880942408593e-05;0.0001768645986312;0.002789477515795;0.0292356220060576;0.0011786392550863;4
3613601;8955512;9;0.0011253118946243;0.0012801592675544;-1.165138900278369e-05;7.606482812014499e-05;0.0003159091701387;0.00338769180165;9.399409042900808e-05;0
3614199;8956288;9;0.0;0.0;0.0;0.0;0.0;0.0;0.0;0
3614423;8956321;50;0.0035813205416362;0.0050304487912855;7.213011547508039e-05;0.0001857980236881;0.001972455420856;0.0273825330077876;0.001473161721097;4
3630838;7655356;9;0.0;0.0;0.0;0.0;0.0;0.0;0.0;0
3630872;7655381;9;0.0;0.0;0.0;0.0;0.0;0.0;0.0;0
3630967;7655353;9;0.0029419940717216;0.0030226824631511;8.81663550937687e-06;5.735258185919856e-05;0.0001596739940594;0.0088275629669892;5.5683504193134666e-05;0
3630988;7655325;9;0.0015753633475119;0.0016054633893994;-7.695214284029438e-06;9.05899874282864e-06;1.7229036965760213e-05;0.0047264926625355;2.0563718981852613e-05;0
3631651;7655782;9;0.0;0.0;0.0;0.0;0.0;0.0;0.0;0
3631656;7655786;9;0.0;0.0;0.0;0.0;0.0;0.0;0.0;0
3631656;7655846;51;0.0;0.0;0.0;0.0;0.0;0.0;0.0;4
3631678;7655842;9;0.0;0.0;0.0;0.0;0.0;0.0;0.0;0
3631682;7655845;9;0.0;0.0;0.0;0.0;0.0;0.0;0.0;0
3631696;7655880;60;0.0;0.0;0.0;0.0;0.0;0.0;0.0;4
3631697;7655813;51;0.0130865721340842;0.02944250568606;-0.0001774832405999;0.001120695099725;0.0214316108691089;0.0993946289036812;0.0047384852664745;4
3631713;7655867;60;0.0061509767683302;0.013067408313223;0.0001955949812479;0.0005266964624048;0.0085826107969756;0.0575043814708175;0.004156687335024;4
3631930;7655405;51;0.0462203394878616;0.0592695842104885;0.000580805495968;0.0015192711610788;0.0123052910269395;0.3364773313360176;0.0091444675248616;3
3632192;7655512;51;0.0093419123958265;0.0153897432012726;0.0002245613669967;0.0004421300355247;0.0084153931497987;0.0723747385943015;0.003928940132535;4
3632204;7655502;51;0.0;0.0;0.0;0.0;0.0;0.0;0.0;4
3632210;7655494;51;0.0;0.0;0.0;0.0;0.0;0.0;0.0;4
3632211;7655537;51;0.0;0.0;0.0;0.0;0.0;0.0;0.0;4
3632233;7655460;51;0.0029249920069376;0.0068882552892724;-9.238964681379033e-05;0.0001976434554745;0.0022178676610452;0.0237273839352596;0.0015758860448132;4
3632261;7655484;51;0.0;0.0;0.0;0.0;0.0;0.0;0.0;4
3641686;6492485;46;0.0;0.0;0.0;0.0;0.0;0.0;0.0;4
3647081;6841612;47;1.4671104427562142e-06;5.621988722290623e-06;-6.833911308623269e-08;1.0865890765888949e-07;8.075376660000614e-07;1.2938425961653256e-05;1.187160504274167e-06;4
3650151;6673630;46;0.010160242264471;0.015666205060209;0.0002238900924713;0.0006901925679315;0.0117108790784772;0.0760428067042608;0.0047409052504571;4
3652214;7674933;17;0.0;0.0;0.0;0.0;0.0;0.0;0.0;0
3652891;7025837;47;0.0015041391162411;0.0023023493883004;2.335605006491942e-05;7.308453237950515e-05;0.0011672806769025;0.0111835186449733;0.0006313893608567;4
3654117;9043637;50;0.0017319938957716;0.0031153477046755;7.209748152751926e-05;9.142023296238836e-05;0.0030203031489456;0.0153616361464259;0.0013114093361393;4
3654334;7672402;17;0.0088375202127581;0.0095585832242146;-8.389145980883199e-05;8.22870354103911e-05;0.0002027444835321;0.036479636110794;0.0004224488197676;0
3680004;7700208;25;0.0;0.0;0.0;0.0;0.0;0.0;0.0;0
3682034;9218127;53;0.0005744028115419;0.0015589564162343;2.6811298046116112e-05;3.888159047148526e-05;0.0010078976464121;0.0055017775464249;0.0004911060083321;4
3683788;8694986;36;0.0054915450166181;0.0070315549928503;0.0001094057653375;0.0003524903296877;0.0039358137385175;0.0344523804666346;0.0016775653631427;4
3685185;5422090;55;0.0;0.0;0.0;0.0;0.0;0.0;0.0;4
3686979;8698176;12;0.0057778216157658;0.0062204348981788;2.8182447991214352e-05;0.0001143071126295;0.0007152795495763;0.0200361831340527;0.0002661395464106;0
3687652;7697212;25;0.0079820437165258;0.0112961139307628;0.0003708538232367;0.0004290958438741;0.0086048839134203;0.0438089213396589;0.0036132868229975;0
3698442;9226315;3;0.0007747878032929;0.0007797988490912;-5.401339551921531e-06;5.40133955192107e-06;6.572220812778914e-06;0.0013419939207417;4.444581464921797e-06;0
3699454;7367409;45;0.0611297962705691;0.0882270204840125;0.0003252073849076;0.0045167308925083;0.0384176271874358;0.4212859198847239;0.0143940471101848;3
3700880;6703028;40;0.0134152952989107;0.0168169922839135;8.753370157621828e-05;0.0007596615911501;0.0117658918656081;0.0869068455564499;0.0029748692672684;4
3701493;9077169;32;0.0018292226918111;0.002337472701429;-2.9079951394897047e-06;3.989808507883433e-05;0.0007612942950732;0.0104104571325862;0.0002018536528831;4
3707652;7736689;17;0.0049214414882059;0.0053255705736578;-4.777884845212894e-05;4.606606560413534e-05;0.0001155903649922;0.0203158238814547;0.0002404325160418;0
3707735;7736586;17;0.0;0.0;0.0;0.0;0.0;0.0;0.0;0
3712501;7735918;17;0.0072919353373087;0.0078885798694904;-6.986419231369514e-05;6.8053379282965e-05;0.0001688464912916;0.030100370191765;0.0003517041957251;0
3712517;7735936;17;0.0;0.0;0.0;0.0;0.0;0.0;0.0;0
3712524;7735942;17;0.0;0.0;0.0;0.0;0.0;0.0;0.0;0
3712529;7735905;17;0.0;0.0;0.0;0.0;0.0;0.0;0.0;0
3712558;7735963;17;0.0033681118829065;0.0036464769984957;-3.357610796165194e-05;3.169332179690741e-05;8.133483284564246e-05;0.0139045212523634;0.0001688527219777;0
3712580;7735949;17;0.0;0.0;0.0;0.0;0.0;0.0;0.0;0
3712828;6916654;41;0.0009328949211411;0.0012801592675544;-9.9314300395335e-06;2.155990490809403e-05;0.0003159091701387;0.0060290176385476;0.0001275513666389;4
3715395;6829853;57;0.0030151891380513;0.0129508733414216;-0.0001325191687353;0.0006737943064706;0.0103735026289698;0.0406491091515631;0.0044606313752159;4
3716353;5619238;59;0.0;0.0;0.0;0.0;0.0;0.0;0.0;4
3722444;8968598;32;0.0;0.0;0.0;0.0;0.0;0.0;0.0;4
3726665;7571658;50;0.0010103206884724;0.0017295557096743;-1.3550717984355596e-05;3.3218404256784995e-05;0.0003159091701387;0.0073109681146916;0.0002196752191881;4
3729406;6346008;34;0.0;0.0;0.0;0.0;0.0;0.0;0.0;4
3730269;7754594;41;9.351717820250862e-06;2.07776467150757e-05;4.993797729269284e-07;7.002193508822492e-07;1.7262570774056916e-05;7.650868151328257e-05;7.437444278335904e-06;4
3732699;7747515;41;0.0047553845869117;0.0096209161643598;0.0002276267151773;0.0003229202896083;0.0086327404404409;0.0379209965430836;0.003529806853949;4
3732743;7747475;41;0.0;0.0;0.0;0.0;0.0;0.0;0.0;4
3732804;7747525;41;0.0057272246323045;0.0268046368155748;-0.0003047146002354;0.0011596859619402;0.0219897769178022;0.0504606590560102;0.0054132469198434;4
3732834;7747505;41;0.0;0.0;0.0;0.0;0.0;0.0;0.0;4
3740716;5314582;3;1.8991133228266563e-06;1.923845844797584e-06;-2.64044674262332e-08;2.6404467426230767e-08;3.1420303792140646e-08;3.289575261796403e-06;2.168843170723984e-08;0
3741545;5317553;51;3.723751613385601e-08;6.412819482658614e-07;4.123177988195044e-09;1.3177698531000305e-08;6.412819482658614e-07;1.0965250872654676e-06;1.489603845219813e-07;4
3744893;5544370;54;4.941247473393145e-06;6.165988407941794e-05;-3.520551412745413e-07;1.2331877857297995e-06;4.128921390136537e-05;8.69493769047735e-05;1.0751170572003876e-05;4
3746055;5415856;24;1.5825944356888809e-07;1.2825638965317227e-06;3.4648846802425034e-08;5.729434143913177e-08;1.2825638965317227e-06;2.193050174530935e-06;4.1874633493523206e-07;0
3747394;8505411;32;0.0009027892876933;0.0015373686610049;-3.261224291913315e-06;3.2144082194788725e-05;0.0007618002702046;0.0051618548248993;0.0001327395591675;4
3752067;7768291;88;0.0076877059893178;0.0326797385620915;3.756402977985657e-05;0.0016880804362574;0.0326797385620915;0.1001227655897848;0.0074036966596439;4
3759288;6183286;33;0.0;0.0;0.0;0.0;0.0;0.0;0.0;4
3761753;5509860;59;0.0002826916872577;0.0023764644477643;2.001085017748442e-05;4.903386477684049e-05;0.0023582518775171;0.0057652406562418;0.0006952994600761;4
3763389;5510073;48;0.0;0.0;0.0;0.0;0.0;0.0;0.0;4
3769768;5342230;37;6.271797792522442e-05;0.0007785162851947;9.350128174921035e-06;2.192454884283415e-05;0.0007785162851947;0.0013398009060601;0.0002111439442362;4
3781621;7949004;45;0.0223194890483405;0.0267920222642319;0.0001896567111723;0.0007140376325673;0.0054122921425278;0.1510111259977536;0.0029332521316593;4
3782481;7773846;25;0.0;0.0;0.0;0.0;0.0;0.0;0.0;0
3782523;7775379;25;0.0025275624098402;0.0027945971122496;-2.242649378966376e-05;2.169629702259622e-05;5.6422908325023686e-05;0.01266423210804;0.0001635214353378;0
3788776;5377645;59;0.0;0.0;0.0;0.0;0.0;0.0;0.0;4
3789953;6542813;48;0.0108310043944336;0.0165374211296382;0.0003024339875231;0.0007865569943229;0.0091165976423643;0.0833469589984905;0.0052357029078174;4
3791185;5476671;43;0.0001124704397277;0.0007926003473139;1.3228840947617533e-05;1.957434334626424e-05;0.000786071312697;0.0019165988710624;0.0002697724467725;4
3794772;7288162;56;0.0616606307837232;0.0892530422242043;0.000205700625401;0.0045796905531275;0.0384297829172523;0.4721598553276985;0.0133771254778854;3
3795596;6571736;57;0.0016022356565944;0.0056461274024688;2.8910822045995227e-06;0.0002899119356703;0.0031919127709643;0.0145967632890423;0.0010820499539199;4
3800488;7785091;34;1.4583321160502774e-06;1.934646668224057e-06;4.4517746243643874e-09;5.92585930601047e-08;9.480111397746684e-07;8.671090835847665e-06;2.909876295933555e-07;4
3800578;7784881;34;0.0027825445616151;0.0032253532630891;-1.831231443157328e-05;2.9147579387557453e-05;0.0001215472578966;0.0162619586143411;0.0001882156072664;4
3800652;7784888;34;0.0009078701207202;0.0010598709466633;-7.096488570099679e-06;9.324518705755834e-06;3.933422753523808e-05;0.0053098383908896;7.084083860373946e-05;4
3800669;5417511;51;0.0001060929601877;0.0007926003473139;8.833299398365478e-06;1.722568924179505e-05;0.000786071312697;0.0019220914070896;0.0002473543877832;4
3800676;7784846;34;0.0;0.0;0.0;0.0;0.0;0.0;0.0;4
3800830;7554921;60;0.0;0.0;0.0;0.0;0.0;0.0;0.0;4
3803375;7022105;36;0.0;0.0;0.0;0.0;0.0;0.0;0.0;4
3805230;8306325;56;0.0105658727178232;0.0146247668428564;0.0001899528204093;0.0005496900793536;0.0049779491353271;0.0852839347772916;0.0042712498565988;4
3805719;7787144;70;0.004642068376461;0.0239271721328078;-9.690080541451164e-05;0.0010192631440943;0.022601733172185;0.0692799305325227;0.0068570014872906;4
3808136;5365676;51;0.0002484424995328;0.0023355488555842;2.3458980069998107e-05;4.894395185154836e-05;0.001572161595107;0.0048658844680465;0.0006344508850425;4
3809745;5367809;3;0.0030928208354291;0.0031127825768824;-2.1517343316265388e-05;2.1517343316263416e-05;2.618414890514153e-05;0.0053570106096314;1.770603955073097e-05;0
3813328;8274578;16;0.0008102723738622;0.0009296411534623;1.0678419404820925e-05;6.607998051815487e-05;0.0008750498313501;0.0033371272434079;0.0001987078762257;0
3813608;8483979;50;3.8503147032708573e-07;1.0403759502533836e-06;3.8276241914564855e-09;3.610025337787578e-08;1.0403759502533836e-06;3.2660469289927206e-06;2.551313734243952e-07;4
3814069;8483897;44;0.001075927714729;0.0025591610674167;-2.550453999720743e-05;6.888461494467682e-05;0.0013335981980182;0.0077323521819747;0.0004485828844037;4
3814364;8483181;39;0.0016615223628668;0.0023032464361424;8.667148285240464e-06;6.457033611957952e-05;0.000993074379057;0.0105369461713048;0.0002935908843262;4
3814432;8005572;17;0.0;0.0;0.0;0.0;0.0;0.0;0.0;0
3814443;8005576;17;0.0080599402625657;0.0131845741471568;-0.0002077303794975;0.001811594221769;0.0104974503695249;0.0358668383942804;0.0032725710955944;0
3814685;8004772;58;0.0028390597189533;0.0143378534761579;-0.0001954037963077;0.0008296200545351;0.0126841361814984;0.0423859247958531;0.0047869642235689;4
3816278;8005444;39;0.0040204539005244;0.0069457835637086;0.0001607272048485;0.0001786062632658;0.0026443949295351;0.0284751203118122;0.0021509362522514;4
3818159;8274412;15;0.0;0.0;0.0;0.0;0.0;0.0;0.0;0
3818338;7939065;51;0.0061899427337901;0.015506958250497;-5.371270149033118e-05;0.0006555220008807;0.0106984425296667;0.0507582446148718;0.0034931710773447;4
3819122;5437937;54;0.0002014886518666;0.0015845323975391;1.5888230969303526e-05;3.370789698843644e-05;0.001572161595107;0.0038423692444119;0.0004824997958457;4
3820925;7932228;58;0.0045117601852529;0.0226886817021719;-0.0002725267862865;0.0011366351274247;0.0225503117007882;0.0624807177400145;0.0068521243258893;4
3820973;8192319;18;0.0;0.0;0.0;0.0;0.0;0.0;0.0;0
3822470;6869413;41;0.0;0.0;0.0;0.0;0.0;0.0;0.0;4
3824626;6570312;32;0.0;0.0;0.0;0.0;0.0;0.0;0.0;4
3824693;8010037;16;0.0;0.0;0.0;0.0;0.0;0.0;0.0;0
3825586;5472281;59;0.0012400642177967;0.0124270822344699;0.0001027288695399;0.000231171917127;0.0086474578644786;0.0278677779415311;0.0034095709029868;4
3825704;8009411;39;0.0141754252924737;0.015557129027738;-1.118495250804636e-05;0.0003151318302651;0.0028279871122147;0.0886522850419484;0.0007589303620159;4
3827865;8196125;18;0.0030761103843886;0.0035202580091027;3.774616634070989e-05;0.0001269757627875;0.0008591205258745;0.0132098072172838;0.0004815954372257;0
3827953;8196127;18;0.0;0.0;0.0;0.0;0.0;0.0;0.0;0
3829671;6592822;62;0.0014758406673736;0.0062595852793258;-5.8546323747606e-06;0.0004133624507883;0.003779344079188;0.0162365955025759;0.0014401191798513;4
3835574;6649516;46;0.0;0.0;0.0;0.0;0.0;0.0;0.0;4
3835956;8132126;19;0.0;0.0;0.0;0.0;0.0;0.0;0.0;0
3836504;8131492;56;0.0029683641241251;0.0108068009851339;4.446364467648095e-06;0.000566457777904;0.0102900628456767;0.0309700246674212;0.0028838095953054;4
3844510;8489371;54;0.0098980071487871;0.0136854785388872;0.0001860726872797;0.0004926208953052;0.0051172610755652;0.0788556526553832;0.0041450651108782;4
3850415;8493530;30;0.0;0.0;0.0;0.0;0.0;0.0;0.0;4
3852642;7235990;39;0.0656202197812111;0.0902790639643961;-1.713728625956995e-05;0.0039980090988442;0.0384420654902651;0.417487957083479;0.0127718418129374;3
3874508;6223746;35;0.0008945896428966;0.0011093451204242;-8.33331075269087e-06;1.0078999195842949e-05;4.9474173760820925e-05;0.0053167721559072;8.583940763348186e-05;4
3879498;6211396;48;0.0;0.0;0.0;0.0;0.0;0.0;0.0;4
3879715;6549097;3;0.0145352602034089;0.0146305301260441;6.904191728172751e-05;0.0001429048839527;0.0002119468012345;0.0251762688985547;8.784097358720357e-05;0
3890061;5414712;51;0.0014524959027033;0.0131693660895877;0.0001467283036049;0.0002716143240129;0.0094344492082554;0.0296747532591905;0.0038931665101866;4
3901226;7290204;39;0.0356033496299717;0.0761282071547122;0.0013228176322672;0.0043242531629357;0.062149593774118;0.2691666387305439;0.024292204994033;3
3904473;7289786;22;0.0;0.0;0.0;0.0;0.0;0.0;0.0;0
3928311;5627703;47;0.0;0.0;0.0;0.0;0.0;0.0;0.0;4
3931292;5386290;6;0.0111103668889959;0.0139382631455584;0.0021139942473522;0.0028428731969432;0.0125781991150148;0.0298461582050715;0.0050025267807642;0
3936502;6915426;47;0.0001105567448068;0.0002430776770399;-1.936475136171345e-06;1.3627578684135956e-05;0.0001805649599805;0.0009822960549623;9.114335562980268e-05;4
3936595;6689575;45;0.003558721318307;0.0138398411954326;-0.0002523469654198;0.0005256778595244;0.0103295037984997;0.038789334672491;0.004557558070265;4
3937191;5383630;61;0.0013962246190727;0.0147065189195809;0.0001206838146573;0.0002545564583816;0.0125793889141416;0.0339888910263999;0.0041217708250799;4
3953111;6438381;51;0.0062892631188146;0.0138236080859031;-9.944396417125454e-05;0.0005892428530129;0.0048171821527935;0.0476750741860415;0.0022387686530804;4
3960120;9220394;53;0.0;0.0;0.0;0.0;0.0;0.0;0.0;4
3961303;6328617;42;0.0;0.0;0.0;0.0;0.0;0.0;0.0;4
3964159;6327871;46;0.0060761338425485;0.0080553349657263;0.0001126322909025;0.000241450213597;0.0032049014539878;0.0439597267173219;0.00225622356337;4
3988287;5433559;40;0.0;0.0;0.0;0.0;0.0;0.0;0.0;4
3989265;6992282;42;0.0004475832360176;0.0014279851354618;-1.7870449220685427e-05;0.0001009459321197;0.0014279851354618;0.0039712662714672;0.0004185309957801;4
3993680;6993935;10;0.0027448065896888;0.00349051569479;7.172373923513506e-05;0.0004950189472501;0.003312233710061;0.0092243742860778;0.000987392972512;0
3995847;7131858;43;5.250724317386675e-05;7.501634284612005e-05;-2.189504433063347e-07;2.508143148792406e-06;2.868787400201535e-05;0.000346416100481;5.8122954808350135e-06;4
3995894;7130723;59;0.0520164459940481;0.0912640138373445;-8.425046758364414e-05;0.0052940045767038;0.0614459915246908;0.4241828095861191;0.0185463813324185;3
4001968;6322933;48;0.0034282951906919;0.0135911447386857;-9.554743448042395e-05;0.0004076631329484;0.0050148009428313;0.0284572536648308;0.0022622873115844;4
4005941;5380352;37;0.0;0.0;0.0;0.0;0.0;0.0;0.0;4
4008692;5422731;47;0.0020885130329982;0.0170205848298983;0.000230269631077;0.0003788520720697;0.0149382667921873;0.0396697060040565;0.0053963677698771;4
4009151;6310235;3;0.0117727416602814;0.0121025701404526;-0.0004433891527743;0.0004433891527745;0.0007840711705847;0.0204025219676135;0.0003960488352754;0
4009220;6513318;52;0.0061333652077887;0.0148399978414548;-0.0001078041529346;0.000903967067372;0.0148399978414548;0.0484168064901653;0.0027317308353587;4
4017561;6301261;34;0.000710768994713;0.0009612000177264;1.796130467394479e-05;3.502245114203898e-05;0.0009612000177264;0.0045784298533623;0.0003336726447659;4
4020678;6916574;9;0.0034319737535039;0.0038660986586943;-0.00012764141568;0.000140767497194;0.0006496173962074;0.0103602892731073;0.0003843608287072;0
4026717;6532842;57;0.0063042740024968;0.0162479579672391;-3.400676272125137e-05;0.0008662980177322;0.0142442032976058;0.0538621276853191;0.0033396295859624;4
4027745;6345699;57;0.0;0.0;0.0;0.0;0.0;0.0;0.0;4
4041231;6767707;8;0.0010640909838224;0.0012820962187267;-7.174584571093036e-05;6.231158774143809e-05;0.0001815282073507;0.0030504898069869;0.0001757736782463;0
4041722;6767820;50;0.0014230669000846;0.0084359246939405;-9.90261394409084e-05;0.0003132790789624;0.0029309513891117;0.0170048610287311;0.0019386042840179;4
4045523;6744586;46;0.0;0.0;0.0;0.0;0.0;0.0;0.0;4
4049706;6771953;11;0.0043646851581407;0.0144370906347518;-0.0003543174905797;0.0017057118767297;0.0109389610219726;0.0182821422992438;0.0033667017205023;0
4049737;6771897;11;0.0074931592673133;0.0135072287938529;-0.0009145858650513;0.0017572415363416;0.006991677200972;0.0275337147103777;0.0035736873228171;0
4049755;6771970;11;0.0;0.0;0.0;0.0;0.0;0.0;0.0;0
4049785;6771911;11;0.0;0.0;0.0;0.0;0.0;0.0;0.0;0
4052145;5414916;61;0.0016655425663521;0.0177731291961883;0.0001481195264815;0.0003021166756051;0.0157250304994083;0.0415200161829453;0.0050484469115967;4
4053646;6074350;58;5.391979391278476e-07;1.4799532926740832e-06;2.876987980122612e-08;3.5515581234659745e-08;1.4799532926740832e-06;6.193599375184528e-06;6.08815653569636e-07;4
4053813;6178278;15;0.0022144095371918;0.0024403080278387;-5.365163878416904e-05;0.0001095829698294;0.0011193518637404;0.0086979900777359;0.0003742447876543;0
4053895;6827596;36;0.0084069758054893;0.0156320074052015;-0.0001461624541095;0.0005103759047387;0.0064036277787253;0.0533185724589911;0.0028794745377012;4
4058078;6336097;28;0.0;0.0;0.0;0.0;0.0;0.0;0.0;0
4059167;6971981;36;0.0029231672163175;0.0040473740096381;5.1855980127399046e-05;0.0002051446593849;0.0021494323256006;0.0181491281776852;0.0007777141885415;4
4059938;6971834;54;0.0029118973327578;0.0049203626562117;-8.333206615204187e-06;0.0002551625677255;0.0028551665268518;0.0235010676887232;0.001322359664036;4
4060881;6698797;69;0.0178272699777175;0.0365686944634313;-0.0001109851244796;0.002634036256886;0.0219996383126748;0.1682868662681948;0.0096244495970144;4
4065417;6077736;54;0.0027036192836301;0.0072582492116343;-3.105446971092956e-05;0.0001680249147522;0.0027338905605754;0.0211426382940532;0.0009840869388071;4
4065444;6077738;54;0.0;0.0;0.0;0.0;0.0;0.0;0.0;4
4066038;6022084;54;0.000142383988284;0.0024311611437027;-1.3831923271765132e-05;7.166973450798134e-05;0.0022258009460751;0.0035060417171934;0.0004553707426522;4
4066908;6565725;63;0.0065921203253241;0.0176951643683066;1.3693900662616632e-05;0.0008625444691487;0.0137002970143374;0.0600341349438823;0.0037083479064378;4
4077308;6841935;39;2.2046049788798844e-06;8.597959417631549e-05;-3.3069074683202105e-07;2.2626208993767232e-06;8.597959417631549e-05;8.597959417631549e-05;1.3590097802822283e-05;4
4077311;6905031;57;0.0069423804510196;0.0178406892014311;0.0001340940518401;0.0008842918709768;0.0148596826249984;0.0626252901779562;0.0045397235584191;4
4077439;6842332;9;0.0;0.0;0.0;0.0;0.0;0.0;0.0;0
4080613;6168891;58;0.0063202347737651;0.0143667529905043;-3.680381770218897e-05;0.0007316348530067;0.0090592684839097;0.0511846185041358;0.002285764985032;4
4081173;5403037;3;0.0;0.0;0.0;0.0;0.0;0.0;0.0;0
4081652;6170849;5;0.0023708916644418;0.002854309160989;-0.0003544261241182;0.0002981291363681;0.0011385680076703;0.0054533768466956;0.0005716087139778;0
4082560;6980512;34;0.0010203563528467;0.0019485420240137;-7.361681182666792e-05;6.136469581721856e-05;0.0008032202121307;0.0075410518593788;0.000794635362082;4
4082576;6980564;34;0.0004376267336556;0.0009551357563273;2.7009178828734e-05;3.1904409788767445e-05;0.0007404513424157;0.0031676602699348;0.0003218735691404;4
4083360;6868857;10;0.0062824661578296;0.00728619567326;-0.0002090851817136;0.0003851692040423;0.0011217618563568;0.0200206996422885;0.0007832371239914;0
4083956;6885751;23;0.006380490049386;0.0073673723729154;-1.6748329398342688e-05;0.0002160764361422;0.0011280068435967;0.0307028339683982;0.0005241551576542;0
4084641;6865543;10;0.0062621472030664;0.0073684626493558;-0.0002158961238374;0.0004742775272702;0.001127645992629;0.0199654654520925;0.0008046697950073;0
4084685;7275662;43;0.0;0.0;0.0;0.0;0.0;0.0;0.0;4
4084818;6885984;7;0.0049871254281684;0.0051643600174985;7.769486134087733e-05;0.0001001855910842;0.0003821315838545;0.0132053424930897;0.0002004032027883;0
4093296;7104437;56;0.0654285153434471;0.1046170203367738;-0.0002691793794745;0.0045394408199315;0.0345475423542812;0.5007958365573313;0.0140576588114339;3
4093777;7104184;3;0.0044121857492196;0.0055468341182626;-0.0010546828563207;0.0010546828563207;0.0012945793944877;0.007788788609985;0.0008685387640904;0
4094223;7102113;43;0.0008827313591263;0.0011933491906407;-8.866968373975638e-06;2.4736058124874588e-05;0.000326844993511;0.0058420814987623;0.00012043392337;4
4094852;7105172;55;0.0399856766870515;0.1033072511082604;-0.0011024496645505;0.0049037373897568;0.0663094922228512;0.3556237878458854;0.0264682622210682;3
4096063;6750278;8;0.0008188312687263;0.0008298746631533;-4.119800231390645e-06;4.40394375586977e-06;9.03731957567315e-06;0.0023161766295625;9.981271081834138e-06;0
4097041;6752180;8;0.0;0.0;0.0;0.0;0.0;0.0;0.0;0
4099320;6975357;34;0.0005705839264887;0.0010579106428163;-3.8682099492323485e-05;3.018197387731007e-05;0.0007733535769073;0.0041436463685011;0.0004235897239319;4
4105514;6137128;26;0.0;0.0;0.0;0.0;0.0;0.0;0.0;0
4109897;7013007;35;0.0026888577037373;0.0053074845065946;-7.814965507088314e-05;0.0001999449816264;0.0006505798165407;0.0168088383072158;0.0009178950135259;4
4109902;7013022;35;0.0;0.0;0.0;0.0;0.0;0.0;0.0;4
4114767;7023123;55;0.0015797143823663;0.002510160909332;3.360293583276877e-05;0.0001126497673761;0.0012194490701229;0.0127100854240593;0.0006646107178416;4
4117725;5405305;11;0.0001997120339924;0.0007751912271041;3.85911447081946e-05;0.0001550382454208;0.0007675058105829;0.0012684952183084;0.0003261826394599;0
4118323;6757716;32;0.0001097360772522;0.0004501892937119;1.538103787163703e-05;1.5424126604721634e-05;0.0004501892937119;0.0012418532556575;0.0001901360775671;4
4123052;6753588;72;0.0137266777223711;0.0736842105263157;-0.0003670891671759;0.0074076587335923;0.0736842105263157;0.1696655245688992;0.0145392329262753;3
4124974;6958416;12;0.0020517488517821;0.0022062932230987;-1.776314435850161e-05;2.225121272081039e-05;6.8911413474761e-05;0.007111369463778;6.80045592126165e-05;0
4126427;6919647;13;0.0015452986465961;0.0023844239209983;-0.0001001287390299;0.0001803512084576;0.0009219398175646;0.005789546819337;0.0004363775341516;0
4126929;6967246;12;0.0;0.0;0.0;0.0;0.0;0.0;0.0;0
4131416;7504871;20;0.0;0.0;0.0;0.0;0.0;0.0;0.0;0
4132319;7505315;45;0.0003707499649156;0.0009053680182326;2.6779741249292573e-05;2.3729020197719497e-05;0.0009053680182326;0.0037364275273441;0.0004156759294683;4
4134552;7142169;31;0.0008746124860889;0.0009891223624532;-7.5566425379435585e-06;7.415440489588611e-06;1.923895409031574e-05;0.004884336216653;6.800930956381056e-05;4
4136256;6987282;7;0.0;0.0;0.0;0.0;0.0;0.0;0.0;0
4138906;6814433;30;0.0001830897412063;0.0007961985898659;2.804848738353267e-05;2.839313826705196e-05;0.0007961985898659;0.0020761878908717;0.0003319086499903;4
4139805;6811328;7;0.0;0.0;0.0;0.0;0.0;0.0;0.0;0
4142182;5401852;6;0.0198485598013937;0.0214828639337234;0.0007478401175226;0.00074311741072;0.0019753823949105;0.0487320858832262;0.0013554972883976;0
4145712;6978207;34;0.0001611462310665;0.0007941367894606;2.256378251243684e-05;2.488328623768946e-05;0.0007941367894606;0.0020710005900272;0.0003165126044854;4
4146043;6937076;11;0.0013090465231795;0.0023713487730285;0.0002313441421534;0.0002971198640861;0.0023666032319408;0.0054883070385467;0.0010122828993297;0
4148533;6927396;13;0.0016030243946645;0.0024536576280306;-0.0001004624710257;0.0001841066050081;0.0009415977922771;0.0059932479217974;0.0004396753105823;0
4150813;7088392;56;0.0025361025985201;0.0691861973536279;-0.0001688335523743;0.001399101240412;0.065372436031524;0.0705290540648356;0.0090772141626202;4
4151174;6862895;53;0.0217359389488846;0.0483490777582043;-0.0005907656996567;0.0035963277344867;0.0241443167897696;0.1788826415027879;0.0114587810981763;4
4154080;6820461;57;0.0;0.0;0.0;0.0;0.0;0.0;0.0;4
4154096;6820449;45;0.0072265733906435;0.0295605673906627;-0.0004551623740151;0.0022721211708086;0.0166231103115862;0.073167364696375;0.0081696075289197;4
4154098;6820451;57;0.0006796454577058;0.0067482387838338;-6.023421052913824e-05;0.0001822330745772;0.0031435603735754;0.0126412708849694;0.0015302356574672;4
4154134;6820513;12;0.0;0.0;0.0;0.0;0.0;0.0;0.0;0
4154146;6820499;12;0.0080847802810142;0.0130017187342028;-0.0008032346009392;0.000824674462704;0.0032424411610166;0.0298806144416777;0.0030067570169104;0
4155110;6956128;40;0.0007733349045161;0.0023160928520582;-2.086792710249737e-05;0.0002449566472098;0.0017414440899048;0.0064061783266131;0.000654164462705;4
4155817;6965986;13;0.013925084864711;0.0173027827058715;0.0001564519005893;0.0010450718883019;0.0050661348358691;0.0506276282186583;0.0018049693942521;0
4156315;6937607;7;0.0;0.0;0.0;0.0;0.0;0.0;0.0;0
4156766;6906636;37;0.0023671505930194;0.0125028179367802;-0.0001417069317958;0.0007570593208872;0.0125028179367802;0.0281236773587737;0.0039715724871628;4
4156990;6751996;9;0.0014957605425024;0.0017547207820435;3.4052849603841414e-05;9.250333644959557e-05;0.0003244578059865;0.0045090451031084;0.000147494383057;0
4157224;6937123;7;0.0004416153965997;0.0007012418104287;9.545090971607496e-05;7.797603527317171e-05;0.0004528544441048;0.0013071182114816;0.0002214848944187;0
4157895;6818811;57;0.0112722973209068;0.0315722462396768;-1.867697475603935e-05;0.002231553577251;0.0168906704731914;0.0982942130962496;0.0065145790285937;4
4159023;6958772;14;0.000961357881541;0.0020149546832822;-9.321978849014056e-05;0.0002558626932016;0.001339410969272;0.0040605526934233;0.0005034993620688;0
4159817;6930328;32;0.0001901650223848;0.000922587924098;-1.675887280375571e-05;2.8631936342232825e-05;0.0008012364530258;0.0018640738273408;0.0002691168246633;4
4161375;6963510;28;0.0022009556136699;0.0051732487710382;0.0001444741247219;0.0005248232291411;0.0045198256939521;0.0148286355719696;0.0017346333057596;0
4161483;6955089;15;3.048973317643571e-07;6.872668017833199e-07;6.433093522844421e-08;5.3632473827495175e-08;6.872668017833199e-07;1.7294363715421746e-06;3.262426928384856e-07;0
4163333;6962019;15;0.0053402642286227;0.0084442536138543;3.29095814960107e-05;0.0013153409432347;0.0046174459903558;0.0221118104876222;0.0020191719848807;0
4163645;6967891;20;0.0029651192017839;0.0051830529778958;-0.0001884867924807;0.0008268393778458;0.0045132656066324;0.0160891118841698;0.0020374111465972;0
4164831;6930951;14;0.0002901105460799;0.000636792974628;3.091791125731558e-05;3.969010406931781e-05;0.0004464063521554;0.0012747285960752;0.0001786127471848;0
4165887;5356823;9;8.590179687759495e-06;2.6634400992321683e-05;3.497673169632581e-06;3.4083801244193327e-06;1.7977094690732554e-05;3.994645359040719e-05;1.0174032691331797e-05;0
4166077;6974444;46;0.0007722880199134;0.0023229002579731;3.679089587285396e-05;6.527775001895728e-05;0.0009762313158539;0.0065422770811637;0.0005779586502517;4
4166663;6970665;9;0.0;0.0;0.0;0.0;0.0;0.0;0.0;0
4166679;6970650;9;0.0;0.0;0.0;0.0;0.0;0.0;0.0;0
4167187;6930178;12;0.0042121806965445;0.0131611125093937;-0.0007129179901327;0.0014288715010173;0.0110534275538123;0.0200407608603771;0.0039657124330389;0
4167415;6929611;12;0.0046922015253435;0.013038188777781;-0.0006151417938323;0.0014088795833891;0.0102132463999827;0.0206601879661267;0.0036815112945461;0
4167864;7006938;56;0.040333801565067;0.1028775758408058;-0.0010842481680263;0.0048976481698201;0.0677941178101986;0.3608021399910538;0.0264158074615886;3
4167877;6940601;69;0.0132015309432124;0.0654235754039324;6.109494959021662e-05;0.0039780037215424;0.0630620629756172;0.1468110899590642;0.0117511314330938;3
4168286;6724966;49;0.0015805561038525;0.0031443378027928;5.172353290166735e-05;0.0001469550172748;0.0016161586399431;0.0128188164099794;0.0009248533461119;4
4168502;6939815;41;0.0;0.0;0.0;0.0;0.0;0.0;0.0;4
4169238;6934785;12;0.0;0.0;0.0;0.0;0.0;0.0;0.0;0
4171245;6968096;15;0.0020930266409856;0.0030965661915596;9.817875251082544e-05;0.0001281596623378;0.0007972213048416;0.0083345760025523;0.000500249893832;0
4172610;6941226;11;0.0;0.0;0.0;0.0;0.0;0.0;0.0;0
4172616;6941220;11;0.0007568350982914;0.0009880772457873;-3.9241301468442494e-05;9.059650997265712e-05;0.0006328227296432;0.0025940238239776;0.000197292255135;0
4172725;6941106;14;0.0017874390797681;0.0026065849867361;-0.0001965629018713;0.0003958810368828;0.0018485642975669;0.0075748392017171;0.0009505280651721;0
4173928;6961996;11;0.0056222891315502;0.0081887658637229;0.0004613785611236;0.0006859881863276;0.0045108215693955;0.0197539861940426;0.0019658096802404;0
4174702;6953629;7;0.0010841039182415;0.0012882816199428;-6.19798095613032e-05;5.858596783838477e-05;0.0001860133193974;0.0028887922085064;0.0001299182628211;0
4174710;6926132;45;0.0028652773867829;0.0428533277944274;-0.0002335720580684;0.0021220150487697;0.0428533277944274;0.0495826833297873;0.0068133868777047;4
4174894;6963469;13;5.998655120139661e-06;7.371240909611128e-06;4.207444940902617e-07;7.700337226308951e-07;7.371240909611128e-06;2.3524000966727766e-05;2.5658766567228485e-06;0
4174938;6949710;7;0.0007675179805755;0.0009443045856502;-5.263303510801911e-05;5.5512947205783534e-05;0.0001781067219187;0.002052139993165;0.0001119257394119;0
4175458;6970785;56;0.0076724225646166;0.0121325764386564;-3.93596738593456e-05;0.0008930626262721;0.0076338221777613;0.0603148459251953;0.0024690253659008;4
4175763;7023131;18;0.000643456253075;0.001504452502756;-7.03532185389871e-05;7.680759757527389e-05;0.0009980024062978;0.0033401631975694;0.0004536299944283;0
4175773;6952402;7;0.0014349141576357;0.0016652474607209;-7.140116418884399e-05;6.67897248471787e-05;0.0001943391945467;0.0038167101498987;0.0001485289244822;0
4175906;6929354;10;0.0029131700410481;0.0065738235816063;-0.0004627996144302;0.0009599744246466;0.0031316964518036;0.0106202526132542;0.0016710526230113;0
4176083;6970973;4;0.013817294416719;0.0157317654536786;-0.0012652433476801;0.0012933014124644;0.0014845538998592;0.0277797179117158;0.0014179410479041;0
4176097;6970970;3;0.0022307739075515;0.0024311611437027;-0.0002137032370346;0.0002137032370347;0.0002536512396852;0.003875752665245;0.0001755012272658;0
4176247;6929735;10;0.0036922801339114;0.0071713030088629;-0.0004754680766016;0.0009089042448834;0.0028429913876476;0.0128112350306734;0.0016672857325119;0
4176809;6930256;10;0.0044781530560829;0.007769557377011;-0.0004863490793059;0.0008569585807592;0.0025550612643831;0.0151057697204085;0.0016627005415576;0
4176905;6930273;10;0.0052706395576441;0.0083678117451591;-0.0004954060929715;0.000803965223187;0.0022678486994112;0.0174712737099717;0.0016567737196949;0
4177276;6950221;10;0.0018830321424024;0.0063794728213487;0.0007966752640589;0.0007288765022849;0.0063794728213487;0.0108724826694728;0.0028766782737174;0
4177458;6948091;43;7.351099973826581e-05;0.0022367903562056;8.007076681610565e-06;0.0001031726891467;0.0022367903562056;0.0022776639532624;0.0003394724635009;4
4178507;6973762;14;0.0047670800779767;0.0093451103372486;-0.0005317646285609;0.0010891893717456;0.0081284754870925;0.0219583399813519;0.0034228012771375;0
4178647;6929952;16;0.008893460493231;0.0162311653274585;-0.0007658700380914;0.0021852357361574;0.0124472549349873;0.0422085069499246;0.0056792375491084;0
4178767;6958517;28;0.0004514079733262;0.0020453060021071;7.149756493995615e-05;9.134222692210976e-05;0.0020453060021071;0.0047948295443424;0.000785694731809;0
4179456;6954205;3;0.006646243003159;0.0067526989152395;-9.39270386060462e-05;9.392703860603346e-05;0.0001315136590292;0.0115124378210832;7.871131470088521e-05;0
4179999;6933857;5;0.0068948624099178;0.0069415604662425;-1.952759139766096e-05;4.582838926538678e-05;5.769684517380972e-05;0.0154175776582645;3.482122952170724e-05;0
4180209;6969471;14;0.0;0.0;0.0;0.0;0.0;0.0;0.0;0
4180398;6980166;13;0.0;0.0;0.0;0.0;0.0;0.0;0.0;0
4180638;6439125;49;0.0005947228864142;0.0010205367191281;2.143437069865254e-05;2.6550297718557552e-05;0.0010205367191281;0.0050905886828578;0.0004185256646952;4
4180777;6943879;7;0.0014702938482358;0.0034006297363467;-4.971312431987104e-06;0.0009100582812054;0.0034006297363467;0.0045900757975458;0.0009209038902928;0
4181084;7039477;38;0.0;0.0;0.0;0.0;0.0;0.0;0.0;4
4181096;6946365;6;0.0010971053198247;0.0028138648923824;-0.0003165813691188;0.0004231312570975;0.0019832791702306;0.0032829687368946;0.0007698531494924;0
4181151;6688115;47;2.6925155206796763e-05;0.0011971517828798;3.1139164824189406e-06;2.611968406071783e-05;0.0011965176304753;0.0011972215355327;0.0001725445423803;4
4181826;6385303;33;0.0;0.0;0.0;0.0;0.0;0.0;0.0;4
4182013;6687844;47;0.0005225384834971;0.0010035244891226;1.162319579785644e-05;7.983927919038372e-05;0.0009903155836786;0.0039899516318883;0.0002562632492989;4
4182023;6687876;47;0.0023711346109383;0.0067981472644883;-5.07030537590982e-05;0.0003332811499788;0.0043484208902337;0.0176262400873317;0.0009939948465804;4
4182030;6687869;47;0.0004567137560407;0.0013998751918503;-2.180924650458361e-05;7.951246454225898e-05;0.0006744064135398;0.0040179063333432;0.000367277532043;4
4182915;6961446;13;0.0039707869367619;0.00532501595152;0.0002636077544463;0.0005302977500908;0.0040161864026639;0.0154730519089048;0.0016277024797263;0
4182933;6961529;9;1.6535086516484156e-05;2.596264013711284e-05;2.107721912575003e-07;5.241697101911541e-06;1.5975427077787877e-05;5.318044327095594e-05;6.389903246762016e-06;0
4183295;6896533;42;0.0;0.0;0.0;0.0;0.0;0.0;0.0;4
4183821;6958058;3;0.0;0.0;0.0;0.0;0.0;0.0;0.0;0
4183853;6957997;85;0.0106316123315683;0.2142857142857142;-0.0003074712845195;0.0059437761959727;0.2142857142857142;0.3618847841796256;0.0377846758006143;3
4183979;6917778;23;0.0016294018192414;0.0023706607857551;-1.1545635321742693e-05;0.000176147333778;0.0009988884250358;0.0079482261454086;0.0003029164199526;0
4184091;6917864;13;0.0;0.0;0.0;0.0;0.0;0.0;0.0;0
4184094;6940663;56;0.0105979567904329;0.034857521537442;5.94548230063675e-05;0.0022980703899623;0.0300814786281647;0.0894602221668009;0.0055313987102655;4
4184363;6963256;3;0.2222222222222222;0.238095238095238;-0.0119047619047595;0.0119047619047619;0.0238095238095238;0.3853908108628248;0.0112239171616912;3
4184558;6934447;18;0.015759616265268;0.0235046769101016;-0.0003716204199045;0.0020194726419527;0.0141546168717567;0.0697007236617273;0.0046404728689568;0
4184669;6963848;32;0.0181273965201643;0.0364251809348673;-0.0008688648471883;0.001812911962554;0.0358318029131828;0.1245412996152486;0.0124940675455877;4
4184854;6260114;38;0.0056242429509959;0.0065081846961624;2.741629516756925e-05;0.0004009579984189;0.0065081846961624;0.0352268524515319;0.0010119158524481;4
4185453;6968176;65;0.0451129310702334;0.1159873531899487;-0.0001218628066581;0.0058671784910435;0.0712335641042965;0.4218766427436378;0.0265136905010475;3
4186170;6936676;56;0.0102793529928832;0.035154248637528;6.19751345932146e-05;0.002176442617163;0.0306256233072697;0.086174613203726;0.005190682716387;4
4186178;6936673;56;0.0138994510602842;0.0373361819134941;4.400672547376151e-05;0.002351935897818;0.0295756644573003;0.1103624441320366;0.004929799415058;4
4186197;6936709;56;0.0023084504318974;0.0063997232552105;-4.76110981345072e-05;0.0001182821755815;0.0011028325300662;0.0187860308760378;0.0009864630710443;4
4186198;6936711;56;0.0011559807152736;0.0032142754187206;-2.392298414515412e-05;5.9364258988527696e-05;0.0005552362746981;0.0094131292636446;0.0004959601680677;4
4186205;6936708;56;0.0011559807152736;0.0032142754187206;-2.392298414515412e-05;5.9364258988527696e-05;0.0005552362746981;0.0094131292636446;0.0004959601680677;4
4186212;6936728;56;0.0;0.0;0.0;0.0;0.0;0.0;0.0;4
4186219;6936726;56;0.0;0.0;0.0;0.0;0.0;0.0;0.0;4
4186529;6697049;56;0.0128170270712797;0.030562698265426;-6.384711463329935e-05;0.0021589760309954;0.0146818638688206;0.1014346722581036;0.0044108763527084;4
4186608;6958003;10;0.0002502791614476;0.000795030078755;2.112323247922648e-05;0.0001966411941825;0.000795030078755;0.0010569718898898;0.0002215384818643;0
4188262;7504813;52;0.018792326437885;0.0342715790933347;0.0002583224563037;0.001399722606404;0.0150275864867354;0.1535792056828855;0.0100217961549279;4
4188453;6970341;6;0.0041211296200541;0.0045519679972402;-0.0002823001510222;0.0002530533509931;0.0011343820893545;0.0101902030565182;0.0005683282885429;0
4188604;6951812;23;0.0047887167239522;0.0087025746830572;0.0003046660787313;0.000953840891782;0.0045108277055073;0.0262456452883097;0.0026490549239123;0
4188634;7504675;12;0.0005400493583725;0.0007645904662315;-1.2175040984975143e-05;6.55137787802715e-05;0.0003601679306614;0.0019148693762971;0.0001179283025602;0
4188714;6926304;47;0.0106850807408816;0.0474577252721797;-0.0002811042174506;0.0037863025069412;0.0434541429736509;0.1082414520987335;0.0116236893855589;4
4189068;6921532;42;0.0063073995742238;0.0194713308610361;0.0002078758424528;0.0008337316325597;0.0141540250740177;0.0479164525897854;0.0038578561603148;4
4189374;6934268;72;0.0378688839771972;0.125;-0.0005984352632024;0.0085387493508774;0.0727124183006535;0.373424197158543;0.0224208051070428;3
4190038;7505066;12;0.0;0.0;0.0;0.0;0.0;0.0;0.0;0
4190075;6274975;8;0.0060111039971479;0.0067752733326014;-0.0002005156708816;0.0003936650020288;0.0019918276905614;0.0171578595065467;0.0008158716757381;0
4190284;6932588;12;0.0139507440592243;0.0148664335045989;-1.0732684435973792e-05;0.0006477510016835;0.002355027493721;0.0483666823774685;0.0005669249311812;0
4190437;6971435;9;0.0;0.0;0.0;0.0;0.0;0.0;0.0;0
4190444;6971426;9;0.0;0.0;0.0;0.0;0.0;0.0;0.0;0
4190681;6944287;6;0.0001827430199429;0.0002258901265117;3.0025623798608703e-05;4.846000596813233e-05;0.0002258901265117;0.0004904235796569;8.17977378011625e-05;0
4191104;6944454;37;0.0;0.0;0.0;0.0;0.0;0.0;0.0;4
4191218;6669879;71;0.0060894875873647;0.0157894736842105;-2.3305444726648318e-05;0.0013138243372171;0.0114604693552061;0.0546707851461256;0.0022394753977318;4
4191227;6670177;55;0.0;0.0;0.0;0.0;0.0;0.0;0.0;4
4191495;6669644;55;0.0;0.0;0.0;0.0;0.0;0.0;0.0;4
4191607;6274531;58;0.0060335049671001;0.0166481687014428;3.098059119590249e-05;0.0010521793229641;0.0107388134259733;0.0507925506695543;0.0028421053288434;4
4192392;6963664;42;0.0228800778356902;0.0388014362280972;-0.0006355726274595;0.0017797294166243;0.033497155967041;0.1645202854262215;0.0109978460255818;4
4192476;6972302;14;0.0009415214510883;0.0010211677719451;-1.222484099904424e-05;1.2710634697635214e-05;7.18656448537295e-05;0.0035283437010024;5.259839240474565e-05;0
4192998;6952839;40;0.0;0.0;0.0;0.0;0.0;0.0;0.0;4
4193278;6669540;55;0.0;0.0;0.0;0.0;0.0;0.0;0.0;4
4193282;6669561;55;0.0023599234184929;0.0053498596323957;-4.230142598346469e-05;0.0001152286125778;0.000705256271373;0.0185130576147138;0.0008138034437959;4
4193321;6968395;6;0.0048801233417602;0.0053185349317022;-0.0002867638311912;0.0002567967083586;0.0011377146021246;0.0120365412141737;0.0005751378698114;0
4193566;6973344;12;0.0035644942665691;0.0040878517792207;1.1590462536454168e-05;0.0003027760484275;0.0015531462875774;0.0125706838215552;0.000680358926392;0
4193633;7497811;32;0.0;0.0;0.0;0.0;0.0;0.0;0.0;4
4193745;6669472;55;0.0;0.0;0.0;0.0;0.0;0.0;0.0;4
4193745;6669488;55;0.007419753514808;0.0120451295089782;-2.648706166774673e-05;0.000618536718847;0.005992524406009;0.0559102030215013;0.0013351879661861;4
4193836;6973482;7;0.0011027177212053;0.0011507410495071;-1.3915396642702047e-05;1.3738135116566456e-05;2.2836126570935627e-05;0.0029184783582653;2.831284171221148e-05;0
4193836;6973483;10;0.0016106649507494;0.0017027873078055;-1.40413425096081e-05;1.6466594625579452e-05;3.8460882470816833e-05;0.0050952588358814;4.387113960401204e-05;0
4193898;6973458;31;0.0;0.0;0.0;0.0;0.0;0.0;0.0;4
4194012;6952795;8;0.0006097283903258;0.0009171603521365;0.0001405830599294;0.0001358399204705;0.0007260273847403;0.0020294815930438;0.000378260138124;0
4194914;7500179;43;0.0009411510397578;0.0012801592675544;-9.715738856759974e-06;2.5285554576137023e-05;0.0003159091701387;0.0062306299385916;0.0001305482542229;4
4194920;7500081;43;0.0028193716945004;0.003832375528818;-2.899703126130419e-05;7.570748401001268e-05;0.0009488714703818;0.0186637827699414;0.0003898701918231;4
4194951;7500198;43;0.0;0.0;0.0;0.0;0.0;0.0;0.0;4
4195010;7500122;43;0.0;0.0;0.0;0.0;0.0;0.0;0.0;4
4195031;7497898;43;2.332242727561381e-06;7.140166829997983e-06;-8.58201765575592e-08;1.403049735722517e-07;9.429812657517708e-07;1.7600470417306028e-05;1.3284388886624214e-06;4
4195055;6700312;40;0.0093991799137766;0.019228608337899;7.519135430605144e-05;0.0012704250022195;0.0123536823360979;0.0613237162451466;0.0023812541446345;4
4195444;6974466;26;0.0102037233579214;0.0146032041620353;-0.0002485733785794;0.0010071777904981;0.0083641045802273;0.0544763173373601;0.0031662518556644;0
4195958;6947112;8;3.297364604744819e-07;3.511616955631773e-07;-5.387856221487489e-09;5.617458653189082e-09;9.484856492841611e-09;9.33301707506231e-07;1.2465002527725973e-08;0
4196185;6974314;12;0.0;0.0;0.0;0.0;0.0;0.0;0.0;0
4197082;7498001;48;0.0;0.0;0.0;0.0;0.0;0.0;0.0;4
4197205;6930936;28;0.0351170066792085;0.0379780304912193;-7.696497331448908e-05;0.0010606399713602;0.0068733766489768;0.1860691197347234;0.0018126627202106;0
4197992;6695932;40;0.0099590536512996;0.0198857582137922;7.369589513604446e-05;0.0012789380247453;0.0134047717146515;0.0647947411984119;0.002403375240108;4
4198174;5345211;49;2.2641029729067765e-06;6.2422557015203015e-06;-4.9058568387707425e-08;4.25976337129179e-07;4.8067390481455e-06;2.0130878275912096e-05;1.7732151637762158e-06;4
4199314;7012641;39;0.0011970250647488;0.0022452547573257;-2.2078352865950395e-06;0.0001772199782368;0.0012392865415798;0.0079637552263247;0.0004396824636545;4
4199438;6933487;11;0.0010630318815717;0.0053825577042076;-0.0002565412374563;0.0005188108278347;0.0045920141255398;0.0057690789125375;0.0013768167140666;0
4200478;6990286;49;0.0003863706297937;0.0024596200660021;-1.4783582506007607e-05;0.0001596093999913;0.0022550058961097;0.0051452328608361;0.0006252932418593;4
4200646;6903566;58;0.0092912136032442;0.0513557494174514;-0.0002079161810496;0.0029764020412302;0.0460141806132736;0.100426295836962;0.0093573640396661;4
4201459;6943743;9;0.0006256847762134;0.0007116647732466;4.488524381530318e-05;9.1653595776062e-05;0.0007093466250376;0.0019910274983553;0.0002213236811499;0
4201461;6903525;21;0.0031027077773389;0.0062412125784438;3.3143258149795795e-05;0.0004918405066979;0.002085799253826;0.0156741398418012;0.0014395097246994;0
4201537;6903518;21;0.0127067209973165;0.0302833751333275;-0.0011978484896017;0.0043509778050753;0.0250449537099292;0.0738497306506482;0.0099117697919881;0
4201578;6903497;21;0.0;0.0;0.0;0.0;0.0;0.0;0.0;0
4201582;6903507;21;0.0;0.0;0.0;0.0;0.0;0.0;0.0;0
4201616;6955625;8;8.174017966764959e-05;8.533229202185208e-05;-9.655077440773958e-07;1.2993590056749606e-06;2.6343437998848717e-06;0.0002312877200726;2.300915024824496e-06;0
4204464;6959714;55;0.0261619996946548;0.0656851340636954;-0.0002972836963375;0.0043815935608796;0.0387742774460036;0.2188000324600841;0.0136373095608815;3
4204676;6928304;34;0.0049478352199014;0.0189378420321816;-0.000306504698808;0.0006830555451797;0.0098171172412208;0.0425881292646922;0.0053725671920196;4
4206762;6973295;55;0.0004269029156109;0.0017483181564123;1.41712922294538e-05;6.821012264446498e-05;0.0017483181564123;0.0062628808271552;0.0007286368442073;4
4207193;6934759;23;0.0323338467711748;0.0376877036784596;0.0001752899704244;0.0011699064880632;0.0065653288061949;0.1554511219845279;0.002275249100045;0
4207452;6933499;39;0.0003408133230509;0.0023723438837179;4.474363119319391e-05;6.417459936654301e-05;0.0015848665460835;0.0054703626113885;0.0008069390085058;4
4207671;6932235;6;0.0;0.0;0.0;0.0;0.0;0.0;0.0;0
4208336;6935424;63;0.073920657204458;0.1801093643198906;-0.0006649088066613;0.0134497185541373;0.105347812267277;0.6292457493675714;0.0286471718652327;1
4208380;6960341;41;0.0245127833630389;0.0631803739778113;-0.0008517437608736;0.0027032542327245;0.0323446654502653;0.1807778995793982;0.014007585488571;3
4209096;7492167;21;0.0021344931701901;0.0035564037147568;-0.000200619574153;0.0001455751597363;0.0024994204634432;0.0116273930851162;0.0013718077574336;0
4209106;7492170;21;0.0012117806553061;0.0025164947425653;0.0001693584800642;0.0001324332612265;0.0024474378540437;0.0077954553711995;0.0011938825210672;0
4209147;6931529;6;0.0;0.0;0.0;0.0;0.0;0.0;0.0;0
4209153;7492118;21;0.0019051342561499;0.0026879428304606;-0.000108133101018;7.936413528886696e-05;0.0012622676936155;0.0093511155627692;0.0007310493128826;0
4209407;6932304;5;0.0;0.0;0.0;0.0;0.0;0.0;0.0;0
4209427;6931063;25;0.0016085783896464;0.0017813259197673;-1.4546341538803023e-05;1.4041776006291037e-05;3.7471706370648464e-05;0.0080603618245254;0.0001060795647293;0
4209519;6930795;31;0.0025495541949464;0.0064141370463259;-0.0001091145900367;0.0002550590567145;0.0011066525397312;0.0157932440007981;0.0012432985742502;4
4209532;6930516;25;0.0;0.0;0.0;0.0;0.0;0.0;0.0;0
4209641;6930639;31;0.0;0.0;0.0;0.0;0.0;0.0;0.0;4
4209752;6930462;56;0.000361058669296;0.0017477762151963;-6.02264459160769e-06;0.0001122565061974;0.0011509091209934;0.0042726889452288;0.0004423056981187;4
4210001;7491302;49;0.0004885859906989;0.001450897686503;3.6914864896134095e-05;3.547311302568543e-05;0.0009275613392794;0.0053538342565904;0.0005884334790136;4
4210318;7496429;26;0.0026744528466697;0.0037349087929451;-0.0001276146154102;9.890044589051476e-05;0.0018877900496591;0.0147066394445654;0.0010797986813234;0
4210334;7496453;26;0.0;0.0;0.0;0.0;0.0;0.0;0.0;0
4210500;7495130;26;0.0011030340365936;0.001450897686503;2.5026488494501777e-05;3.2540117161036424e-05;0.0005993253814189;0.0057579965187666;0.0002418468744047;0
4210660;6960945;10;0.0;0.0;0.0;0.0;0.0;0.0;0.0;0
4210834;6960815;10;0.0007912783902872;0.0008221502710085;-4.671369612862663e-06;6.165680360334799e-06;1.923895409031574e-05;0.0025026439289844;1.4183532444724423e-05;0
4211045;7489759;38;0.0;0.0;0.0;0.0;0.0;0.0;0.0;4
4211155;7492722;21;0.0;0.0;0.0;0.0;0.0;0.0;0.0;0
4211169;6960483;10;0.001581882099321;0.0016435480017233;-9.329673299216953e-06;1.2320388704540566e-05;3.844385676100197e-05;0.00500315256049;2.8329811181597384e-05;0
4211292;6960343;10;0.0023718111271011;0.0024641931921442;-1.3974911059062727e-05;1.8464125032617277e-05;5.761470801205837e-05;0.0075015258966934;4.243884111546968e-05;0
4211317;6960316;10;0.0037678397214832;0.0040505481315365;-8.515171576955765e-05;9.447540039684452e-05;0.0004716322187358;0.0119472921315374;0.0002777818583765;0
4211349;7493616;52;0.0;0.0;0.0;0.0;0.0;0.0;0.0;4
4211630;6957438;10;0.0056072788100488;0.0060447471681746;-6.786847921487486e-05;0.0002087236702284;0.0004493645014557;0.0177559945554163;0.0002931869908001;0
4211682;6940135;25;0.0293523448338887;0.0352446518690097;0.0006100460134006;0.0010183614622864;0.0081492586548914;0.1489493875887504;0.0050869101894015;0
4212016;6947377;38;0.0134189039605211;0.0514236352405219;-0.0006296702779212;0.0028866721028257;0.0465535203019942;0.1078307370365409;0.0112213641125679;4
4212030;7495958;26;0.0009927371668401;0.0025168710127122;0.0001300950425569;0.0001063745655318;0.0024478141241906;0.0077981891873739;0.0011633514327646;0
4214558;6952165;81;0.0582155377665335;0.2857142857142857;-0.0012463318599546;0.0150348749251402;0.1523809523809523;0.684918077027236;0.0490149657676485;1
4215139;7492676;42;0.0;0.0;0.0;0.0;0.0;0.0;0.0;4
4215173;7492674;42;0.0037384050227779;0.0051102198609881;-3.843327562465893e-05;9.303432540264056e-05;0.001265107486225;0.0244501264601539;0.0005078070292375;4
4215194;7492529;52;0.0;0.0;0.0;0.0;0.0;0.0;0.0;4
4215248;7492638;42;5.544420860425082e-07;1.5566358608429806e-06;-1.8836838220637346e-08;3.0360887215905545e-08;2.357453164379427e-07;4.021773369347324e-06;2.787560765869494e-07;4
4215355;7492624;42;0.000935294308302;0.0012790017998622;-9.631864953940528e-06;2.3278906730652035e-05;0.0003160725929909;0.0061172164578178;0.0001272201485076;4
4215717;7498754;52;0.0110914720784736;0.0197903826009456;9.291973471573544e-05;0.0009394129143694;0.0071708809199252;0.0851921991249178;0.0040682439100979;4
4216887;7490967;63;0.0004972801551332;0.0016633341378287;9.528908889030386e-06;6.040896218546226e-05;0.0010548202413037;0.0065851463712811;0.0006641026516532;4
4216973;7528623;18;0.0766847669715615;0.0950405498607937;0.0036199062518926;0.0049162080955394;0.0463724860212428;0.3399100871875662;0.023200699981263;3
4217357;6941963;14;0.0067461461089982;0.0086159116448137;0.0004184572629938;0.000690215252156;0.0027738706168454;0.0262643113327604;0.0019395733560473;0
4218097;7492711;47;0.0;0.0;0.0;0.0;0.0;0.0;0.0;4
4218847;6956286;11;0.0254223757085763;0.0290930441540181;0.0010415116629594;0.0033237338181888;0.0258473599335571;0.0879468182447738;0.0075400372921139;0
4219578;6237101;45;0.0056889609735356;0.007667187422797;0.0001122806390424;0.0003590877136691;0.0057355926137469;0.0414074866345322;0.0023953078496671;4
4219718;6237516;44;0.0;0.0;0.0;0.0;0.0;0.0;0.0;4
4220153;6237533;45;0.006423090869451;0.0082814996757796;7.334528021727814e-05;0.0003651157288155;0.004514355018356;0.0448147912769925;0.0018369127658793;4
4220310;7492064;29;0.0;0.0;0.0;0.0;0.0;0.0;0.0;4
4220995;7494006;59;0.0044273053522865;0.0161200525490332;-8.466648764723798e-05;0.0008285410423293;0.0123736391719513;0.0485360567778001;0.0045085378126491;4
4221128;7493924;8;0.0;0.0;0.0;0.0;0.0;0.0;0.0;0
4221166;7494041;8;0.0;0.0;0.0;0.0;0.0;0.0;0.0;0
4221303;7493932;8;0.0026401937387127;0.0027074875656253;-1.9865948463270356e-05;2.3108387830229902e-05;3.495874408207837e-05;0.0074687758846806;4.694330634103484e-05;0
4221309;7493877;8;0.0009528652195735;0.0009622720367262;-2.430991346620556e-06;5.187323034225763e-06;8.43470921826114e-06;0.0026951919041316;7.436285301450135e-06;0
4221392;7493903;8;0.0034225319270158;0.0034999061880815;-2.3693455360423378e-05;2.712324628108009e-05;4.349927070047789e-05;0.0096816753304401;5.594514334581708e-05;0
4221396;6942428;12;0.0280148520036701;0.0321894297740428;0.000178093423276;0.0013655116120891;0.0063800758431608;0.0974057263353146;0.0024133712495814;0
4222326;5369625;5;0.0006583771429422;0.0015555758484325;0.0004572754728076;0.0003860817491847;0.001409684205202;0.0021965687257866;0.0007290558079268;0
4222447;7480398;37;2.539979836769351e-06;3.572206802196193e-06;-3.10987718155431e-08;1.044723961775065e-07;1.029918185069582e-06;1.565866449725845e-05;4.187614848281379e-07;4
4222845;5355857;34;0.0017695025859742;0.0021079800702442;-1.5522396758762985e-05;1.7414905693690523e-05;7.77569928528169e-05;0.0103567432141877;0.0001537176885659;4
4222846;5355880;11;0.0031776875921367;0.0033376202918623;-2.2070451192538017e-05;2.748612839240812e-05;7.680258497293029e-05;0.0105420688145935;7.418167269827836e-05;0
4222851;5355882;15;0.0024711088881483;0.0031729836900678;-5.591592091087371e-05;0.000164408976598;0.0006321451859819;0.0096535196644312;0.0003260628625763;0
4222853;5355831;11;0.0;0.0;0.0;0.0;0.0;0.0;0.0;0
4222853;5355865;15;0.0;0.0;0.0;0.0;0.0;0.0;0.0;0
4223251;6251169;37;0.0;0.0;0.0;0.0;0.0;0.0;0.0;4
4223417;6919304;37;0.0;0.0;0.0;0.0;0.0;0.0;0.0;4
4223837;7010542;68;0.0142971628294495;0.0976101934330767;-0.0007514356742905;0.0051027469819239;0.0616443054093466;0.203675840538096;0.0201406981890261;3
4224211;5328766;34;0.0;0.0;0.0;0.0;0.0;0.0;0.0;4
4225761;7040602;50;0.0053965697139699;0.0178073292827391;-0.0001395863869955;0.0006545361351934;0.0089049101409919;0.0440949144666457;0.0031247823858115;4
4226452;6268223;3;0.0;0.0;0.0;0.0;0.0;0.0;0.0;0
4226471;6267968;45;0.012508824715034;0.0165434112232751;6.625588354871333e-05;0.000852716059349;0.01037739566391;0.0890068128608206;0.0044247571856194;4
4226608;6984298;54;0.0700667444912626;0.139319756237304;-0.0004442601295579;0.0072514073235007;0.0656748248245455;0.5438162312186576;0.0238169191426843;3
4229754;5363204;61;5.603697666484702e-06;1.8338352250791445e-05;8.64379776143779e-08;8.39350288174655e-07;1.6646015204054137e-05;6.583360933968456e-05;6.296729620729451e-06;4
4232293;6834330;3;0.0014117542288035;0.0014287761807363;-1.7115001928622306e-05;1.7115001928620622e-05;1.7394151916240658e-05;0.0024453498535314;1.3974960129266528e-05;0
4233157;7486525;30;0.0017902116694482;0.0028061437872978;-7.692665254532384e-05;7.540090367277247e-05;0.0015669216989661;0.0106645406235824;0.0007656520547693;4
4233666;6911666;8;0.0;0.0;0.0;0.0;0.0;0.0;0.0;0
4239486;5874454;47;0.0;0.0;0.0;0.0;0.0;0.0;0.0;4
4240976;7471154;37;0.0013026053123371;0.0019985551917705;1.8453592097158965e-05;6.847871244609563e-05;0.0009738113601192;0.0083790977607817;0.0004480708527092;4
4241031;7471161;37;0.0;0.0;0.0;0.0;0.0;0.0;0.0;4
4241262;7470763;37;0.0031996431588638;0.0175679100076641;-0.0002162495610682;0.0005056709823745;0.0145851716167385;0.0318094936380258;0.0041363529463383;4
4241345;7470791;37;0.0;0.0;0.0;0.0;0.0;0.0;0.0;4
4242337;5405286;43;0.0029352990311016;0.021543742564563;0.0003495614356366;0.0005228556365319;0.0167092768429709;0.0491286588276866;0.0068931006303772;4
4242431;7069982;12;0.028812628707985;0.0929112975294762;-0.0032884390400232;0.0155397137928735;0.0602718568811367;0.1246694474764949;0.0215647479646066;3
4242515;7069982;12;0.0057921717483604;0.0225785857411047;0.0001912548297621;0.0040615081645649;0.0203211798317862;0.0306839722840329;0.0067014619821426;0
4242527;7069942;12;0.0;0.0;0.0;0.0;0.0;0.0;0.0;0
4242547;7069970;12;0.0;0.0;0.0;0.0;0.0;0.0;0.0;0
4243913;5360008;11;0.0;0.0;0.0;0.0;0.0;0.0;0.0;0
4244284;6925454;52;6.8420895469274326e-06;3.463203463203464e-05;-2.50003102125276e-08;1.466208570432982e-06;1.956331048655687e-05;8.27991034412007e-05;9.220956152992804e-06;4
4244915;5363045;5;0.0003790618504662;0.0008469167845095;-0.0002312347358663;0.0001940411292243;0.000761589487996;0.0011946922282796;0.000376523594989;0
4244970;5363768;5;3.833550054169812e-05;4.849799900848536e-05;7.473016654114905e-06;6.747651988780957e-06;2.5545520046689943e-05;9.000582147450901e-05;1.2271877528630292e-05;0
4245314;5363389;11;0.0073320523988702;0.0083175429384593;4.796371098990675e-05;0.0002271408933038;0.0013840025138088;0.0243762379019407;0.0005091934865717;0
4245965;7054003;43;0.0017181832290818;0.0048106874017111;-6.68838534885772e-05;0.0001383043793293;0.0012913982923762;0.0129081491215991;0.0009605922176645;4
4246343;6558969;39;0.0;0.0;0.0;0.0;0.0;0.0;0.0;4
4246620;6691772;15;0.0139502212940713;0.028786593501754;-0.0002111171612955;0.0074080697455456;0.0194258425843727;0.0597551748319882;0.0065906540236816;0
4246998;6817268;14;3.637878316093783e-05;6.278108805332968e-05;2.4844516064698213e-06;3.7852881589770657e-06;2.1768371142623672e-05;0.0001438613628071;1.244493473820608e-05;0
4247145;6691403;15;0.0238542445396258;0.0395956489851461;-0.0002010887563905;0.0086720093185851;0.0211708742504695;0.0961691340928872;0.0068950591674118;0
4247886;6690626;59;0.0183795251829968;0.037474926879269;5.652864686631782e-05;0.0030407695933191;0.0210580055218414;0.146021417439401;0.0048566650687645;4
4248253;6698088;49;0.0133259216152045;0.0233575374556528;0.0005307250173591;0.0007623619197207;0.0153478722535326;0.1124253800880522;0.0089648257436753;4
4249034;6110856;54;2.7865015700895728e-05;0.0006886895113728;2.657320472209577e-06;1.347471566983027e-05;0.0006861243835798;0.000970137293596;0.0001290447508529;4
4251098;7062950;34;0.0293944009507603;0.0721369972446654;-0.0003606057576792;0.0031760135193443;0.054172063007008;0.2093334652566618;0.0206108568119157;3
4254930;6447195;25;3.903374138293513e-06;5.320278337616157e-06;-1.6699243826857918e-07;1.5671170469424537e-07;2.109224687814168e-06;2.0635996205951863e-05;1.3406878506885058e-06;0
4255884;6644836;60;0.000620579671871;0.0012266032453487;1.9056246422957504e-05;2.8820736974841808e-05;0.0012266032453487;0.0060034611466129;0.0004642987183289;4
4256609;6691236;85;0.0162833948406346;0.0417009074923344;0.0003233917609481;0.0025442930415846;0.0212742139224107;0.1788783351333499;0.0105494902243822;4
4257109;6686668;3;0.00222307792331;0.0022364707945771;-1.4791379648461056e-05;1.4791379648459698e-05;1.898690479232561e-05;0.0038505422558521;1.223798428343686e-05;0
4258123;6809634;56;0.0015086510299181;0.0043007573860449;7.480345317736268e-05;0.0001424170218881;0.0018970945936668;0.014900520663172;0.0012995050702748;4
4258659;6809309;56;0.0019884557705693;0.004603400743797;8.178280087541913e-05;0.0002082337569598;0.0035484705926523;0.0188976135533927;0.001556657604847;4
4263534;7228896;81;0.0287899428988878;0.2;-0.0012657765279449;0.0069245234138294;0.1785714285714285;0.4937426351301583;0.0466989391006803;3
4264046;6399661;29;2.3076774767377864e-06;3.869293336448114e-06;-6.559237922260286e-08;2.786726973709759e-07;2.882657807998725e-06;1.4830734978829829e-05;1.5030407713473782e-06;4
4264250;6414576;22;0.0017660630695008;0.0019203625155424;-1.5576482691777466e-05;1.6010775245553433e-05;3.830765108248373e-05;0.0082968849791101;0.000100174283712;0
4264395;6414375;22;0.0008849841897236;0.0009612000177264;-7.77629037582624e-06;7.968497622968208e-06;1.923895409031574e-05;0.0041575709204367;5.002799449202938e-05;0
4265938;6806374;3;0.0001167954693538;0.000118316519455;-1.6238747467133543e-06;1.623874746713196e-06;1.9323486832166395e-06;0.0002023088786004;1.3338385499952525e-06;0
4268146;6809461;3;0.0016494134554568;0.0016631647328275;-1.5186594707702056e-05;1.518659470770066e-05;1.949254671870272e-05;0.0028569507988865;1.2564846898911951e-05;0
4268151;6809452;3;0.0008211603652757;0.0008250322783573;-3.3392114889423015e-07;5.807869622516664e-06;6.141790771411115e-06;0.001422299457594;2.751398010433921e-06;0
4268181;6809495;3;0.0013319954440779;0.0013466920913583;-1.614433106093178e-05;1.6144331060930243e-05;2.0487382402531104e-05;0.002307199480477;1.3339834841310876e-05;0
4269539;7233943;44;0.0;0.0;0.0;0.0;0.0;0.0;0.0;4
4269969;6485471;37;0.0171329964474335;0.0222334431728979;0.0003513659922958;0.0008913083825921;0.0100176165424697;0.1112247848024331;0.0063883101970751;4
4274686;6667262;36;0.0016990280097345;0.0020047374009638;-1.3395016249141934e-05;2.668634722287323e-05;0.0002596356332589;0.0102308296087051;0.0001442232142763;4
4276472;6465179;36;0.0014888879105966;0.0022172551242631;1.919351377556697e-05;0.0001359454864094;0.0022126054789148;0.0092849566189153;0.0004218372462478;4
4277421;5768080;59;0.0;0.0;0.0;0.0;0.0;0.0;0.0;4
4278208;6798944;56;0.0045056622334762;0.0243153850597954;-7.747934343593222e-05;0.0010516839083143;0.0204671580718394;0.0445430408097147;0.0038896082328754;4
4278233;6798899;35;0.0;0.0;0.0;0.0;0.0;0.0;0.0;4
4278242;6798889;35;0.0;0.0;0.0;0.0;0.0;0.0;0.0;4
4278252;6798951;56;0.0;0.0;0.0;0.0;0.0;0.0;0.0;4
4278278;6798863;35;0.004984295037534;0.0064034800985973;7.14342956294546e-06;0.0002710749220536;0.001502351424415;0.0295901530433672;0.0004162849775387;4
4278567;6799010;21;0.0305443306193336;0.1145327042718811;0.0011697254255533;0.0122666725955925;0.0782499465252464;0.1689720827786927;0.0206553186577566;3
4278594;6799024;56;0.0;0.0;0.0;0.0;0.0;0.0;0.0;4
4278661;6798935;35;0.0349899109761783;0.058161723438242;0.0009580671899165;0.0022366427470012;0.0156629521281189;0.2178096029653014;0.0114526823928111;3
4278760;6799041;35;0.0;0.0;0.0;0.0;0.0;0.0;0.0;4
4282432;6947666;45;0.0103322791538436;0.0993226943774355;-0.0002206996068476;0.0026684673407976;0.0951764276988997;0.1138721319774752;0.0134683520216119;3
4284190;6960523;66;0.0706897861721807;0.2406015037593985;-0.0014842970148512;0.014577722787754;0.1374402042068958;0.6973900965904285;0.0487025479178975;1
4288638;5799163;57;0.0;0.0;0.0;0.0;0.0;0.0;0.0;4
4291621;6462155;52;0.0006276842769505;0.0023000245656262;1.2424396656233133e-05;0.0001195467383827;0.001190679445202;0.006032847976193;0.000553101430819;4
4293220;5888324;68;0.0006227882408701;0.0019505016907722;2.2595069182779785e-05;6.262575480052454e-05;0.00187195692486;0.008484805086433;0.0008190479070332;4
4293546;6923255;54;0.0179908064513727;0.0992696763247886;-0.0009147264357331;0.0040320554212535;0.0948069007394944;0.2244101152094847;0.024676337256988;3
4296983;7006843;57;0.0040681651253461;0.0135115340033372;8.225365630499862e-05;0.0008938390413134;0.0124965629025022;0.0376029486458716;0.0028734525968462;4
4297584;7004900;25;0.0053642054637828;0.0157501878813354;-0.0001263380452818;0.0018286924408871;0.0114115208364368;0.03188922880882;0.0034499588842729;0
4300846;6880180;54;0.0171141692289402;0.0982800060087126;-0.0008769743934039;0.0040940806221947;0.0958824510400173;0.2185062694089594;0.0243160788130882;3
4307077;6464062;7;0.0037165161243338;0.0047540485390526;-0.0004284440963448;0.0004046898656968;0.0013264704413125;0.010118013703116;0.0009013289061481;0
4307080;6464085;7;0.0;0.0;0.0;0.0;0.0;0.0;0.0;0
4307879;7047812;62;0.0026108319037293;0.0069933603075225;0.0001342390452383;0.0002729154946769;0.0037302591008085;0.029387784084459;0.0026670703183995;4
4310855;6842662;62;0.0194393392988688;0.0972594084952593;-0.0008916807809732;0.0041957057971446;0.0948697662492329;0.2504061809705928;0.0251685303058592;3
4313103;7313247;36;0.0035581730039441;0.0230490669324197;-8.053798637894167e-05;0.0006650791176275;0.0172167531298271;0.0293446142984988;0.0033554473281507;4
4315199;5298782;9;0.0001816146828353;0.000238758380324;2.0359820568773597e-05;1.871221753950082e-05;0.0001095327873915;0.0005727623062041;5.887993642029527e-05;0
4316158;7320200;47;0.002923337704816;0.0204821407520924;-0.0002573914109285;0.0009905634827593;0.0204821407520924;0.0490932612035589;0.0065371130963011;4
4316796;6864682;41;0.0053550131230936;0.0072103950970319;8.658240937872512e-05;0.0002288254142961;0.0009234244461798;0.0350204531967209;0.0011121211836823;4
4317181;6970018;44;0.0001608585511378;0.0046803754586906;-1.575826534796449e-05;0.0001513159008971;0.0046803754586906;0.0047784344368518;0.0007021867602262;4
4318315;6966083;3;0.0009094005415026;0.0009147886992012;-5.850775333869873e-06;5.85077533386938e-06;7.238628239767948e-06;0.0015751500823383;4.821729788978552e-06;0
4320238;6495167;37;4.729317143735343e-05;0.0011515621645958;-4.701554402121008e-06;6.398180509567215e-05;0.0011515621645958;0.0011562649645767;0.0001841116610307;4
4320338;5356501;4;0.0;0.0;0.0;0.0;0.0;0.0;0.0;0
4321847;7318719;80;0.0061101928212923;0.0209933435739887;-2.6665423914155545e-05;0.0013468802545576;0.0209933435739887;0.0795812427218846;0.0064676287077352;4
4324259;5360441;39;0.0029936966109572;0.0094962674502985;0.0001047485234056;0.0004551431619441;0.0083177893501617;0.0247695275528823;0.0026017890228287;4
4329307;5700891;50;0.0020384601418214;0.0045250741972053;-3.0905553062675074e-05;0.0001519231486494;0.0029367733534883;0.0151760525219402;0.0006715144474834;4
4330543;6799226;33;0.0054625286512535;0.0083026773841981;0.0001632789118635;0.0002918900461563;0.0024584872369686;0.0329047985761121;0.0017235581023713;4
4330739;7107784;37;0.0029210751165759;0.0060312341848953;0.0001827525815906;0.0003188711827908;0.0040842791481725;0.0221444698442512;0.0021727326841823;4
4331744;6327198;50;0.0;0.0;0.0;0.0;0.0;0.0;0.0;4
4335218;5692239;60;0.0003264907614606;0.0034505492623701;-1.6970926385839918e-05;0.0001482583427997;0.003239600532723;0.0057091431955426;0.000660789212332;4
4336596;5371584;12;0.0023203013753022;0.0025187312612282;-2.3721492950550658e-05;2.872101810172362e-05;8.273012062570088e-05;0.008043382099582;8.680146557989752e-05;0
4336660;5360385;12;0.0;0.0;0.0;0.0;0.0;0.0;0.0;0
4336672;5360413;12;0.0;0.0;0.0;0.0;0.0;0.0;0.0;0
4336683;5360395;12;0.001608902427868;0.0017043895541549;-1.1584995913282507e-05;1.4254325124520762e-05;3.7621509096924174e-05;0.0055754288587876;4.339997177883963e-05;0
4336973;5534173;62;0.0041002518710764;0.0401013104118838;0.0002620031587072;0.0010227134183506;0.0130153107476787;0.0787010802506788;0.0091153114517201;4
4338951;6895108;17;0.0;0.0;0.0;0.0;0.0;0.0;0.0;0
4339836;6962169;34;0.0001296337522805;0.0001577083078868;1.3124128702078562e-06;7.4058369129137855e-06;0.0001410546912439;0.0007707345937611;2.581887316341729e-05;4
4340719;6719379;62;0.0726920492828866;0.1483754385034771;5.0778691730682216e-05;0.0073414253141837;0.0706011453442659;0.6017673785592076;0.0235918479986243;3
4340872;5483436;61;0.0041374101971078;0.0396550681088619;0.0002851784517007;0.0009495963028183;0.0130273120402972;0.0773726974725261;0.0090012078995334;4
4341085;5398468;48;0.0164011489090278;0.0438976443021624;0.0005071020609232;0.0020318739796366;0.0157589364819749;0.1313374200325825;0.009506170140013;4
4341228;5398519;8;0.0;0.0;0.0;0.0;0.0;0.0;0.0;0
4343392;5588622;56;0.0017195877391401;0.0168349439430833;1.0128362499754926e-05;0.0006570828864716;0.008996312574722;0.0240753284824571;0.0027190808910383;4
4343443;5588345;6;0.031323782918036;0.0407932822290785;0.0012613965546193;0.0035612204533422;0.01269272087737;0.0774832042705684;0.0044077712859819;0
4348200;5378344;61;0.0120532475641248;0.0216988217480908;0.0001652765581786;0.00165295379908;0.016514123668299;0.1043472829296393;0.0057634064202038;4
4349221;5383754;3;0.0121728750864505;0.0211489538720797;0.0067226169137812;0.0067603856155444;0.0134830025293254;0.0237779806206737;0.0063470649066096;0
4349227;5386120;5;9.560773457689589e-06;2.392121074095131e-05;-7.168652383593896e-06;5.9899412336014976e-06;2.392121074095131e-05;3.3802449720082245e-05;1.1709514605929485e-05;0
4349514;7383491;6;0.0092531243025948;0.0119613332990847;0.0009410835919037;0.0021101127979662;0.0051244867661204;0.0232435228364766;0.0021031523044461;0
4349817;5389675;3;0.005793236129789;0.0061555020571414;-0.0003876765008682;0.0003876765008683;0.0004639082214163;0.010049339027449;0.0003185698887892;0
4349823;5383480;35;0.0258518104885751;0.0330491348871117;-0.0004724864040525;0.0013268227881729;0.0161069195964423;0.1586717772236462;0.0071427669578756;4
4349823;5383618;35;0.024943911359455;0.0322375971111498;-0.0004614790677507;0.0013157043827532;0.0160833286777131;0.1533778415240174;0.0070666364675833;4
4349823;5383631;35;0.0240349379392969;0.0314252582120132;-0.0004504380735393;0.0013045636437116;0.0160597125559049;0.1480862343041916;0.0069914117300973;4
4349824;5383743;35;0.0231248902281007;0.0306121181897019;-0.0004393634214182;0.001293400571048;0.0160360712310177;0.1427979652129141;0.0069171416202044;4
4349841;5386107;35;0.0;0.0;0.0;0.0;0.0;0.0;0.0;4
4349842;5386038;35;0.0;0.0;0.0;0.0;0.0;0.0;0.0;4
4349865;5385832;35;0.0222137682258665;0.0297981770442159;-0.0004282551113875;0.0012829740272203;0.0160124047030516;0.1375142000089665;0.0068438768177272;4
4349869;5385998;35;0.0213016040318695;0.0289834347755553;-0.0004171090604066;0.0012751704644381;0.0159883250119587;0.1322363790010245;0.0067716177213277;4
4349870;5386047;35;0.020408161987007;0.0281855160935631;-0.0004060770820319;0.0012676912862665;0.0159597311049013;0.1270755418230311;0.0066995430132845;4
4349871;5386094;35;0.018577531456489;0.0265512248171937;-0.0003835628042791;0.0012538862279436;0.0159106445841461;0.1165575013582814;0.0065602428032077;4
4349873;5386200;35;0.0167250174013872;0.0248977065846316;-0.0003608247904041;0.0012397120635082;0.0158656087100707;0.1060015952410769;0.0064274432730026;4
4349877;5399108;8;0.0030588663765838;0.0036539803752514;2.561983057378988e-05;0.0003280570229564;0.0010467382558287;0.0087015029137244;0.0003284137784858;0
4349881;5386579;35;0.0158064983572167;0.0240781575769228;-0.0003494634954317;0.0012330805316785;0.0158409898404563;0.1008040586176959;0.0063625457005724;4
4349885;5391083;3;0.004418936435747;0.004693848956144;-0.0002959683280921;0.0002959683280922;0.000359135751178;0.0076654322940205;0.0002434848282019;0
4351978;7385637;10;0.0025301984916606;0.0034199193653075;-9.27117343724092e-05;0.0001494132201355;0.0008162779531476;0.0080973199094645;0.0003933885667115;0
4352370;7385847;45;0.0074841801634332;0.0211084122946437;-0.0001524846998103;0.0012890462237312;0.0180634069854875;0.0647070812410009;0.0060853622011927;4
4353696;5418853;8;0.0246414051694909;0.0389088362212788;0.0033567842498673;0.0056885766324969;0.0130445746123107;0.0745552773493754;0.0093601455038515;0
4354275;5326741;42;0.0002514317845703;0.0010650589634905;2.4986163532324344e-05;2.786565978623791e-05;0.0006689200188041;0.0030761313548597;0.0004025936902516;4
4359763;5246243;38;4.1414676807760505e-05;0.0002282948656484;5.244105127370472e-06;6.388011623413333e-06;0.0001025536073851;0.000550037971772;7.903448665940464e-05;4
4363192;6268409;60;0.0071331591732908;0.0213167027817416;-0.0001040296603826;0.0016246998911074;0.0141986899860772;0.063850052478487;0.0041310039417703;4
4364873;6527689;40;0.000847479804371;0.0022969248020607;-1.3498441929650164e-06;9.899879747343686e-05;0.0012256102711465;0.0057730730723497;0.0003390977715208;4
4365229;6269389;49;0.0222706414966883;0.0298720215225359;0.0004738526120062;0.0012099917908968;0.0223017251415112;0.1696962512878585;0.0095764651355471;4
4365306;6267917;7;0.0162625111497189;0.0219483317986845;0.0020227412606254;0.0025958497904502;0.0088737632383867;0.0447414492085189;0.0046370001850849;0
4365442;6269520;10;0.0;0.0;0.0;0.0;0.0;0.0;0.0;0
4365751;6474193;30;0.0017026902275613;0.0019227972144214;-1.514271459074156e-05;1.5292748797470225e-05;3.703072284637452e-05;0.0093538953433039;0.0001317494797579;4
4366153;6269874;39;0.010248598376747;0.0193018881280845;-1.5170855556264018e-05;0.0009878756456661;0.007738343600619;0.0664019199053359;0.0028324945438111;4
4367165;6269407;39;0.0075365810793035;0.0166292620933942;1.905502544124471e-05;0.0008677426188849;0.007605714530363;0.0491229773398352;0.0022524333422975;4
4367180;6269440;39;0.0008960235858278;0.0037682416918177;-7.8614941531244e-05;9.442465465326956e-05;0.0013517736580245;0.0093646613111789;0.0012024058050964;4
4367181;6269397;39;0.0;0.0;0.0;0.0;0.0;0.0;0.0;4
4367620;6270028;10;0.0061030553671624;0.0087111018513695;0.0006030479085749;0.0011421741897326;0.0044141332733709;0.0204651026390142;0.0021528487610347;0
4369953;6315630;62;0.0047890859190319;0.0235188414988637;-0.0001727959432625;0.0013033624381211;0.014881748934229;0.0588157607461547;0.0057323394817037;4
4369961;6276529;39;0.0006442684993182;0.0030866342367384;-6.31385503468901e-05;7.913534869798381e-05;0.0015228972297751;0.0073911864921917;0.000992813196634;4
4369970;6276523;39;0.000382232535936;0.0009925186565417;-1.1969429516519496e-05;4.41365875311881e-05;0.0006869902965659;0.003194763308536;0.0003400054995019;4
4370123;6276950;39;0.0009750395005989;0.0024332097907497;-3.130053339428675e-05;8.06826522307208e-05;0.001486227162033;0.0069756583284057;0.0005449636551808;4
4370134;6276951;39;0.0005764332680341;0.0008487159774379;1.207008633994912e-06;4.1116666572646815e-05;0.0006676767027021;0.0040264647059789;0.0002888385602288;4
4370256;6315613;39;0.0;0.0;0.0;0.0;0.0;0.0;0.0;4
4370351;6315652;42;0.0;0.0;0.0;0.0;0.0;0.0;0.0;4
4370360;6315638;42;0.0025562767835124;0.0141387024608501;-0.0001217071047384;0.0003083851504853;0.0059026092550735;0.0231042508642456;0.002484979957058;4
4370381;6315634;3;0.0108356664629175;0.0136017897091722;-0.0026858096380303;0.0026858096380297;0.0029267504627044;0.0191494347583487;0.0021958937798736;0
4370604;5902119;58;0.001742101900775;0.0024505829665662;2.0278813565318092e-05;0.0001232189608261;0.0015139584497041;0.0138543421978073;0.0005238697824227;4
4372319;6320939;39;0.0037501182939977;0.0044875923904327;-2.6451314865595427e-05;0.0001184265452945;0.0015752029635223;0.0237742501309875;0.0006552131724096;4
4377597;5635930;36;0.0072655800148139;0.0414980394651578;0.0007802771620489;0.0013966509951926;0.0129833654846178;0.0823172835948745;0.0116377542604747;4
4388011;7180196;42;0.0027151728556365;0.0063619756440333;0.0001809803041294;0.0003144471291302;0.0043320211001554;0.02368569343948;0.0024464804700671;4
4388160;7034477;9;0.0;0.0;0.0;0.0;0.0;0.0;0.0;0
4388355;6671520;30;0.0020411628137021;0.0612348844110641;-0.0003950637703939;0.0021115477383125;0.0612348844110641;0.0612348844110641;0.0109919981499803;4
4388732;6448913;50;0.019487970089739;0.026672973614805;0.0003364110176647;0.0014309274671499;0.0125725408471902;0.1455472411226461;0.0066256327810792;4
4391277;5665371;44;0.0075786712543498;0.0436933894394934;0.0005556988484391;0.0012767143600991;0.0129464518025356;0.0895352603365323;0.0111695278368752;4
4391327;7041380;35;0.0014057602638734;0.0055100605866675;-1.106013559461637e-05;0.0003349362655852;0.0053515436066282;0.0150308498042658;0.0021163363131088;4
4391464;6336651;17;0.0001456225498763;0.0001952233055937;-1.025017915436436e-05;1.126784583922268e-05;0.0001242778862984;0.0006482463596535;5.927135170086e-05;0
4393915;6230108;55;0.0030854646695409;0.0066053314460957;6.817266703396296e-05;0.0002663039428127;0.0039465867379494;0.0257210085579315;0.0015838113337652;4
4397166;6459856;55;9.79374495565805e-05;0.0020037546696333;-8.95851895014657e-06;7.703929751864715e-05;0.0020037546696333;0.0031208378890932;0.000409258380457;4
4400110;5687684;48;0.005372553816116;0.0443167565699901;0.0005600426157;0.0010963205573572;0.0129182755094435;0.0900527838603255;0.011835694445771;4
4400669;7280583;48;0.0;0.0;0.0;0.0;0.0;0.0;0.0;4
4404021;6921779;44;0.0;0.0;0.0;0.0;0.0;0.0;0.0;4
4405088;5204131;18;0.0;0.0;0.0;0.0;0.0;0.0;0.0;0
4405134;5204102;18;0.002828392877722;0.0040023422737298;0.0001790886608854;0.0001581625608267;0.0023584180018596;0.0128750278161216;0.0010997431112265;0
4405163;5204124;18;0.0;0.0;0.0;0.0;0.0;0.0;0.0;0
4409535;5320161;57;0.0053861480190469;0.0130376970279826;5.896067423633029e-05;0.0008746318814891;0.0128312804202921;0.0517804962747084;0.0042459808383089;4
4409755;6456379;44;0.0;0.0;0.0;0.0;0.0;0.0;0.0;4
4410098;6636413;43;0.0;0.0;0.0;0.0;0.0;0.0;0.0;4
4412277;6137754;9;1.9980907472638317e-06;2.1554666225993493e-06;-3.4432186780415725e-08;3.5553714081778354e-08;5.690913895704955e-08;6.000325919611827e-06;8.982169550682862e-08;0
4412366;7499860;40;0.076888104053409;0.1298977507997587;0.0035471763271226;0.0040975733520057;0.0460719334665706;0.556511399360001;0.0427883499975496;3
4412407;5720366;12;0.0258000258639275;0.0493526524131074;0.0043375181651592;0.0050662351334133;0.0128255448262888;0.1048700308689951;0.0158377906695557;0
4412514;6452865;44;0.0010177761139188;0.0013820164244665;-1.1183604203319536e-05;2.8889561175283625e-05;0.0003411546754753;0.0068271955302067;0.0001531782393804;4
4413078;6107688;49;0.0;0.0;0.0;0.0;0.0;0.0;0.0;4
4413151;5817571;35;0.00261823207912;0.0044424033897453;5.939463474352502e-06;0.0001496271885495;0.0020079358346751;0.0166037405287966;0.0010107186529953;4
4413810;6456024;61;0.0012335484699052;0.0039948673539692;-4.547053490608233e-06;0.0002386652974633;0.0039948673539692;0.0128755420168384;0.0010936435624533;4
4414231;5193564;55;0.0040680420680435;0.0110893934801747;0.0002040373743364;0.000290422294444;0.0053491285400182;0.0408593279631745;0.0037155485020183;4
4414314;6139113;9;0.002361879468332;0.0024069377285692;-1.1522735983755578e-05;1.3574345705532806e-05;2.58188914938136e-05;0.0070862407000464;3.079619860782253e-05;0
4414346;6139115;9;0.0;0.0;0.0;0.0;0.0;0.0;0.0;0
4414371;6138599;9;0.0007878481813182;0.0008029113169182;-3.85047649091312e-06;4.531521144087182e-06;8.618041904998193e-06;0.0023637460877097;1.028891477214074e-05;0
4414373;6138570;9;0.0;0.0;0.0;0.0;0.0;0.0;0.0;0
4414750;5407741;3;0.0027169666725462;0.0030128399555151;-0.0002772372437229;0.0004438099244532;0.0007210471681761;0.0047361119261645;0.0003082382617263;0
4414781;6455723;11;0.0023834755067459;0.0025019543487411;-1.6177983446325695e-05;2.0337482927788127e-05;5.754660517279936e-05;0.0079071694751767;5.462159523700588e-05;0
4414838;5407749;3;0.0007493664679139;0.0007547888531089;-5.681760445362377e-06;5.681760445361739e-06;6.459886196575758e-06;0.0012979658231857;4.653617110739035e-06;0
4414895;6456170;11;0.0031311506431362;0.0032875734456865;-2.2066553615174515e-05;2.744681789771529e-05;7.460626840682244e-05;0.0103877309881072;7.3736158111891e-05;0
4414974;5407564;3;0.0;0.0;0.0;0.0;0.0;0.0;0.0;0
4415002;5407436;55;0.019860757338914;0.0340379121303374;1.863644710289612e-05;0.0018335266434409;0.0182599765066623;0.1708133673279713;0.0116638321659758;4
4415801;5816457;60;0.0008931612195617;0.0035682572774303;-4.55503809142108e-05;0.0002492166523627;0.0034694103707239;0.0118772480901117;0.0012463600626512;4
4416779;6458216;52;1.228119692098581e-07;1.6384390918459804e-06;1.307449527396521e-08;3.3680014877209646e-08;1.6384390918459804e-06;3.193630861019314e-06;4.25508147075407e-07;4
4417625;5318995;38;0.0071462176874125;0.0125587699023874;0.0002843067347005;0.0003298320198185;0.0053255067355614;0.0491391009859956;0.0035320003678701;4
4417629;5319107;38;0.0;0.0;0.0;0.0;0.0;0.0;0.0;4
4417764;5319413;47;0.0087830780255375;0.016551807725716;0.0003125517797533;0.000582963352269;0.0052801336368899;0.0679796739786525;0.0046023594155326;4
4418327;7260772;5;0.0009490291253552;0.0009567926668126;-9.995947484722964e-07;7.442865791778061e-06;1.1085622999165256e-05;0.0021221227894257;4.974525860764894e-06;0
4418418;6394389;4;0.00352198401066;0.0035665542151303;-2.770615666347093e-05;2.99519323224338e-05;4.189619864403962e-05;0.007044256604541;3.1881127800393615e-05;0
4418891;6383341;57;0.0062921590268504;0.0256769374416433;-0.0002930707358377;0.0013217056295283;0.0153502736877144;0.0665528406999413;0.0061737680605601;4
4419117;5660359;60;0.0037400298506342;0.0073962185530496;-4.751450094946965e-05;0.0006091222115823;0.0064812592160762;0.0333676179703647;0.002137477220144;4
4421125;6472469;32;0.0;0.0;0.0;0.0;0.0;0.0;0.0;4
4421756;6763717;11;0.0006069274592594;0.0006381942787531;-4.101073357107298e-06;5.372398922485859e-06;1.4730569651454604e-05;0.0020134949174588;1.4114575956238788e-05;0
4422290;6688379;29;0.0722543778792764;0.0971187628874457;0.0014186055145992;0.0026452860818546;0.021367957973116;0.3962134478445795;0.0138774658498174;3
4422311;6688368;29;0.0;0.0;0.0;0.0;0.0;0.0;0.0;4
4422314;6688403;29;0.0;0.0;0.0;0.0;0.0;0.0;0.0;4
4423510;6389733;4;0.002780190403115;0.0028154937354281;-2.2039545932265723e-05;2.4080595321197395e-05;3.592096360331134e-05;0.0055606162928722;2.5587332137470577e-05;0
4424477;5696845;33;0.0019973724184869;0.0029326114226571;-8.671167755321104e-05;0.0001160496594889;0.0024289352317774;0.0127897905926594;0.0009835827571552;4
4425491;5183509;12;0.0050939681391769;0.0055486485241976;0.0001266297816875;0.0001623238654114;0.0007407804739872;0.017755694375142;0.0005688105944315;0
4425831;6681724;29;0.072350914796146;0.0971977065229234;0.0014139372604545;0.0026420518305058;0.0213559507837821;0.3966866372705183;0.0138405911096303;3
4426667;6769675;61;0.0098508773860271;0.0770144007265845;-0.0001615946692056;0.0030210611727656;0.0513650267783483;0.1774993635637581;0.020480537408017;3
4428015;7226907;55;0.0102060643837714;0.0261178328622984;-6.73754966263327e-05;0.0012370377548311;0.0175329654491319;0.0843255859403431;0.0050123450923591;4
4428300;6683535;48;0.0626422111751038;0.0994603462418512;0.0014961450395727;0.0050137561523023;0.0471408558335331;0.4697051149293254;0.0259280483531139;3
4429528;7502947;36;0.0;0.0;0.0;0.0;0.0;0.0;0.0;4
4429942;7228744;16;0.0;0.0;0.0;0.0;0.0;0.0;0.0;0
4429948;7228739;16;0.0;0.0;0.0;0.0;0.0;0.0;0.0;0
4431144;5695010;61;0.0026041391085654;0.0060122027335142;-2.039400421831036e-05;0.0003286879570406;0.0047508947676139;0.0242818803674866;0.0016982910594474;4
4432020;6452796;4;0.000760477496411;0.0007707217488043;-6.159660099701594e-06;6.3961966587971954e-06;8.87879426450576e-06;0.0015210187391222;6.962660603239093e-06;0
4435281;7498705;8;0.0014531177071767;0.0014854139722322;-1.1158254917976992e-05;1.0842785724797316e-05;2.787368720133629e-05;0.0041107107546147;2.6301950549228014e-05;0
4435576;7499016;47;0.0028536379245447;0.0178593083455617;8.126219738443441e-05;0.0010258663844073;0.0167883400336697;0.0268651825864162;0.0026856803622913;4
4438895;6446967;32;0.0031172338797289;0.0035515007568117;-1.313993994797068e-05;6.638925594496348e-05;0.0012309091901361;0.0177178320834527;0.0003047984881277;4
4442234;6446156;57;0.0032565896704119;0.0053991762180512;0.0001038339862824;0.0001525624800031;0.0050801557650872;0.0298100903852102;0.0022326722276258;4
4442337;8421628;34;0.0;0.0;0.0;0.0;0.0;0.0;0.0;4
4445751;5558183;31;9.283263985762856e-05;0.0001327135699896;-1.7534392498017025e-06;5.042964118577291e-06;3.625310742607775e-05;0.000529651462527;2.0772036138893683e-05;4
4446092;5839830;37;0.0001052062341273;0.0007887910731937;1.475233779641503e-05;2.2521357022080756e-05;0.0007887910731937;0.0017409315658368;0.0002661697133894;4
4447122;5160077;9;0.0007016990942538;0.0007989476570731;4.939153876319472e-05;0.0001024922535513;0.0007913729724517;0.0022306754587426;0.000245962606089;0
4449648;7249282;30;3.202859037238092e-05;4.43985987802225e-05;-1.4952621107221994e-06;2.0230987028678487e-06;1.8058691284971048e-05;0.0001949719495749;1.5533987558258543e-05;4
4451525;6238685;43;0.0;0.0;0.0;0.0;0.0;0.0;0.0;4
4451549;7244002;16;0.0;0.0;0.0;0.0;0.0;0.0;0.0;0
4451557;7244004;16;0.0;0.0;0.0;0.0;0.0;0.0;0.0;0
4452278;5163476;8;9.232620893285491e-06;9.832527475768964e-06;-1.5085997420164977e-07;1.5728884228929445e-07;2.655759817995649e-07;2.613244781017447e-05;3.490200707763274e-07;0
4453687;5164484;9;0.0046206523075604;0.0047586353355477;3.0279408909766933e-05;0.0001147687442584;0.0007492347116769;0.0138783644609993;0.000224882780837;0
4453713;5164133;9;0.0038380525361377;0.0039679348800959;3.40859654942123e-05;0.0001123297095238;0.0007577051148498;0.0115345163813464;0.0002283376447687;0
4453840;5162097;41;0.0020413370081449;0.0043386222253287;7.781907581973048e-05;0.0001784808619465;0.0026771951730433;0.0151482327955517;0.0011957203035227;4
4454942;5777274;71;0.0099230280874383;0.0873637363310113;-7.248504623145386e-06;0.0029629755941165;0.0811257702026762;0.2031976766306067;0.0219789192380508;3
4456059;5173516;6;0.0;0.0;0.0;0.0;0.0;0.0;0.0;0
4456061;5173463;18;0.0015151908087752;0.0017931281144122;-8.043221726816953e-06;0.0001070119700615;0.0008688148837167;0.0065643746184452;0.0003132763037945;0
4456071;5173492;18;0.0;0.0;0.0;0.0;0.0;0.0;0.0;0
4458877;5172866;15;0.0;0.0;0.0;0.0;0.0;0.0;0.0;0
4459105;5323233;11;0.0;0.0;0.0;0.0;0.0;0.0;0.0;0
4459119;5721164;58;0.0087071848336531;0.0820243935893789;-0.0001742233250282;0.003004331117226;0.0809929188752448;0.18694755550886;0.0229512656786253;3
4460671;5995446;38;0.0;0.0;0.0;0.0;0.0;0.0;0.0;4
4460672;6457103;62;0.080097248159268;0.1276725528888589;0.0006630624135054;0.0059449327231629;0.0774525592397784;0.6586946834937281;0.0241345014638346;3
4462762;5718327;47;0.0;0.0;0.0;0.0;0.0;0.0;0.0;4
4467078;7534618;8;0.0;0.0;0.0;0.0;0.0;0.0;0.0;0
4467085;7534607;8;0.0;0.0;0.0;0.0;0.0;0.0;0.0;0
4468389;7540936;40;1.700529725718349e-06;2.8248252421863925e-06;3.1184506795940825e-08;1.0488341177996202e-07;2.8248252421863925e-06;1.2196114372140458e-05;9.09301268231026e-07;4
4469834;7537331;32;0.0386893975180517;0.0434978005427482;6.952869053219917e-05;0.0007015487953498;0.0115122283273724;0.2197123134436455;0.0034172234198804;4
4470439;7537715;16;0.0;0.0;0.0;0.0;0.0;0.0;0.0;0
4470440;7537723;32;0.0008602349692911;0.0009892537998136;-7.495375407775186e-06;7.686634310198105e-06;1.8438745729020814e-05;0.004882147297546;6.964816903894663e-05;4
4470494;5493537;59;0.0393404509681928;0.0689724731680951;0.0004105274389417;0.0031550084937798;0.0263194952094309;0.3391575659972729;0.0200487797983362;3
4470937;7736590;32;0.0344231823655549;0.0389109319709869;0.0001067811733634;0.0006737605683407;0.0116006181504695;0.1957367477917557;0.0035102481330624;4
4471652;7911354;26;0.0104543264304187;0.0113186827823713;-5.121211582637819e-05;0.0001115719269194;0.0006930942619856;0.0533538189636431;0.0004391218968522;0
4472884;5759872;14;0.0;0.0;0.0;0.0;0.0;0.0;0.0;0
4472902;5760807;28;0.0;0.0;0.0;0.0;0.0;0.0;0.0;0
4473632;5494361;14;0.0;0.0;0.0;0.0;0.0;0.0;0.0;0
4473641;5494306;14;0.0059687624706114;0.006781507740497;4.710792253479798e-05;0.0003890435130234;0.0015825293153463;0.0224225151351636;0.0005347515416752;0
4473680;5800426;30;0.0004579732338127;0.0019390093424995;-3.99827942849937e-05;6.783476874741714e-05;0.0013970290463358;0.0035480040488702;0.0004581174610706;4
4473696;5494324;14;0.0;0.0;0.0;0.0;0.0;0.0;0.0;0
4474222;7624640;32;1.7267280763610168e-05;2.121266386166186e-05;-1.0831618979614465e-07;4.925239103797096e-07;6.023390324110432e-06;9.83919120054458e-05;2.090759648641921e-06;4
4474361;5494647;3;0.0;0.0;0.0;0.0;0.0;0.0;0.0;0
4475657;8134831;57;2.3786424240388662e-06;6.251361903843338e-06;6.659854047787195e-08;1.860204586063381e-07;6.251361903843338e-06;2.29151670863e-05;1.8853186945034063e-06;4
4475836;8134897;37;0.0035993811310261;0.0056716743352913;0.0001575418609625;0.0001876031737165;0.0056620544620508;0.0261517869322112;0.00235131252749;4
4475848;8134846;37;0.0017976897879788;0.0028336172377066;7.880566476317303e-05;9.374532225829216e-05;0.002831085692117;0.0130666193288171;0.0011759304935965;4
4476430;5194888;5;0.0;0.0;0.0;0.0;0.0;0.0;0.0;0
4476960;7003772;66;0.1058514960564814;0.2740943267259056;-0.0014253434867228;0.0184156409494851;0.1963569896803205;0.9859526634936632;0.059365721450733;1
4477518;5195282;14;0.0;0.0;0.0;0.0;0.0;0.0;0.0;0
4478825;5710586;61;0.030041816522567;0.0845437551724337;-0.0002631187330056;0.0041378163655422;0.0616417121462886;0.3206072873879324;0.0279741911463188;3
4479783;7625215;16;0.0;0.0;0.0;0.0;0.0;0.0;0.0;0
4479878;7799004;46;0.0234908685551658;0.0382651790176168;0.0009723652897913;0.0010849008354545;0.0277940205229203;0.1921032020995769;0.0158250479805654;4
4481401;7433523;50;0.0;0.0;0.0;0.0;0.0;0.0;0.0;4
4481998;8095960;37;0.0067521380996793;0.0103808857125802;0.0003106317401158;0.0003614483789089;0.0103808857125802;0.0490359024450913;0.0044040493610849;4
4482436;7685154;32;0.0008619354990168;0.0009915136600074;-7.526422720060395e-06;7.717352887501775e-06;1.8506848568279932e-05;0.0048918669763547;6.993585709814002e-05;4
4484531;7684746;32;5.1801842290830495e-05;6.363799158498558e-05;-3.249485693884342e-07;1.477571731139128e-06;1.807017097233129e-05;0.0002951757360163;6.2722789459257615e-06;4
4484562;5957999;58;0.0005996151578701;0.0011804107790904;1.8720400556841643e-05;2.854647924230501e-05;0.0011804107790904;0.0056811893265184;0.0004437824992661;4
4484567;7684298;32;0.0369891707872531;0.0416705515440599;8.435679236145414e-05;0.0006905665175166;0.0115487031917417;0.2101509156951604;0.0034507571207259;4
4484770;5856674;51;0.0005823492327556;0.0011515621645958;9.696756678075083e-06;4.608427986947425e-05;0.0011350687113978;0.0052758072549319;0.0004545732779804;4
4484890;6989708;4;0.0;0.0;0.0;0.0;0.0;0.0;0.0;0
4484891;6989672;4;0.0;0.0;0.0;0.0;0.0;0.0;0.0;0
4486183;6427931;39;0.064857987823836;0.0911475357131375;-0.0004269242577634;0.001727009792418;0.0156940174749696;0.4098050580200024;0.0099799809632669;3
4486202;6427977;39;0.0;0.0;0.0;0.0;0.0;0.0;0.0;4
4486460;5634524;55;0.0004420581276154;0.0023178427711264;8.810865806057296e-06;0.000129064856489;0.0023014224790136;0.0061523979219252;0.0007019991432164;4
4492412;5762057;15;0.0639801799535562;0.0922420727931431;0.0008617306267;0.0117640176900578;0.0871140395368665;0.261666601556262;0.0217063108590748;3
4492526;8220941;38;0.0029279980722934;0.0047343705832643;0.000133176479709;0.0001526303770935;0.004718168691491;0.0218265110287743;0.0019908740520166;4
4492613;8220946;38;0.0005836120015469;0.0009447035184902;2.6671192606014e-05;3.045702778757333e-05;0.0009436909002544;0.0043562266950627;0.0003984773064096;4
4492712;8220737;49;3.677485754726128e-06;1.0853992098293752e-05;-1.1933283455019616e-07;2.650037715116137e-07;1.3007038564809196e-06;2.931479684051203e-05;2.0034976633532136e-06;4
4492734;5762160;35;0.029083749838722;0.0783578491310118;0.0016474226222764;0.0063882504676425;0.0749527981067068;0.2256297993666018;0.0246712954656477;3
4494734;5134382;52;0.0;0.0;0.0;0.0;0.0;0.0;0.0;4
4495740;7149059;13;6.985678014040931e-05;9.406753672866972e-05;7.1355005823448605e-06;8.559321133861977e-06;9.406753672866972e-05;0.0002872738546611;3.831715930258628e-05;0
4496175;7014395;5;0.002540280501021;0.0026241068881561;-3.950547982417155e-05;3.757106343093739e-05;8.59371642312444e-05;0.0056817366329923;5.831988914601633e-05;0
4496361;7012791;34;0.0016352691586223;0.0019736345093299;-1.2385279554291927e-05;7.972721910081262e-05;0.0006884727655176;0.0097081510559944;0.000312890669084;4
4502462;6562800;37;0.0;0.0;0.0;0.0;0.0;0.0;0.0;4
4502856;6561064;37;0.0009080342804696;0.0011515621645958;-9.11500130133075e-06;1.1149901945233064e-05;4.9474173760820925e-05;0.0055572063625848;0.0001006829569779;4
4503436;7010313;7;0.0;0.0;0.0;0.0;0.0;0.0;0.0;0
4503930;6513075;51;0.0006678100947701;0.0042522547237749;-3.858810363825378e-05;0.0002969428993762;0.0042522547237749;0.0086104785150153;0.0010038734179345;4
4504204;6513296;8;0.0002161977393604;0.0002240411617693;-3.432279253710403e-07;4.846837562635064e-06;1.3050253621827904e-05;0.000611597512553;3.870034310112654e-06;0
4506806;5435323;43;0.0138943279456635;0.022480337517579;-0.0002341095105953;0.0013678228275558;0.0129184113746565;0.0982091331203627;0.0055902382081008;4
4514143;8411029;42;0.0;0.0;0.0;0.0;0.0;0.0;0.0;4
4515730;8412109;7;0.0;0.0;0.0;0.0;0.0;0.0;0.0;0
4517116;8423125;42;0.0;0.0;0.0;0.0;0.0;0.0;0.0;4
4520741;6930631;33;0.0;0.0;0.0;0.0;0.0;0.0;0.0;4
4525877;8121522;8;0.0;0.0;0.0;0.0;0.0;0.0;0.0;0
4526544;5507324;8;0.0061203528934108;0.0078424512080349;0.0007365086549815;0.0014537466667382;0.005059384795284;0.0185431563557636;0.0023499705135182;0
4538423;7145041;46;0.0001399618963419;0.000670137131655;1.425716294988788e-05;1.5897120362933295e-05;0.000670137131655;0.0020362704910401;0.000265612017678;4
4539751;8394753;57;0.001566455563228;0.003791640335831;8.62950371584693e-05;8.151171266876745e-05;0.0037744258258217;0.0174786010533512;0.0017046678020916;4
4540910;5818987;59;0.0124362152604517;0.0911098005999592;-1.712360775399576e-05;0.0032005602262169;0.0883734901894769;0.2145446780242902;0.025010001835975;3
4545401;8397749;50;0.0;0.0;0.0;0.0;0.0;0.0;0.0;4
4547794;7262613;45;0.0007401620002149;0.0014226765823918;2.64238844787618e-05;4.662728551857888e-05;0.0010762068120558;0.0058126529341372;0.0004505340963157;4
4548607;5523032;43;0.0032740734483856;0.0090216765502236;9.097024030919384e-05;0.0003501102872557;0.0050628140852505;0.0260644135925018;0.0022537447249625;4
4548652;5523027;43;0.0;0.0;0.0;0.0;0.0;0.0;0.0;4
4549399;6721266;32;0.0063549607157895;0.0301334130369806;-0.0002853975122158;0.0011253503349179;0.0270827259897309;0.0549149604625779;0.0073385030409631;4
4563957;7268063;57;0.000751431615239;0.0012801592675544;1.1688531320773837e-05;4.328812219949106e-05;0.0012547605793105;0.0064548760263589;0.0004078270314032;4
4569645;5379064;48;0.0140068582070074;0.0214166247084628;-0.0001539533504277;0.0014588915793411;0.0128872821218809;0.1042105154734788;0.0054821905737085;4
4570522;7265693;12;0.0041978195528598;0.0068547164088565;-0.0003733073830866;0.0004118267065378;0.0011066525397312;0.0152734349556259;0.0013483801196023;0
4571895;5536985;47;0.0020622170164623;0.0096642442011026;0.0001449940849834;0.0003245420594742;0.0050647815479312;0.0243440729018407;0.0028907598624471;4
4577503;6690856;32;0.0009160983454817;0.0010712816767814;3.6930999559556723e-07;4.384634003392036e-05;0.0008569504805043;0.0052808188784367;0.000179538497946;4
4583479;7218911;52;0.082718327994731;0.1697275899786447;0.0008747010932663;0.0128944330536331;0.1190743078925204;0.688335541951565;0.0476374701883263;1
4599835;6492232;40;0.0966648752342018;0.1502918241941684;0.0038786790537175;0.0051188842634524;0.0451753345372074;0.6965209065722037;0.0527677574685556;1
4608805;7033239;66;0.0029428234348617;0.0209933435739887;-0.0001069125430285;0.0009564421654282;0.0209933435739887;0.0394437926975458;0.0038616979654269;4
4613031;6490845;58;3.5983587890119377e-07;3.617997366097917e-06;-2.0920066027649193e-08;1.269472760034357e-07;3.617997366097917e-06;7.285219161007301e-06;8.863375860978029e-07;4
4615163;5416058;4;0.0002676456243179;0.0002691976957438;4.633631732816887e-07;1.688814778232203e-06;1.97334585934285e-06;0.0005352960870031;1.1379690933349267e-06;0
4620003;6445217;49;0.0002561333146072;0.0013143451383673;-1.9697607394111764e-05;8.28869248707932e-05;0.0013143451383673;0.0034577333972677;0.0004223672543267;4
4620162;5417860;47;0.0016426380432784;0.003764822416364;-4.005401427815021e-05;0.000229682871178;0.0026493517549424;0.0141916531164735;0.0012597265013934;4
4622774;5583070;50;0.0021129772746323;0.0109968285961651;0.0001938446753552;0.0004036317022885;0.0058476041680416;0.0300494955860439;0.0036871087231597;4
4626818;7365265;35;0.1255680407907422;0.1853273456210621;0.0003637295217817;0.0109281099721029;0.0920930239181727;0.7783330631304372;0.0392594690238151;1
4632270;7366586;34;2.775701775871813e-06;1.8296169239565462e-05;-2.8577742370667205e-07;5.56540776584369e-07;1.4101708358948598e-05;3.357797308708347e-05;5.045459766799233e-06;4
4649136;6625054;38;0.0002547509084894;0.000373007479036;7.438533669140292e-06;1.2919516740677631e-05;0.0002472717786748;0.0017646630412086;0.0001305767252485;4
4654896;6016303;43;0.0167666920264865;0.0918707925552978;-0.0008797557270616;0.0043898025532496;0.0914680262383502;0.2166324452628406;0.0284651447390233;3
4661146;5059883;40;0.0;0.0;0.0;0.0;0.0;0.0;0.0;4
4662344;5225033;7;0.0;0.0;0.0;0.0;0.0;0.0;0.0;0
4662486;7177660;9;0.0009266655755384;0.000953075491626;-6.427742197885914e-06;6.79426198529647e-06;1.15495291072847e-05;0.0027804499447056;1.673351600397205e-05;0
4665698;7179206;50;0.0009555972090004;0.0045447937144049;1.807883662364109e-05;0.0002705181334576;0.0045447937144049;0.0086543435294892;0.0007647138109638;4
4665757;6075674;42;0.0179626867874803;0.0928712412460739;-0.0010074822092645;0.0045329705894174;0.0915057651959344;0.2196587125929078;0.0287428289689125;3
4666280;5331323;58;0.0090008679445234;0.0202487398070501;-7.314534805703581e-05;0.0009708838888742;0.0067095128986339;0.0841132681012934;0.0064006137810538;4
4666847;5333552;41;0.0;0.0;0.0;0.0;0.0;0.0;0.0;4
4666858;5333568;41;0.0012107480347893;0.001806215254851;1.477404575160476e-05;4.799444394174935e-05;0.0007455260193832;0.008002690836071;0.0003100242974011;4
4668151;6733055;61;0.0096620400455699;0.0571985809446093;-3.241582206548708e-05;0.0033744081230668;0.0463664583522994;0.1324477066201443;0.0139364711415071;4
4677745;5337919;11;0.0132964278346861;0.0159827091242362;0.0005842111085008;0.0006980572433274;0.0045322048135757;0.0446776605818733;0.0021605645364093;0
4678386;5329345;45;0.0030748752780777;0.0045728142079058;2.848391689323327e-05;0.000220600387825;0.0029310561180347;0.0219661559684743;0.0011258912432509;4
4680379;5061969;5;0.0007807786598022;0.0007911129981358;-5.708215649282021e-06;5.529207037095144e-06;8.618041904998193e-06;0.001745969258932;8.149541372434637e-06;0
4683502;7214128;43;0.0;0.0;0.0;0.0;0.0;0.0;0.0;4
4684807;5264765;45;0.0009252100047245;0.003817227135773;6.018786011942008e-05;0.0001395528217165;0.0015871016523415;0.009765526256997;0.0011239305355975;4
4685393;7816075;51;0.0149713346534617;0.0268166309891238;0.0006155613985616;0.0006762642066383;0.0268009582456523;0.1352283229531814;0.0115940446191109;4
4687686;7026096;37;0.0009526226623994;0.0017988284230149;3.433870030962012e-05;6.621384153007983e-05;0.0005588719911381;0.0063708800869044;0.0004353000026632;4
4688074;5739078;71;0.01939293299266;0.0933300924237952;-8.256684577614317e-05;0.0049086096564246;0.0881175704744198;0.2777907042575539;0.0266605104443288;3
4696938;6888636;42;0.0;0.0;0.0;0.0;0.0;0.0;0.0;4
4696952;6888663;42;0.0992058889784055;0.1773761134653636;-0.0011083624049073;0.0144461018033461;0.1476800625256407;0.7356753872545878;0.0551755471797078;1
4697021;6888360;42;0.0;0.0;0.0;0.0;0.0;0.0;0.0;4
4697027;6888375;42;0.0012715118244902;0.0032142754187206;-3.442491384000716e-05;7.697425559640595e-05;0.0005552362746981;0.0089118650058658;0.0005236811200392;4
4697286;6888989;56;0.0005303044084866;0.0022438455369822;4.190273125051891e-05;5.917542563357004e-05;0.0019367164186653;0.0078494676468147;0.0009050026387235;4
4697640;5386593;49;0.000950962206878;0.002849734542294;-2.280239103930149e-05;0.0001590022347449;0.0026440304535464;0.0093587888318768;0.0009397655110593;4
4698837;5723827;45;0.0326150179328175;0.1014994993952231;-0.0011828100818885;0.0061989171785659;0.0879199689439086;0.2831316089280361;0.0267893989024962;3
4700958;5724973;45;0.0;0.0;0.0;0.0;0.0;0.0;0.0;4
4701038;5724927;45;0.0019078314205108;0.0025591610674167;-2.0268113670047397e-05;5.237486896153404e-05;0.0006319817631297;0.0129375500170089;0.0002823814454726;4
4701051;5724914;45;0.0;0.0;0.0;0.0;0.0;0.0;0.0;4
4701079;5724956;45;0.0;0.0;0.0;0.0;0.0;0.0;0.0;4
4701351;5729753;32;0.0246345808464145;0.0663937775746116;-5.1966520940226215e-05;0.0040781570901773;0.0533006359410646;0.1469651919221035;0.008252206684782;3
4702694;5710948;16;0.0076199380237772;0.0124737651624078;0.0007587931205644;0.0014211648091115;0.0066543847211266;0.0345061139095203;0.0040439508014864;0
4703346;5728171;32;0.0238655336228666;0.0656335028101396;-4.368026882894629e-05;0.0040852720906281;0.0533057663782062;0.1428590264840899;0.0082588271046957;3
4703358;5728179;32;0.0;0.0;0.0;0.0;0.0;0.0;0.0;4
4703362;5728156;32;0.0;0.0;0.0;0.0;0.0;0.0;0.0;4
4703382;5728195;32;0.0254570986938975;0.0672632719093126;-5.989109673507427e-05;0.0040760684147475;0.0532947624018749;0.1513840187379477;0.0082520398313545;3
4705077;5716649;16;0.0024038143396979;0.0026438406701084;-2.639985039779296e-05;2.7499040754374656e-05;7.096458973876365e-05;0.0096284667606453;0.0001260451518926;0
4705447;5716289;16;0.0015871741409663;0.0017631291063443;-1.852526073620873e-05;2.000538330174109e-05;6.4790676673254e-05;0.006358637318345;8.885398352510611e-05;0
4716403;5738869;34;0.0662615563726571;0.0939922446786429;0.0005895678511253;0.0051313294385816;0.053288906681984;0.4136810096053339;0.0253515208434479;3
4718143;7368340;57;2.6071000433814664e-07;6.534346156987667e-07;9.28184736916732e-09;1.776838832869071e-08;6.534346156987667e-07;2.5961799334696672e-06;2.2422877510369787e-07;4
4719939;6226386;62;0.0765656286213943;0.1922651281281807;0.0006137051645855;0.0075192431624912;0.1383058654295409;0.7475716158079188;0.0561393715873684;1
4727788;5678011;45;0.0008993221046575;0.0012801592675544;-3.144680895898801e-06;5.058728376107788e-05;0.0011638471932896;0.0062306299385916;0.0002321703529269;4
4731100;5285915;52;0.001926300316711;0.0046405682958844;-6.112027450189478e-05;0.0002627671100342;0.0030397127837389;0.0173085820414975;0.001432011099004;4
4739139;5304471;4;0.0;0.0;0.0;0.0;0.0;0.0;0.0;0
4753084;6113554;43;0.0183561218492011;0.0938771145230897;-0.00088689402698;0.004461275225761;0.0915426773778545;0.222794270270402;0.028590353253381;3
4758949;5232546;7;0.0016748613135496;0.0022963859674726;7.257040406563983e-05;0.0001315691290067;0.000748419947895;0.0044819695575207;0.000254088898157;0
4768295;5884524;28;0.0;0.0;0.0;0.0;0.0;0.0;0.0;0
4797409;5248536;61;0.0010148558105407;0.0034833217512161;-1.7191204256558148e-05;0.0001720863644671;0.001756785534909;0.0113656964430548;0.0010429559532703;4
4803579;5747288;46;0.0391491906193466;0.1019891082290165;-0.0013796647159756;0.00776968478733;0.087821446243395;0.3355556848033469;0.0302508705591389;3
4812582;6307502;38;0.0541398450494675;0.1617235049753647;-0.0024973947263479;0.0061760256894617;0.139946841670564;0.4629177748899771;0.0520400147340673;3
4814034;6826656;38;0.0;0.0;0.0;0.0;0.0;0.0;0.0;4
4814041;6826627;38;0.0125299531102223;0.0516575598196247;-0.0007169138080506;0.0022401677655671;0.0268363887534048;0.1059146347711232;0.0117562081145221;4
4819935;7815042;52;0.0141603993024963;0.0258381115252304;0.0005913608567545;0.000640204736436;0.025807971633939;0.1303702993536628;0.0112399833325604;4
4820705;6574794;46;0.0;0.0;0.0;0.0;0.0;0.0;0.0;4
4823754;6817188;38;0.0;0.0;0.0;0.0;0.0;0.0;0.0;4
4826205;5755430;8;0.0;0.0;0.0;0.0;0.0;0.0;0.0;0
4828089;5191040;42;0.0004674756475499;0.0015461001665846;3.148166514176117e-05;4.575913155947128e-05;0.0009133579760422;0.0042077855270778;0.0004505830307103;4
4828960;7089833;66;0.0013395778037689;0.0068344960064705;1.5213003963306605e-05;0.0003090410305746;0.0068344960064705;0.0132037388549504;0.0009203407311607;4
4832635;5387981;37;0.000531683492704;0.0018746726215091;-4.084083607163706e-05;9.266020928089708e-05;0.0017710082252421;0.0047969608176239;0.0005824320314945;4
4836096;5791653;47;0.0405924265515806;0.1030643957150546;-0.0013774517246859;0.0076922313549714;0.0877837072858108;0.3471825303711734;0.0302794396950934;3
4846555;7029504;40;0.0;0.0;0.0;0.0;0.0;0.0;0.0;4
4852235;7032442;53;0.003392074932948;0.0190340543801865;-0.0002291803244895;0.0007534625392915;0.0183485983645067;0.0471858431704491;0.0055229822766896;4
4856515;5174812;22;3.688836945791052e-05;0.0007649422566825;9.404716986343394e-06;3.648410473606586e-05;0.0007586007326367;0.0007651288065674;0.0001589004192184;0
4863568;6049479;49;0.0289919474078962;0.1458235039524268;-0.0005304646077365;0.0062991563064819;0.0972985808456681;0.3524226618680158;0.0411606149394596;3
4864833;7049596;51;0.0585545927405746;0.2170390818966265;0.0002755413306879;0.0110353231398816;0.1195018823166697;0.5377215486818769;0.0473377118318199;1
4866417;6050952;36;0.0578179629245406;0.1528324055120008;-0.001667561456793;0.0079147989940328;0.0999594779533459;0.4260540228192654;0.0412233160284426;3
4878122;6414231;55;0.0475254022304608;0.1672403886733547;0.0001891417772971;0.0070567288260295;0.139970885743052;0.5162743339458363;0.050867506282503;3
4879766;5926668;31;0.0007795530909756;0.0009612000177264;9.08433500609645e-06;3.852469625624287e-05;0.0009612000177264;0.0045784298533623;0.0002617081760047;4
4880460;6151141;41;0.0009328949211411;0.0012801592675544;-9.9314300395335e-06;2.155990490809403e-05;0.0003159091701387;0.0060290176385476;0.0001275513666389;4
4883473;7032728;59;0.0021906843198328;0.0188797562881417;-8.778644855529107e-05;0.0009503605587776;0.0184120753607769;0.0347923355944234;0.0039645886925282;4
4887996;6680652;29;0.0;0.0;0.0;0.0;0.0;0.0;0.0;4
4888191;7001337;23;0.0554142791512687;0.1178947438253381;0.005258212908186;0.0049832487013224;0.0804614867235586;0.333256703433479;0.0419279696543295;3
4889759;7028172;9;0.0015293596670271;0.0017539535398783;-4.4193570312830383e-05;5.020376117724926e-05;7.506609967597097e-05;0.0046020465373015;0.0001194261330632;0
4889876;7027874;10;0.0003906109672065;0.0004054664621675;-3.094597260746587e-06;6.51649393634636e-06;1.62869134182582e-05;0.0012356301810147;1.00631367581371e-05;0
4890175;7027896;9;0.0;0.0;0.0;0.0;0.0;0.0;0.0;0
4891113;6847046;57;0.122694166715437;0.2583732057416268;-0.001056920294335;0.0221831750630674;0.1941600118644379;1.0270210516619716;0.0587445112680744;1
4891292;6846552;9;0.0310729171570137;0.0318282426007597;7.464276838837842e-05;0.0005885413628908;0.0025879008874511;0.0932421946557229;0.0006969168925422;0
4891720;6846506;29;0.0;0.0;0.0;0.0;0.0;0.0;0.0;4
4891779;6846525;29;0.0154691667152855;0.0528990151276211;-0.001210761023354;0.0028795079122899;0.0268271191241535;0.1090565988325669;0.0130698169021734;4
4899248;5979734;20;0.0006743813014286;0.0010575790905052;3.0973407152668e-05;4.928399906880325e-05;0.0006518102025243;0.0032029787378313;0.000241171101157;0
4901117;7029076;46;0.0177968935194987;0.0545259880433587;-0.0003255318435724;0.0037045558361308;0.0326723968393222;0.140260641176456;0.0105330682096177;4
4902588;5207850;53;0.001796487633147;0.0058538947746812;4.935500668834948e-05;0.0003008051832292;0.004864718780204;0.0190886768132159;0.0019098902874187;4
4905967;5358878;25;0.0095596537543523;0.0140709823226523;0.0001243523477454;0.0009366228576459;0.0078679960280952;0.0520367651862452;0.0041141241277864;0
4910734;7004337;8;0.0190993854534586;0.0226218364281798;-0.0003131348914224;0.0008873793347845;0.0046838292682343;0.0541581105978102;0.0013605488748265;0
4911971;7004719;6;0.0;0.0;0.0;0.0;0.0;0.0;0.0;0
4912616;5929003;29;0.0022675767357208;0.0028711427510438;3.623497117943407e-05;0.0001020168834448;0.0018657697473674;0.0127059845334688;0.0006519683630376;4
4913004;5344305;44;0.0004955674886512;0.0010728311599253;2.682960683741685e-05;3.533939613290825e-05;0.0009377620358385;0.0043553299002523;0.0004307251962065;4
4913182;7004391;7;0.0188927309527521;0.0192459537117387;1.2898759140869752e-05;0.0002223879043623;0.0008567558964224;0.0499896904515826;0.0002455813724639;0
4913737;5928949;29;0.0031921183730648;0.0038471927640169;2.675464550267305e-05;0.0001141468049354;0.0018591976543766;0.0174999981996458;0.0006088702218758;4
4914636;6443857;6;0.0;0.0;0.0;0.0;0.0;0.0;0.0;0
4915335;6443722;42;0.0355872027443261;0.1628907227654361;0.0005474412900133;0.0087539119173085;0.1361569883045482;0.343273007801498;0.0392323663513531;3
4915565;7039962;41;0.0046885857872515;0.0065487481201261;3.6269436850044e-05;0.0002757269704278;0.0030024866505818;0.0308178660609793;0.0010870026419894;4
4916375;7039962;7;0.0048536533248311;0.0049239230013765;-2.970556244799961e-05;2.894535441848673e-05;7.965676233611524e-05;0.0128426344017404;6.279694402573734e-05;0
4919684;7005126;39;0.0168230669574461;0.0240129173077983;0.0001310673746671;0.0014864799194284;0.0124510688018914;0.1067647329687096;0.0030428584467273;4
4921275;6911542;36;0.0169196460415715;0.0199771641127421;0.0001377186943597;0.000853111256424;0.0065598546128786;0.102552271724798;0.0024214850684511;4
4927263;5560146;43;0.0;0.0;0.0;0.0;0.0;0.0;0.0;4
4933174;6384820;34;0.0;0.0;0.0;0.0;0.0;0.0;0.0;4
4934402;6371201;38;0.0042647482178194;0.1299857877971085;-0.000417460205986;0.0070081305980658;0.1299843526805232;0.1301833926177858;0.0206834339850592;3
4934486;6373042;38;0.0219926516695523;0.1489800615458056;-0.0025449018731558;0.0042004378935325;0.1230052317922254;0.3175313367207786;0.0465794268332316;3
4934500;6373002;38;0.0;0.0;0.0;0.0;0.0;0.0;0.0;4
4937198;5846758;38;0.0376993622772848;0.0695988687085004;0.0014471530049695;0.0040082073091807;0.0554799030330691;0.285596592243124;0.0269298409558862;3
4938749;5927749;29;0.0041164704427104;0.0048232427769901;1.730845718724822e-05;0.0001262843917673;0.0018526255613858;0.0223830229834802;0.0005749116757787;4
4938881;5925458;50;0.0666046550499708;0.1462309860242452;-0.0016681551007557;0.0077840601019528;0.0917372724534813;0.5276662386285185;0.0336519407084014;3
4939715;6836700;31;0.0;0.0;0.0;0.0;0.0;0.0;0.0;4
4939882;5927697;43;0.0037991101219462;0.0057992927899633;0.0001180850041801;0.0002024635857947;0.0034592100121694;0.0276989306675328;0.0018464393025987;4
4940284;5854188;38;0.0;0.0;0.0;0.0;0.0;0.0;0.0;4
4941424;5927741;43;0.0048374229729113;0.0067742772461537;0.000103037663877;0.0002396065305445;0.0034719987064925;0.0336118058828862;0.0016948970669043;4
4945044;5904180;10;0.0;0.0;0.0;0.0;0.0;0.0;0.0;0
4945051;5904111;10;0.0009761578628269;0.0019686800894854;-0.0001776400670764;0.0002723300883804;0.0006081358717983;0.0035369962897779;0.0005460312282565;0
4945109;5903815;66;0.0078609528031375;0.0699797046207125;-0.0002123360090048;0.0025792961610716;0.06460298676612;0.1557322536300314;0.01748336551769;3
4945152;5904152;10;0.0018768623829434;0.003292068173245;-7.076205762803568e-05;0.0005627856283921;0.0020361812030724;0.0062016930002198;0.0005687593536719;0
4945539;5890942;39;0.0;0.0;0.0;0.0;0.0;0.0;0.0;4
4945543;5890964;39;0.0;0.0;0.0;0.0;0.0;0.0;0.0;4
4945578;5890956;39;0.0009231867282517;0.0012266032453487;-1.000053902771042e-05;1.297186852577077e-05;4.9474173760820925e-05;0.0058120966686082;0.0001178647651469;4
4945582;5890934;39;0.0065907726452526;0.014678155423695;-0.0002250375434197;0.0004796667505383;0.0065601171149978;0.0461238248324234;0.0033332595072994;4
4945675;5890720;39;1.974520360651721e-06;4.161503801013534e-06;-5.34643865962816e-08;7.668804897500317e-08;4.724432366621541e-07;1.306418771597088e-05;6.910138435591386e-07;4
4947047;5875252;58;0.0028371803348437;0.0112800396149783;3.930785723541643e-05;0.0003817973639779;0.0067305205015555;0.0314396615123317;0.0029987812621285;4
4947253;6372243;38;0.0036493481337728;0.1307810177244139;-0.0004239093244433;0.0070744121183128;0.1307810177244139;0.1308797081816202;0.0209155091192423;3
4947913;5929000;27;0.006898740233977;0.0077481961455614;-1.6421960649339882e-05;0.0001550033507812;0.00183296274031;0.0359637486068904;0.0005574598417848;0
4948394;5929092;27;0.0;0.0;0.0;0.0;0.0;0.0;0.0;0
4948676;5929072;27;0.0078022312205805;0.0087173200394469;-2.44656278361002e-05;0.0001644022550046;0.0018265064727615;0.0406506174478336;0.0005726085330176;0
4953771;5928935;27;0.0087080506776022;0.0096891078252891;-3.255330369668736e-05;0.0001738558618475;0.0018200056569661;0.0453536141132328;0.0005943049109057;0
4953790;5928933;27;0.0096059533352016;0.0106518383784783;-4.049135006626312e-05;0.0001831234797841;0.0018136563052106;0.0500183229630507;0.0006213922876208;0
4953820;7170417;47;0.0009720334872044;0.0014279851354618;-1.1088394748402854e-05;2.882893987760656e-05;0.0003159091701387;0.0067563467551671;0.0001624489290911;4
4954067;5928916;27;0.0105080472395541;0.0116193639371896;-4.850861204872737e-05;0.0001924895624358;0.0018072267666104;0.0547069611510107;0.0006536808906401;0
4955632;7115224;58;0.003256264995833;0.0075219896875947;3.0424924782463537e-05;0.0004442022587992;0.0075219896875947;0.0262601379566678;0.0011341536838948;4
4956209;5930226;27;0.0009086136215237;0.0010507228620436;-8.140486269179496e-06;1.002342488563338e-05;3.86253124770588e-05;0.0047331145857399;6.433374347693858e-05;0
4956531;5930042;27;0.0132264369987867;0.0145357928514992;-7.278924310001989e-05;0.0002208722640122;0.0017877064999252;0.0688444864228997;0.0007750781894893;0
4958680;5913510;50;0.0;0.0;0.0;0.0;0.0;0.0;0.0;4
4958692;5913482;50;0.0262210628905511;0.0822018452246806;-0.0001710923903563;0.0039718470792929;0.0556139767590443;0.2280761599786704;0.0187837843871272;3
4960032;5902753;52;0.0;0.0;0.0;0.0;0.0;0.0;0.0;4
4960551;6770856;37;0.0;0.0;0.0;0.0;0.0;0.0;0.0;4
4960573;6770859;3;0.017914805408785;0.0468744976584184;-0.0217466814917381;0.0217466814917451;0.0433857137654098;0.0471256004255775;0.0204776419294091;3
4960624;6770865;34;0.0019958774744664;0.0023994119088458;-1.7741925691237495e-05;2.041192469042332e-05;9.491582070236208e-05;0.0116832741410108;0.0001764836510684;4
4960655;6770828;34;0.0;0.0;0.0;0.0;0.0;0.0;0.0;4
4961825;5905596;50;0.0;0.0;0.0;0.0;0.0;0.0;0.0;4
4963617;5913303;63;0.0225190609814933;0.0895920142912475;0.0004160890839981;0.0037198840631945;0.0602866912853772;0.2448662448452628;0.0210862428230978;3
4964755;5202918;38;0.0005772337329034;0.0025075638810947;1.2989492612232397e-05;0.0001399573547122;0.0024246676712508;0.0065091505178989;0.000884180958101;4
4965831;5858081;38;0.0041639847093238;0.0102532429338952;-0.0001962178622266;0.000256507464733;0.0029010202545806;0.030209748679128;0.0025841404261364;4
4968510;6780459;37;0.0;0.0;0.0;0.0;0.0;0.0;0.0;4
4969259;5860446;44;0.0021969363028548;0.0048392261287309;-9.098130383118246e-06;0.0002207229459293;0.0037379743418375;0.0159747849606909;0.0009865743453653;4
4969276;6780765;34;0.0020026993548418;0.0023347218818916;-1.8193067233499336e-05;2.3614041545485965e-05;7.939698663468565e-05;0.0117251940434341;0.0001809139668888;4
4969842;5860637;44;0.0015105459478864;0.0038818233594554;-7.1397088756515866e-06;0.0001754254480429;0.0024183720791215;0.0121342517585982;0.0010318023404713;4
4970462;5914154;62;0.0;0.0;0.0;0.0;0.0;0.0;0.0;4
4971823;5912712;63;0.024659174832924;0.1013733428594109;0.0006255794642375;0.0039556080768913;0.0740885162456275;0.2789106467898044;0.0250340815232627;3
4972135;5913203;49;0.010105363396746;0.0164745734176614;0.0003423309737665;0.0006185063473316;0.0080179188260637;0.0813234388763472;0.0057315838375217;4
4972312;5913224;49;0.0;0.0;0.0;0.0;0.0;0.0;0.0;4
4972435;5860262;44;0.0;0.0;0.0;0.0;0.0;0.0;0.0;4
4973099;5115880;59;0.003277833203344;0.0089136586975016;-3.802293365993118e-05;0.0004752531994885;0.0066625909782333;0.0361053286560195;0.0033690704781843;4
4974694;7356861;35;0.1093536433448489;0.1682212370941436;0.0002186889831691;0.0104348961004134;0.0922447933044789;0.6901318273753956;0.0406181744011111;1
4976911;5126741;45;0.0002844889683363;0.0016812785205747;9.644718490499057e-06;7.99197939164108e-05;0.001616734949575;0.0037925793633753;0.0004885722836949;4
4980534;7359017;49;0.0;0.0;0.0;0.0;0.0;0.0;0.0;4
4982432;6180541;44;0.0;0.0;0.0;0.0;0.0;0.0;0.0;4
4983511;5911574;58;0.0226444316726035;0.0988117443537478;0.0006764113378069;0.0040037890407822;0.0880077763805115;0.2620808781349419;0.0259128879228145;3
4986001;6545256;46;0.0980803240304299;0.1668155349569299;0.0034554589306978;0.0114300097603881;0.1248078295421737;0.7656524474453816;0.0558949270528218;1
4990363;7819352;52;0.0136356763336193;0.0248584621312402;0.000569481304327;0.0006168343495095;0.0248150606877805;0.1255074967521197;0.0108163737605678;4
4991119;5908146;30;0.0;0.0;0.0;0.0;0.0;0.0;0.0;4
4994496;6804643;36;0.0052021682932788;0.0069917503879768;2.035204760878043e-05;0.0003098538235934;0.0069917503879768;0.0322569290087032;0.0013566450736924;4
4999613;6029159;48;0.0014541394473553;0.0030188390844128;-2.3724186968682183e-05;0.0001258287084869;0.0020445922298939;0.0111682697617037;0.0006957192908114;4
4999681;6685712;18;0.014252974534657;0.0151576816235679;-0.0001424241316493;0.0003150277971778;0.0027405644729302;0.0606482096847271;0.0010942842009008;0
4999745;6685780;18;0.0148279910656539;0.0157343700899466;-0.0001405538950491;0.0003066041602652;0.0025802256425329;0.0630685887831043;0.001054070109314;0
4999853;6685905;61;0.0236800555193121;0.1814545562446218;-0.0003915045536147;0.0128345782207279;0.1678311179329856;0.3481297202237058;0.0377630349463199;3
5001964;5906295;32;0.0837560950571053;0.1018561948490544;-9.064492296526928e-05;0.0056938757663987;0.1012508038293979;0.496190787813468;0.0260544065467307;3
5004353;7017303;40;0.0;0.0;0.0;0.0;0.0;0.0;0.0;4
5007403;6361487;34;0.0010511192553246;0.0046649164049466;-9.634790432717336e-06;0.0002841040694152;0.0046649164049466;0.0082022050704944;0.0009348043298774;4
5010087;6564796;9;0.0085221966831326;0.0086774306393161;-2.380749412569666e-05;0.0001082669391477;0.0002064644678575;0.025568493291986;0.0001039884974204;0
5010723;6564945;49;0.0186299306180487;0.1812310218292236;-0.0009355833838424;0.0140300505670081;0.1672362948424276;0.328893940641965;0.0431335332318679;3
5010787;6564940;9;0.0;0.0;0.0;0.0;0.0;0.0;0.0;0
5010806;6564940;9;0.0100262760188043;0.0101911357702439;-3.3778822226410046e-05;0.0001097550995984;0.0002183468606141;0.0300809512691633;0.0001191320511566;0
5011070;6565000;9;0.0107411751126597;0.0109072677777021;-3.98767190450235e-05;0.0001088571220441;0.0002236360856887;0.0322258417346496;0.0001287936762198;0
5011507;6565322;9;0.0114795025286705;0.0116491722902272;-4.521017256027928e-05;0.0001090447223391;0.0002293390114299;0.0344410310677347;0.000138970922973;0
5012613;6080938;31;0.0008373533745273;0.0027073568277881;-1.3507519906476728e-05;7.040339546549408e-05;0.0018810175427874;0.0050365505634024;0.0003422346247122;4
5014274;5975144;33;0.0017652857211311;0.0020398678426046;-1.5408102750192556e-05;1.5850104350694154e-05;3.844385676100197e-05;0.010176174702528;0.0001475887229609;4
5027037;6711552;47;0.0014264556857143;0.0029191154285062;4.255999392135148e-05;9.723018645762412e-05;0.0013757058039872;0.0110783228883866;0.000759265803315;4
5033768;6100751;58;0.0005177149792795;0.002091565465844;1.2924000939709396e-05;6.755010795027466e-05;0.0020781696903358;0.0057990623130863;0.0005583759289282;4
5034252;6714872;3;0.0022667721252566;0.0022813605309558;-1.6810761570865558e-05;1.6810761570864013e-05;2.3477829185928733e-05;0.0039262402422832;1.408115292281897e-05;0
5034252;6715022;3;0.0028807671456263;0.0028979531242134;-1.981620239363288e-05;1.981620239363091e-05;2.770687381326237e-05;0.0049897179192995;1.660192978989437e-05;0
5034257;6714731;43;0.001609253983262;0.0024429635819187;1.947726663364793e-05;8.480550629137831e-05;0.0011992250108502;0.0109420951206437;0.00044125653498;4
5041743;6710339;3;0.0;0.0;0.0;0.0;0.0;0.0;0.0;0
5048185;6101590;48;0.0010347946319731;0.0015126039716203;-9.068889354446031e-06;3.386967736862387e-05;0.0003162360158432;0.0072396579657108;0.0001453623922005;4
5053093;6051554;47;0.0009720334872044;0.0014279851354618;-1.1088394748402854e-05;2.882893987760656e-05;0.0003159091701387;0.0067563467551671;0.0001624489290911;4
5055971;5777422;40;0.0;0.0;0.0;0.0;0.0;0.0;0.0;4
5057106;6914030;53;0.003360249484626;0.0060304369270195;0.0001265418803839;0.0002139793040767;0.0036789319254892;0.0303025831827665;0.0024564466121999;4
5097058;6325944;46;0.0249306013663847;0.1496410861261557;-0.0018821534696777;0.0067892016585028;0.1257620605175661;0.371489511174101;0.0487705034309654;3
5097319;5138823;39;0.0031583667699827;0.0070837057900861;-0.0001054156382896;0.0005131784144355;0.0055711018184658;0.0258771716475095;0.0026822879010428;4
5101456;6926579;32;0.0;0.0;0.0;0.0;0.0;0.0;0.0;4
5103276;6747818;36;0.0;0.0;0.0;0.0;0.0;0.0;0.0;4
5116120;6868703;37;9.178313503832312e-05;0.0011515621645958;-1.3693057261755051e-05;3.244598938316529e-05;0.0011093451204242;0.0019608985171936;0.0003090276674076;4
5116293;6868707;33;0.0009135682156906;0.0020404706404304;-1.31614669854068e-05;3.981682464810213e-05;0.0010331379590668;0.0053862684787084;0.0002110479572786;4
5116403;6320280;61;0.0002384743949609;0.0013387812806246;-2.820967673263792e-06;4.8100665659209296e-05;0.0013288903772884;0.003642925707678;0.0004008563671361;4
5116536;6868371;33;0.0043468105800417;0.0050304487912855;-2.7549363357385267e-05;9.921371282822142e-05;0.001972455420856;0.0250844353928702;0.0004156683468133;4
5116764;6869299;33;4.1224963047717547e-07;5.649650484372785e-07;-4.803525426350759e-09;2.5565331621365725e-08;5.649650484372785e-07;2.4392228744280918e-06;1.0172247193556581e-07;4
5116823;6869180;32;0.0008779273824861;0.0010067677163152;-7.611453425642628e-06;7.766527764462513e-06;1.9204902670686236e-05;0.0049823839010261;7.069779253036419e-05;4
5128312;5806117;47;0.0014212510879805;0.0034469370848738;1.2995386086892956e-05;0.0001536828671989;0.0012799958447022;0.0110296771826679;0.0007539387350926;4
5131081;6283524;36;0.0;0.0;0.0;0.0;0.0;0.0;0.0;4
5138330;5838781;53;0.0046786390485261;0.0078131951093074;0.0001309512616901;0.0002954691509548;0.0021269368372734;0.0385515245299659;0.0024803677687813;4
5162722;6909154;34;0.0;0.0;0.0;0.0;0.0;0.0;0.0;4
5166821;6317596;8;0.0;0.0;0.0;0.0;0.0;0.0;0.0;0
5167222;6320153;37;0.0008773567477291;0.0011515621645958;-4.271180342305555e-06;4.267958837295085e-05;0.0011515621645958;0.0054400516152661;0.0001734570321184;4
5183061;6547437;44;0.0;0.0;0.0;0.0;0.0;0.0;0.0;4
5183067;6547410;44;0.0106430051952527;0.1814960980386338;-0.0005374879933498;0.0045263526923998;0.166726662950783;0.1879692057358498;0.0262628261665412;3
5183097;6547407;44;0.0006209731944099;0.0009134500843224;-6.330903864099164e-06;2.954826889579861e-05;0.0003533343334302;0.004190555258185;0.0001161908903654;4
5183456;6545822;46;0.0003121931966406;0.0007279704855444;-6.743421813031976e-07;3.462690647491403e-05;0.0007279704855444;0.002227141546152;0.0001018084554098;4
5191982;7834601;52;0.0131087692348294;0.0238776828071531;0.0005477283049832;0.0005933887275049;0.0238222254071768;0.1206399153853219;0.0103944493137453;4
5213280;5068956;27;0.0;0.0;0.0;0.0;0.0;0.0;0.0;0
5215982;6088656;47;0.0;0.0;0.0;0.0;0.0;0.0;0.0;4
5217666;5100223;47;0.0;0.0;0.0;0.0;0.0;0.0;0.0;4
5218799;5125586;51;0.0039444582493946;0.0056866415925969;5.056754741808432e-05;0.0004584362437806;0.0056866415925969;0.0312429300805274;0.0018923187616204;4
5221716;6397428;13;4.407593768465921e-05;4.975093694171534e-05;-7.954804084777708e-07;9.266943943290204e-07;1.9176577541957435e-06;0.0001592917712725;3.024524361802629e-06;0
5234985;6350550;37;0.0017845070839052;0.002301574447409;-1.3371928780147915e-05;5.376154666771541e-05;0.0011665057360111;0.0109336245010663;0.0002155395509902;4
5236070;6348879;8;0.0;0.0;0.0;0.0;0.0;0.0;0.0;0
5237659;6350967;8;0.0;0.0;0.0;0.0;0.0;0.0;0.0;0
5245397;7852584;52;0.0;0.0;0.0;0.0;0.0;0.0;0.0;4
5246342;6687239;66;0.1543402673625485;0.267259056732741;0.0009561975473522;0.0245026960507579;0.2201908702283796;1.3716494497555445;0.0684505590725616;5
5246386;7847187;39;0.0167834427909058;0.0229082027840347;0.0003864857063841;0.0007626474994496;0.0228292362688511;0.1158220696194426;0.0078920240266024;4
5248456;6626292;33;0.0;0.0;0.0;0.0;0.0;0.0;0.0;4
5253837;5485388;31;0.0;0.0;0.0;0.0;0.0;0.0;0.0;4
5255827;6400628;6;0.0026218094621716;0.0033565867960772;-0.0002828975456671;0.0002756232194077;0.0005399562360379;0.0065337863104035;0.000491096462761;0
5256541;5108905;9;0.0039325806041004;0.0040073716958492;-1.9137608498630783e-05;2.2576734813521075e-05;4.294927264026629e-05;0.0117987401969281;5.11624481288835e-05;0
5257747;6544557;52;0.0230185375097475;0.1801252188362363;-0.001144230778492;0.0130383332073253;0.165057681783233;0.3340356909109714;0.0401984220915477;3
5264149;5711129;42;0.004054683956651;0.0058621606401438;8.397430497280074e-05;0.0002555118049521;0.0021700151720429;0.0282897133986901;0.0016169377338075;4
5265448;7007252;58;0.0003596318322162;0.0017295557096743;-1.8757881579991103e-05;7.234941519337554e-05;0.0016532493463042;0.0052835047096849;0.0005932666557837;4
5267846;6984090;33;2.5830973875591987e-06;3.6167869549728094e-06;-4.816225926918735e-08;5.455468890711525e-08;2.2699666434913965e-07;1.5075617539539074e-05;4.633639988486687e-07;4
5271692;6387890;61;0.0005268135673751;0.0067536143969264;-3.9608563684169766e-05;0.0002255722830537;0.0067536143969264;0.0131265629318433;0.0015959845606233;4
5271715;6390094;57;0.0027929627883022;0.0200990799716914;-0.000140958489938;0.0003777317524839;0.0102049328626298;0.040244751902678;0.0045402749567178;4
5271723;6390109;57;0.0;0.0;0.0;0.0;0.0;0.0;0.0;4
5271737;6390037;61;0.0039327279406275;0.0371057513914656;-0.0001443618855441;0.000746719597717;0.0158976977001905;0.0520417569286444;0.0053789162962799;4
5271747;6390054;61;0.0;0.0;0.0;0.0;0.0;0.0;0.0;4
5273377;6990902;33;0.0017644246886686;0.002038662246953;-1.5392048663769477e-05;1.583286049122572e-05;3.840980534137247e-05;0.0101711720615654;0.0001474349574632;4
5275148;6992040;33;2.5830973875591987e-06;3.6167869549728094e-06;-4.816225926918735e-08;5.455468890711525e-08;2.2699666434913965e-07;1.5075617539539074e-05;4.633639988486687e-07;4
5282247;7008012;43;0.0621546743669044;0.2136430716877615;-0.0005932313957911;0.0104075945230578;0.1195758515679567;0.5211013539994032;0.0495159989829001;1
5286151;5638371;36;3.2052416313056834e-05;0.00115388698727;-5.197689131847606e-06;3.296819963628703e-05;0.00115388698727;0.00115388698727;0.0001896246521491;4
5288030;6443727;16;0.0;0.0;0.0;0.0;0.0;0.0;0.0;0
5288732;6913225;51;0.0006139340686545;0.0011093451204242;1.997603444560763e-05;2.9040621861657613e-05;0.0011093451204242;0.0053167721559072;0.0004211422163135;4
5300055;5079103;47;0.0023985666297101;0.0034992063525478;2.5591399019732735e-05;0.0002211232985241;0.0028678387747192;0.0176875853268018;0.0009504080474891;4
5305956;6389335;8;0.0179871058920674;0.0264280659185117;0.000894991853864;0.0051624345071632;0.0174311634413502;0.054861309547865;0.0072584042523743;0
5316387;6384182;52;0.0800861882484161;0.1671686992074679;0.0007810383407286;0.0100490784391586;0.1221314846797556;0.665576994100948;0.0458834775382361;1
5317486;6378196;63;0.0042891258294819;0.0478251906823335;-0.0001016779846735;0.001944162185785;0.0478251906823335;0.0671703704567435;0.0072952178762301;4
5317846;6368965;9;0.0;0.0;0.0;0.0;0.0;0.0;0.0;0
5320455;6374987;45;0.0029310137995318;0.0114621507244534;5.694268107793386e-06;0.0004744451186525;0.0089834106248583;0.0232086528099144;0.0018381976683944;4
5321614;6371144;12;0.0;0.0;0.0;0.0;0.0;0.0;0.0;0
5321952;6368511;9;0.0;0.0;0.0;0.0;0.0;0.0;0.0;0
5328780;5543291;37;3.065876994071519e-05;0.0011181007290874;-4.837000242248532e-06;3.1058353585761344e-05;0.0011018269703683;0.0011182191536584;0.0001812595234523;4
5330536;7083194;52;0.0008750691168947;0.0031712265886496;6.329238195007751e-06;0.0001168975848613;0.0027709776550862;0.0082942239041642;0.000746470673938;4
5331291;6371399;37;0.0;0.0;0.0;0.0;0.0;0.0;0.0;4
5331711;6371725;37;0.00181560245226;0.0023023493883004;-1.821906513947827e-05;2.2290639056913807e-05;9.888422384469888e-05;0.0111115105718824;0.0002012403025629;4
5335053;5591699;35;0.0023073131238054;0.0029489283961825;1.409938456038097e-05;8.910204216255043e-05;0.0009684320470014;0.0139386810198156;0.0004768211337959;4
5336128;5592181;53;0.0020739536460083;0.0039143228413284;8.464535547378229e-05;0.0001212727804533;0.0022089318893619;0.0187590859553472;0.0015291832103493;4
5336354;6386832;28;0.0037805554414972;0.0045969493676869;-3.97026205318068e-05;5.1120543256217374e-05;0.0001971272109199;0.0200849093208489;0.0003386315914386;0
5336537;6386488;28;0.002836943247374;0.0034500368484393;-2.9815766418530584e-05;3.837158076830786e-05;0.0001480377792208;0.0150718926025725;0.0002543219933528;0
5337117;6380077;9;0.0007858500905709;0.0008007558502956;-3.816044304132683e-06;4.507259872012706e-06;8.575760839580715e-06;0.0023577490179827;1.0204291824060193e-05;0
5337195;6379576;9;1.9980907472638317e-06;2.1554666225993493e-06;-3.4432186780415725e-08;3.5553714081778354e-08;5.690913895704955e-08;6.000325919611827e-06;8.982169550682862e-08;0
5337922;6391045;37;0.0881581873728982;0.1445564234024461;0.0005839120894155;0.012478368701208;0.1376664239371553;0.5778251614761322;0.0353831824468731;1
5344770;5623370;33;0.0039907331686704;0.0048882417407361;-1.65628824976965e-06;0.0001315792937577;0.0009555865647173;0.0230290743841692;0.0003806643560628;4
5354386;5572584;8;0.0;0.0;0.0;0.0;0.0;0.0;0.0;0
5354543;5619386;21;0.0;0.0;0.0;0.0;0.0;0.0;0.0;0
5354617;5619730;11;0.0;0.0;0.0;0.0;0.0;0.0;0.0;0
5359680;6485831;53;0.0;0.0;0.0;0.0;0.0;0.0;0.0;4
5359719;6485817;53;0.0707222476045907;0.1592852255194235;0.0010330330441639;0.0101034517922703;0.1382700958028231;0.6110823880361411;0.04521123602559;1
5365830;6480936;53;0.0;0.0;0.0;0.0;0.0;0.0;0.0;4
5367652;6813779;35;0.0;0.0;0.0;0.0;0.0;0.0;0.0;4
5369478;6951033;35;0.0;0.0;0.0;0.0;0.0;0.0;0.0;4
5371878;6700420;59;0.0;0.0;0.0;0.0;0.0;0.0;0.0;4
5371906;6700393;36;0.0;0.0;0.0;0.0;0.0;0.0;0.0;4
5371911;6700422;59;0.0038654441501269;0.0164835164835164;-9.412467579598027e-05;0.0002954371464193;0.0038296294426056;0.0357811039489704;0.002599639967314;4
5375338;6282776;46;0.0;0.0;0.0;0.0;0.0;0.0;0.0;4
5375364;4974484;47;0.0011327163828826;0.0017506557591016;1.123645912880714e-05;8.939061817852293e-05;0.0009559635800446;0.0084343529847159;0.0004801402561132;4
5375687;6722788;59;0.0012786061394218;0.003287868279777;3.506819985206521e-06;0.0001312932353021;0.002869883880083;0.0113501013434154;0.0007407007055798;4
5377216;7350523;57;0.0001066357118428;0.0060782355750445;-7.879486096765081e-06;0.0002170798419658;0.0060782355750445;0.0060782355750445;0.0007979885978216;4
5382021;6700979;59;0.0016284880465062;0.003421317939316;6.069972164497372e-05;9.669907815441712e-05;0.0033368954782973;0.0160738535893449;0.0013142139719012;4
5383635;6973975;42;0.00022882001524;0.0026297665966398;-2.8114663476213777e-05;0.0001070241158039;0.0024303142614469;0.0046114697327694;0.0006737703424355;4
5386713;6545267;32;0.0852141954883332;0.1127971771269712;-0.0011689366626628;0.0059055385313393;0.0971667687104391;0.5105159177893505;0.0297173196076057;3
5388804;6984598;37;0.0443028172085201;0.1094343127433874;0.002228651382621;0.0036847246157479;0.0684725684153993;0.3325392205144196;0.0320307991621368;3
5395741;7926462;35;0.0171090678507893;0.0209285652543105;0.0001582869270634;0.000780484234914;0.0208441735586945;0.1060084105838823;0.005325346452094;4
5396889;6963903;52;0.0101608315984804;0.0303439297277873;0.0003577770504888;0.0017487110796026;0.0291657600417772;0.1116769671733755;0.0116875468414231;4
5397149;6556471;63;0.0679792709880964;0.162361740858216;0.0010979729497059;0.0107758247879244;0.1373713382003801;0.64460890339891;0.0444340455493491;1
5398901;6554193;35;0.0;0.0;0.0;0.0;0.0;0.0;0.0;4
5399982;6339890;12;0.0;0.0;0.0;0.0;0.0;0.0;0.0;0
5401178;6340247;37;0.0;0.0;0.0;0.0;0.0;0.0;0.0;4
5409408;6985841;37;0.0;0.0;0.0;0.0;0.0;0.0;0.0;4
5410710;6985779;34;0.0;0.0;0.0;0.0;0.0;0.0;0.0;4
5412463;6731370;43;0.0;0.0;0.0;0.0;0.0;0.0;0.0;4
5413109;7355792;49;0.0020260006120297;0.0048264084863746;-2.919052198881756e-05;9.62809130149864e-05;0.0017980161137199;0.0146716165652576;0.000536943107248;4
5413111;7355784;8;3.86244211984457e-05;8.088160954402993e-05;-8.239893573647571e-06;9.108185083836832e-06;2.3226445082673304e-05;0.0001231681030875;2.0110986782289875e-05;0
5413119;7355762;49;0.0;0.0;0.0;0.0;0.0;0.0;0.0;4
5413142;7355789;8;0.0023942704024758;0.0033768071984632;-0.000254535888049;0.0002594936695033;0.000543776245703;0.0069790307393003;0.0005965131996363;0
5413143;7355798;49;0.0;0.0;0.0;0.0;0.0;0.0;0.0;4
5413147;7355798;8;0.0047885408049517;0.0067536143969264;-0.000509071776098;0.0005189873390067;0.001087552491406;0.0139580614786006;0.0011930263992727;0
5413605;7356647;57;0.0024883792115932;0.0045123364795495;1.954381760049505e-05;0.0001562360813882;0.0041360647534754;0.0207273109674353;0.0011598218798627;4
5426749;6510677;49;0.0;0.0;0.0;0.0;0.0;0.0;0.0;4
5433948;4893532;15;0.0008138114892942;0.0008757489126819;-7.765262251628697e-06;7.792126065455634e-06;1.923895409031574e-05;0.0031547742881814;3.489384641248304e-05;0
5449417;6966935;22;0.0;0.0;0.0;0.0;0.0;0.0;0.0;0
5452169;7529578;41;0.0;0.0;0.0;0.0;0.0;0.0;0.0;4
5467579;7143507;40;0.0;0.0;0.0;0.0;0.0;0.0;0.0;4
5472861;6962117;23;0.0;0.0;0.0;0.0;0.0;0.0;0.0;0
5477035;6944745;40;0.0001876912830364;0.0009490090734526;2.2546700126889065e-05;2.544155795506325e-05;0.0009414645058048;0.0026544554978877;0.0003754002291272;4
5482022;6613461;52;0.0005159542288225;0.003480831329624;-4.7302427689609086e-05;0.0001765558718675;0.003480831329624;0.0090144312769861;0.0011386320689844;4
5483030;6970350;58;0.0359743455811222;0.2175020689734997;-0.0002112879443501;0.0084370045314762;0.1207138143322206;0.4442015825340113;0.0459111098804356;3
5506738;6604241;63;0.0031736831190952;0.0601311162245473;-0.0001657460989905;0.0026161801833764;0.0556124108861699;0.0681620103539321;0.0079796437337849;4
5507105;6590145;65;0.0;0.0;0.0;0.0;0.0;0.0;0.0;4
5507111;6707154;62;0.0;0.0;0.0;0.0;0.0;0.0;0.0;4
5508336;6591506;63;0.2245339167406022;0.3649421390383448;0.001614232508914;0.0241435308795714;0.276891996064855;1.886474944786527;0.077930829320863;5
5509006;7210791;35;0.0;0.0;0.0;0.0;0.0;0.0;0.0;4
5509334;4792218;47;0.0;0.0;0.0;0.0;0.0;0.0;0.0;4
5515069;6611081;39;0.0004026902306134;0.0005773309640807;5.669757906056965e-07;3.104492818888196e-05;0.0004863062224252;0.002655945778158;0.0001367976725217;4
5519307;6708847;51;0.0018159550366704;0.0025591610674167;-5.392572168687774e-06;7.64340140659176e-05;0.001109328234519;0.0131356640303262;0.0002924991054773;4
5519587;7394963;32;0.0;0.0;0.0;0.0;0.0;0.0;0.0;4
5519778;7396849;57;0.0054749422530066;0.0167829339803862;-0.0001069692727056;0.0005261013999217;0.0081316152920203;0.0468192886765218;0.0029123789328689;4
5529600;6498439;49;0.0001967485869022;0.0012562146350168;7.874498147419867e-06;5.483132402245634e-05;0.0011503006875938;0.0024821157031168;0.0002949959545798;4
5532253;6626035;49;0.1874077744250357;0.3071826946399663;0.0033266997810854;0.0217259190145625;0.2597778761534006;1.4629094348741962;0.09248739492842;5
5538934;6527024;53;0.002614777307814;0.0038008989952406;2.8598356062568447e-05;0.000176082275487;0.0031729836900678;0.0202475631614136;0.0009476845107754;4
5542448;6619439;39;0.0;0.0;0.0;0.0;0.0;0.0;0.0;4
5544106;6527091;29;0.0;0.0;0.0;0.0;0.0;0.0;0.0;4
5544106;6527099;29;0.0;0.0;0.0;0.0;0.0;0.0;0.0;4
5549974;7381052;49;0.086274583765557;0.1758656443852857;0.0027110229019418;0.0111102439232554;0.1655597054707764;0.7315585823022615;0.0589804659720987;1
5565884;7388530;36;0.0;0.0;0.0;0.0;0.0;0.0;0.0;4
5566352;6537083;29;0.0;0.0;0.0;0.0;0.0;0.0;0.0;4
5573728;7381022;57;0.0056412842220894;0.0194115862905671;-6.036704611287031e-05;0.0005710490234696;0.0082709519158665;0.0528553725594499;0.0041458442751319;4
5573890;6481306;11;0.0065977407098122;0.0088699623110798;0.0007053094060193;0.0006874188602066;0.0035716925325576;0.023507628183355;0.0025897801871238;0
5578729;8033509;46;0.0124339982700278;0.0199540005457562;0.0004540212664048;0.0005664475924976;0.0198623752762302;0.1011691460609868;0.0082401426191655;4
5586410;6563767;31;0.0003062200899482;0.0003743064361747;-5.73480011477989e-06;5.185270446103341e-06;8.523475468505097e-05;0.0017328511953486;5.5613939159890486e-05;4
5592117;6553366;39;0.0017156838422523;0.0033770603345224;-8.98326415260792e-05;0.0001035277971359;0.0011203142696632;0.0126215117429361;0.0010682274781871;4
5599105;6559879;36;0.0;0.0;0.0;0.0;0.0;0.0;0.0;4
5599285;6564976;63;0.0003249272440814;0.0006848649205513;1.5174140953163752e-05;1.623673872819483e-05;0.0006121793075479;0.0036029489281433;0.0003169759141665;4
5601383;6561611;36;0.0018016385403954;0.0023000245656262;-1.7590973986727038e-05;2.1943252982642057e-05;9.869185281387e-05;0.0108689900192702;0.0001887453127031;4
5601392;6561588;36;4.088242357824918e-06;6.974468022451587e-06;-8.857708219151295e-08;1.1908321878668293e-07;5.771130924872858e-07;2.5225016479076e-05;9.804666635836324e-07;4
5601393;6561613;36;0.0009008192701977;0.0011500122828131;-8.795486993363519e-06;1.0971626491321029e-05;4.9345926406935007e-05;0.0054344950096351;9.43726563515704e-05;4
5601582;6561298;36;3.1797440560860462e-06;5.424586239684568e-06;-6.889328614895454e-08;9.26202812785312e-08;4.488657386012232e-07;1.9619457261503557e-05;7.625851827872696e-07;4
5602023;6578907;10;0.0052008194088576;0.0066797642436149;9.0936040386532e-05;0.0011601738109504;0.0029450404898999;0.0167064679875018;0.0009284851846917;0
5603045;6566581;36;0.0027001865648387;0.0034461621439824;-2.6337251489984157e-05;3.2850873071527454e-05;0.000147717160836;0.0162895937454471;0.0002825771740223;4
5603087;6566617;36;0.0035941920977734;0.0045845503134248;-3.498511001302844e-05;4.363048035554149e-05;0.0001961012320888;0.0216824157463312;0.000375327505567;4
5603092;6566610;36;0.0026965525716317;0.0034399626168514;-2.6258516305813907e-05;3.2748462827630366e-05;0.0001472041714205;0.0162673681294087;0.0002817119332974;4
5604175;6566117;36;9.084983017388708e-07;1.5498817827670194e-06;-1.9683796042558443e-08;2.646293750815177e-08;1.2824735388606362e-07;5.605559217572444e-06;2.178814807963628e-07;4
5622163;6569035;39;0.0043877121087471;0.0066160299832959;4.873250225130078e-05;0.000239392892913;0.0050155636956478;0.0297602119541856;0.0018594287180126;4
5622918;6567061;50;0.0699708267165612;0.2230295590779311;-0.0003510141778777;0.0099937393454469;0.1660931938390804;0.6145282331292932;0.0515459251043297;1
5623175;6567263;39;0.0;0.0;0.0;0.0;0.0;0.0;0.0;4
5625233;6524762;47;0.0009930456488788;0.0023660530667405;1.9149140945286725e-05;0.0001148775157169;0.0021710561755024;0.0097091458374418;0.0010097287273904;4
5639240;6933018;55;0.0168823769923591;0.0992429638118494;-5.444439698466821e-05;0.0055930407027928;0.0932226631651832;0.1870278275189412;0.0187343157947156;3
5640877;6561635;63;0.0063135223884364;0.0209933435739887;-4.040897556063036e-05;0.000882596388846;0.0075547356441764;0.0569397912789088;0.0034061667676285;4
5642107;6885058;41;0.0;0.0;0.0;0.0;0.0;0.0;0.0;4
5647531;7923726;32;0.0;0.0;0.0;0.0;0.0;0.0;0.0;4
5656192;6573740;3;0.0022898160826913;0.0024311840400383;-0.0001594145884371;0.0001594145884372;0.0002135544817079;0.003972726165372;0.00013263999821;0
5656201;6573785;41;0.0;0.0;0.0;0.0;0.0;0.0;0.0;4
5656261;6573776;41;0.0;0.0;0.0;0.0;0.0;0.0;0.0;4
5656269;6573758;41;0.0027960347717462;0.0038346904642024;-2.971137492611825e-05;6.462584883087007e-05;0.0009485446246774;0.0180693902481643;0.0003816726890131;4
5658320;7377345;57;0.0071266596570059;0.0290364978263067;-0.0001432830128136;0.0007231826437282;0.0086839914205216;0.071729408986668;0.0062829751517379;4
5658366;7377292;57;0.0004374787420399;0.0012878656575577;-1.848469890921602e-06;7.363265860928021e-05;0.0012400787534182;0.0039348259080477;0.0002832691018517;4
5658878;6561886;44;9.877241705882893e-07;2.641781088810076e-06;-1.7643902280541422e-08;1.0836937692182429e-07;2.641781088810076e-06;7.416615355033307e-06;5.239670723798478e-07;4
5658976;7379574;57;0.0003669011852479;0.0033768071984632;-3.32474263380545e-05;6.320059907011787e-05;0.001568327131329;0.0071632854536484;0.0008749889136689;4
5659364;6392499;49;0.0005221602871983;0.0011740532800855;3.1416329056594613e-05;3.106643704359768e-05;0.0011740532800855;0.0052367617729142;0.0005357382271874;4
5673586;6396374;49;0.0031218977923028;0.0047540485390526;-3.760852749606897e-05;0.000107941729548;0.0009487080475296;0.0222257837493342;0.0005788697258979;4
5673612;6396384;49;0.0;0.0;0.0;0.0;0.0;0.0;0.0;4
5681659;7018921;47;0.012967599058183;0.0279362901249693;0.0001731383479864;0.0022667501488867;0.0279362901249693;0.1194191464051574;0.011630368481245;4
5687493;6268354;33;0.0006216610210673;0.0009590121964527;-1.7794996477508838e-05;6.678634756826065e-05;0.0006559647827669;0.0039728739467119;0.0003030385197879;4
5689785;7370130;50;0.0006626126620976;0.0014807596774809;6.184833810456059e-07;9.788143545031916e-05;0.0013541379068156;0.0052479307845115;0.0003343052653015;4
5698635;6660681;39;0.0;0.0;0.0;0.0;0.0;0.0;0.0;4
5709073;6250587;56;0.0001392304918071;0.0010916668625759;-2.5392465463907856e-07;4.9552699158830605e-05;0.0010916668625759;0.0026263865449295;0.0003221672982609;4
5719541;6582400;47;0.0;0.0;0.0;0.0;0.0;0.0;0.0;4
5742119;7036374;8;0.0016136463299621;0.0016449928482133;-1.756728105301794e-06;1.7556633777728756e-05;3.788908470473665e-05;0.0045642734423098;1.481650503701123e-05;0
5743838;7361074;48;0.0085399750410647;0.0111894143592256;5.952043340503705e-05;0.0004109236195234;0.0046496738986366;0.0608375287078427;0.002043835047064;4
5744509;7361868;57;0.0002470910173729;0.0034976411257523;-2.023113424721592e-05;0.0001494215738434;0.0032127816610949;0.0060248043254057;0.000758787014705;4
5756451;7048218;37;0.0163441317556591;0.0282708486482071;-0.0004153396886277;0.0029621194614028;0.0282708486482071;0.120781303585632;0.0112757686985876;4
5775545;6919336;10;0.0003492943938713;0.0005151542073911;3.045772066758153e-05;7.171619765345651e-05;0.0005108432741459;0.001242048704886;0.0001796160486731;0
5779783;8116588;42;0.0122997184861601;0.017969278330596;0.0003725101460922;0.0005623760404616;0.0178716250828118;0.0913346929588364;0.0068801595265554;4
5782407;6921670;41;0.0;0.0;0.0;0.0;0.0;0.0;0.0;4
5783818;6919727;58;0.0026354660882432;0.0051009601194506;7.689953425949062e-05;0.0002076056604008;0.002110798227303;0.0239170424215149;0.0017078691657285;4
5785254;6919708;11;0.0001808247394049;0.0004963003237804;-2.9160980252471204e-05;7.85509877436467e-05;0.0004779729216566;0.0008238757828451;0.0001703199810434;0
5785788;6918451;5;0.0025171147269359;0.0025533434807327;-2.108501106521061e-05;1.9633592902365245e-05;4.528978106499177e-05;0.0056288664141026;3.099795161981931e-05;0
5790465;6872763;31;0.0;0.0;0.0;0.0;0.0;0.0;0.0;4
5790530;6872765;31;0.0017488043504759;0.0019777030368656;-1.510564921092486e-05;1.4823721246962572e-05;3.8460882470816833e-05;0.009766308004699;0.0001359501449292;4
5790544;6872655;31;0.0;0.0;0.0;0.0;0.0;0.0;0.0;4
5791124;6876856;58;0.0835295087133042;0.2564890532493011;-0.0002432541221028;0.0132733105365658;0.1637059406087049;0.8148033544140325;0.0668539497276652;1
5792183;6872702;52;0.0;0.0;0.0;0.0;0.0;0.0;0.0;4
5792220;6872673;52;0.003121339141677;0.0059923010309539;-4.650166147000572e-05;0.0001206269867027;0.0010472703452724;0.0232424179763714;0.0008036763537903;4
5792518;6872680;52;0.0;0.0;0.0;0.0;0.0;0.0;0.0;4
5801971;7145383;28;0.0;0.0;0.0;0.0;0.0;0.0;0.0;0
5802028;6965143;8;0.0288770064540426;0.0298380623204654;0.0002597221260515;0.0006964681587447;0.0017762675618526;0.081721209048848;0.0009555099705752;0
5812068;7413592;53;0.0;0.0;0.0;0.0;0.0;0.0;0.0;4
5815819;7055166;37;0.016900980079907;0.0288615535407988;-0.0004178693251794;0.0029882058050684;0.0277522084203746;0.1234195845020373;0.011226895933527;4
5817188;6491948;44;0.004778006623682;0.00899804165391;0.0002117507174826;0.0003383136252583;0.008049391593306;0.0394767252983235;0.0035481126841589;4
5819136;6962364;32;0.0;0.0;0.0;0.0;0.0;0.0;0.0;4
5819470;6939932;50;0.0718823426526411;0.2288938659999652;-0.0021121293690402;0.0131582927013663;0.1858856025371499;0.7027225843761825;0.0686244083880881;1
5825566;7327706;57;0.0117937979265516;0.035163279749267;-0.0001990974486548;0.0008888755109666;0.0089501688184837;0.1003290794759819;0.0061238461500418;4
5825608;7327650;57;0.0005850561882532;0.0050859212452801;-5.100138461712091e-05;0.0001984437141744;0.0046166992995954;0.0113729680191447;0.0013881315802307;4
5828250;7333684;57;9.183251627725163e-06;0.00010110201193;-7.900364895028691e-07;2.302597378916695e-06;2.9033056353341635e-05;0.0001701405548949;2.057970304964278e-05;4
5829888;6812340;41;9.59755674975571e-05;0.0004914088118705;1.044500724034993e-05;1.6173594950554404e-05;0.0004914088118705;0.0012530421395284;0.000170540812054;4
5830207;6620985;54;0.0;0.0;0.0;0.0;0.0;0.0;0.0;4
5841527;6939174;48;0.0;0.0;0.0;0.0;0.0;0.0;0.0;4
5843615;6793199;57;0.0013255187486019;0.0166818319684561;-6.933805247369151e-05;0.0003829527480718;0.0135396255053122;0.0196179497732787;0.0022349494911356;4
5843649;6793239;57;0.0009179617316505;0.0026478130238385;5.322769596589049e-05;9.614572997657664e-05;0.0025634189056922;0.0108631290348414;0.001107995734391;4
5843760;6793451;57;0.0003014589590578;0.0009090642503152;1.9159552686277465e-05;2.029138280132884e-05;0.0009086061661606;0.0037419804821755;0.0003934195608992;4
5844166;6768707;21;0.0;0.0;0.0;0.0;0.0;0.0;0.0;0
5846953;6943953;48;0.0008528633616237;0.0012801592675544;9.255357215343294e-06;5.645161729977947e-05;0.0010569557495123;0.0063730714297614;0.0003446615367536;4
5849900;6691168;47;0.0003294527982478;0.0014279851354618;-3.078274048682395e-05;4.549544308990135e-05;0.0011093451204242;0.0043140238657702;0.0005361299866118;4
5853902;6835749;52;0.0;0.0;0.0;0.0;0.0;0.0;0.0;4
5856805;7325691;46;0.0147979903074797;0.018996359764108;-7.665304211417951e-05;0.0004959730811843;0.0075376342913943;0.1010099506855987;0.0016804913169701;4
5857394;7319977;11;0.0253280079949457;0.0409867556364371;-0.0028873955456917;0.003389868172602;0.0092086918347176;0.0895559988244077;0.0093599196117611;0
5857399;7319911;11;0.0049496613163172;0.0066442338153827;-0.0003391623560597;0.0012361539278529;0.0046518953118037;0.017453380817949;0.0017870718398245;0
5857779;7331169;46;0.0019201126286963;0.002619061374622;-2.0829488383481707e-05;5.379318561824192e-05;0.0006327988773908;0.0131771266574241;0.0002964416369477;4
5857800;7331124;46;0.0;0.0;0.0;0.0;0.0;0.0;0.0;4
5857815;7331148;46;0.0009628098883519;0.0013191595894236;-1.0536448048762295e-05;2.703146055410196e-05;0.0003157457472865;0.0066087709489664;0.0001499072847461;4
5857950;7331110;57;2.6349906250056785e-06;2.022040238600748e-05;-1.4957268763645972e-07;4.214935143985049e-07;5.806611270668326e-06;3.3392770852980184e-05;3.552405007901127e-06;4
5857965;7331235;46;0.0;0.0;0.0;0.0;0.0;0.0;0.0;4
5872297;6752510;63;0.1959791839627927;0.3342320137997028;0.0024580063297591;0.021616173079148;0.2824054630016807;1.706609422569637;0.0884452809727505;5
5872596;6752383;45;0.0;0.0;0.0;0.0;0.0;0.0;0.0;4
5872857;6752250;45;0.0019078314205108;0.0025591610674167;-2.0268113670047397e-05;5.237486896153404e-05;0.0006319817631297;0.0129375500170089;0.0002823814454726;4
5873408;7075755;36;0.1016617839975381;0.2518017233249847;-0.0020452036027079;0.0131058447087204;0.196389914674149;0.7198745611027529;0.063717066439291;1
5899948;7299184;60;0.017491066002071;0.0529370134465675;-0.0002578723579446;0.0020462097298711;0.0529370134465675;0.1558696649770388;0.0099491281583915;4
5906639;7238478;55;0.0011759260662884;0.0022412807318467;4.335010919004399e-05;5.6670505861453926e-05;0.0022369753820909;0.0110313883725735;0.0009109177509107;4
5906715;7239412;42;0.0046597073081574;0.007262272318876;8.350101778442936e-05;0.0002521373157134;0.0067685922135385;0.0337162261581257;0.0023137439976648;4
5907443;7238584;55;0.0083262540790048;0.0256298933414376;-8.822042864179955e-05;0.0011065951142275;0.0220038198610064;0.0728720998126175;0.0052177756437221;4
5907484;7238638;55;0.0140999926012081;0.0461994809047089;-0.0002714064070866;0.0016670082437249;0.0325415383410462;0.1281924064682961;0.0099988677101287;4
5907534;7238649;55;0.0;0.0;0.0;0.0;0.0;0.0;0.0;4
5907542;7238606;55;0.0;0.0;0.0;0.0;0.0;0.0;0.0;4
5908538;6807365;39;0.0;0.0;0.0;0.0;0.0;0.0;0.0;4
5913167;6442456;40;0.0045514669511645;0.009006747563917;0.0001977798520403;0.0004990430039301;0.009006747563917;0.0383072474013871;0.0039962831079935;4
5919452;7118927;48;0.0014022321464371;0.0024856672794271;6.637414066875715e-05;6.726947385473454e-05;0.0024856672794271;0.0125165437339076;0.0011391117464455;4
5923927;7114617;46;0.0011784379739749;0.0021735161542141;5.297720607161502e-05;6.878812053113872e-05;0.0021735161542141;0.0100879596287296;0.0009075287847823;4
5924358;7114875;29;0.00281576136865;0.0031629565275784;-2.1721573499419125e-05;2.5937706136913637e-05;6.039838216665826e-05;0.0151958012987511;0.0001843466226183;4
5924367;7114878;14;0.0034514144876964;0.0039382209640456;-3.925980647610145e-05;0.0002212966055711;0.0009485446246774;0.0129611530051578;0.0002951778762498;0
5924375;7114858;29;0.0;0.0;0.0;0.0;0.0;0.0;0.0;4
5924378;7114855;17;0.0003504286643287;0.0020152303277757;0.0001020836633732;0.0001291316704127;0.0020152303277757;0.0034396437219844;0.0007570665020471;0
5924398;7114889;43;0.0;0.0;0.0;0.0;0.0;0.0;0.0;4
5931940;7129309;59;0.0534836066260388;0.2310947583663522;0.001179534770081;0.0123417555808312;0.1997049461396812;0.603601535819785;0.0575731722419392;1
5934558;7129936;7;0.0074180522257487;0.0100323110334233;1.9716910152733225e-05;0.0017668105414823;0.0065585873746266;0.020347153806624;0.0020288693636344;0
5934628;7129953;3;0.0119973733110946;0.0164835164835164;-0.0048144000373303;0.0048144000373299;0.0057991706320542;0.0218818260196067;0.0039582576493132;0
5934638;7129926;3;0.0;0.0;0.0;0.0;0.0;0.0;0.0;0
5934639;7129923;3;0.0;0.0;0.0;0.0;0.0;0.0;0.0;0
5934644;7129910;10;0.0466679051024105;0.0772217167121625;-0.0009274713686126;0.0114181677331895;0.0485189973266819;0.1533672825637512;0.0132007185202683;3
5934653;7129959;10;0.0;0.0;0.0;0.0;0.0;0.0;0.0;0
5934668;7129916;10;0.0;0.0;0.0;0.0;0.0;0.0;0.0;0
5975069;6762050;45;0.0004208054378456;0.0008078940117775;-2.950347064219728e-06;2.907886688349146e-05;0.0008078940117775;0.0030137719836104;0.0001573634735096;4
5979619;7061894;32;0.000279017296835;0.0030203031489456;-4.748540890386445e-05;9.742913383695776e-05;0.0029441333906602;0.0051552053189805;0.0008675562124976;4
6006460;8241446;3;0.0;0.0;0.0;0.0;0.0;0.0;0.0;0
6006645;8241549;44;0.011114478336911;0.0169805894958308;0.0003760210115947;0.0005083592855879;0.0168781138654399;0.0864340660440161;0.0068014973452175;4
6009101;7098206;42;0.0038248760980597;0.0063776469839285;-7.35305977490708e-05;0.0001511672867713;0.0015828143077382;0.0256850453709528;0.0010382576379563;4
6013898;7121216;40;0.0;0.0;0.0;0.0;0.0;0.0;0.0;4
6013927;7121234;40;0.071617568568481;0.231465039348348;-0.0001527134206574;0.0138067928506056;0.1996822839405265;0.5969901745482724;0.0614886622477537;1
6013982;7121211;39;0.0;0.0;0.0;0.0;0.0;0.0;0.0;4
6014002;7121226;39;0.0016253735160021;0.0024251163400406;-2.3174890087622065e-05;3.268590594126678e-05;0.0003958366276185;0.0103150693745342;0.0002939096585044;4
6021493;7161230;40;0.0;0.0;0.0;0.0;0.0;0.0;0.0;4
6021494;7111443;60;0.1482066331015794;0.3900364047474817;0.0028125798093336;0.0207832731666282;0.2906585035782003;1.3734770244919106;0.0973419035401148;5
6025012;6679742;61;0.0;0.0;0.0;0.0;0.0;0.0;0.0;4
6075420;7026203;53;0.050773022385946;0.2309009149782106;-0.0010301109978631;0.0119315723036195;0.1578366201276134;0.5319763240432426;0.0525518826881679;1
6089520;6356988;32;0.0017727637040374;0.0064932145447572;-0.0001245105007226;0.0002900823792139;0.0028248391433184;0.0141394199315903;0.0017620751189166;4
6100873;6358629;44;0.0019407958091184;0.010092849972975;-1.6639381879364246e-05;0.0006201878974563;0.010092849972975;0.0173896674558329;0.0017623992287504;4
6110310;6902937;29;0.0;0.0;0.0;0.0;0.0;0.0;0.0;4
6115413;7039103;37;0.0291289575615527;0.0321902696871796;6.122946920467031e-05;0.000622659398414;0.0037965839199231;0.1773835778369385;0.001381102645967;4
6124087;6782343;42;0.000471789586711;0.0005765560231893;-1.730204645556448e-06;1.7621236471959957e-05;0.000334695941081;0.0030891397654117;6.799809115514042e-05;4
6128284;6347614;60;0.0;0.0;0.0;0.0;0.0;0.0;0.0;4
6142794;6373735;28;0.008600923774558;0.0107303966785352;0.0001889931453585;0.0004398451084238;0.0077731542087471;0.0472623964213424;0.0024083871438228;0
6152599;8409281;42;0.0109859342456005;0.0159907707309687;0.0003338442216243;0.0005031775107893;0.0158846783136228;0.0815288115353434;0.0061294285407561;4
6164351;9089172;15;0.0;0.0;0.0;0.0;0.0;0.0;0.0;0
6164830;7295729;23;0.0;0.0;0.0;0.0;0.0;0.0;0.0;0
6169631;7182847;28;0.0;0.0;0.0;0.0;0.0;0.0;0.0;0
6205070;6611115;49;0.0048436074865039;0.0146060149795382;-3.039177634858066e-05;0.000731001688893;0.0097089653816955;0.0379918276457688;0.0024487098943315;4
6213970;6491942;60;0.0020007853979102;0.0111921859315882;8.91744190491584e-06;0.0005622359663448;0.0099655826862395;0.0223029405925397;0.0020705580027491;4
6214799;6743636;54;0.1962439427299371;0.3338385459948125;0.0036706213483562;0.022204432299255;0.2896094150575967;1.612079729867657;0.0980523350721885;5
6215678;6801224;6;0.0018734179182704;0.001908656485606;-1.6627884771462758e-05;1.538227015395509e-05;3.525872259264504e-05;0.004589470559308;2.907414594169159e-05;0
6220656;6590415;6;0.0023581697710483;0.0024058459435971;-2.4455560854891652e-05;2.591471485164651e-05;4.552846230118212e-05;0.0057773667154386;4.5052099730302645e-05;0
6221063;6627258;40;0.0;0.0;0.0;0.0;0.0;0.0;0.0;4
6223210;6806015;6;0.0010952028692534;0.0011207342179136;-1.1742224445458969e-05;1.0723900054987032e-05;2.673933650695448e-05;0.0026831632913547;2.061269490587865e-05;0
6226293;6798461;12;0.0;0.0;0.0;0.0;0.0;0.0;0.0;0
6226761;6534567;42;0.0033466864218965;0.0123224075360975;-0.0001022038923415;0.0007544455027419;0.0098712817973006;0.0264716942966384;0.0023418428776002;4
6243133;6781235;44;0.001147975923803;0.0016449801993124;2.747148640086912e-05;6.16555874417441e-05;0.0012255628693984;0.0082403587033101;0.0004747766893123;4
6243230;6781080;22;0.0017735692433957;0.0020504747656214;-1.0992955000450423e-05;4.491592443932266e-05;0.0003332571582676;0.0083504402869296;0.0001548899962954;0
6247185;6799282;39;0.0003354387324057;0.0008519944962837;2.2455003527255745e-05;3.521291635640447e-05;0.0005487804009509;0.0028629555935861;0.0003124866416068;4
6253326;7288036;34;0.0;0.0;0.0;0.0;0.0;0.0;0.0;4
6253843;6819949;39;6.190862367470915e-07;3.007336899589365e-06;7.228619496119948e-08;9.34128303416799e-08;1.976436696914385e-06;7.642572549042947e-06;1.055649905480851e-06;4
6267484;7294159;12;4.883080007717468e-05;6.833093401089314e-05;-4.6550826379430065e-08;7.953645241192226e-06;3.608087511902718e-05;0.0001795487852045;1.73791106271497e-05;0
6268135;7292687;57;0.0063083296581903;0.0168031543827722;-0.0001342765933197;0.000392221282647;0.0026615810835393;0.0521717965597667;0.0028209120116587;4
6272735;7324171;66;0.0047269545701337;0.0104274192417769;0.0001675242442311;0.0003019081898823;0.0050609433378057;0.0476219240085961;0.0034665874380778;4
6273781;7385318;50;0.0008765901908894;0.0024310071058549;3.664903069914486e-05;9.683057883557294e-05;0.001544138369577;0.0079534715775303;0.0007048005674855;4
6274505;6342549;44;0.0006748663443497;0.0083342985097675;-2.468967975260998e-05;0.0004142415261742;0.007650220907147;0.0091407606891037;0.0012014569217779;4
6275203;7386820;6;1.112321599403779e-05;1.1941328273748316e-05;2.5751595869319254e-07;4.801114561907091e-07;1.2485748529861294e-06;2.7279035862706635e-05;5.462284776425111e-07;0
6275726;7386644;6;0.0007940371070876;0.0008025520724811;-2.502742047774745e-06;3.362989622893901e-06;7.873155421687385e-06;0.0019450179689959;4.570469056429787e-06;0
6278209;7305991;57;0.0006616965210726;0.0067536143969264;-6.200664292941636e-05;0.0001232498922283;0.0037234903674923;0.0145019623032054;0.0018032616664178;4
6278230;7305935;57;0.0002946800773453;0.0033768071984632;-2.775366597045232e-05;6.03001285439866e-05;0.001540416304865;0.0065424196921251;0.0008149220562535;4
6278463;7306090;50;0.0013222722615958;0.0034462681838808;-3.84464517252066e-05;5.5863603413192185e-05;0.0005575681787299;0.0105775131285534;0.0006994796250847;4
6278521;7306050;50;0.0010103206884724;0.0017295557096743;-1.3550717984355596e-05;3.3218404256784995e-05;0.0003159091701387;0.0073109681146916;0.0002196752191881;4
6279939;7309099;12;0.0;0.0;0.0;0.0;0.0;0.0;0.0;0
6280008;7309086;12;0.0;0.0;0.0;0.0;0.0;0.0;0.0;0
6280075;7309378;19;0.002133412711179;0.0037187581077575;-3.237806682644799e-05;0.0001855864262135;0.0006889366129749;0.0099131438847547;0.0007878309848019;0
6280166;7309410;19;0.0035089033641452;0.0063036377000554;0.0001106530261757;0.0004322962846834;0.0061957104430267;0.0190423171891357;0.0026023692683921;0
6283489;7386387;36;0.0;0.0;0.0;0.0;0.0;0.0;0.0;4
6288382;6806420;22;0.2483924575166097;0.3064575020727964;-0.0055638164533187;0.0086720863180465;0.0894439975644953;1.1821457153803745;0.0426905394390198;1
6289592;8914675;17;0.0;0.0;0.0;0.0;0.0;0.0;0.0;0
6300085;9119628;15;2.278779501328556e-07;4.210331310970861e-07;2.035662349000765e-08;5.9120180021858255e-08;4.210331310970861e-07;1.0850702927933656e-06;1.6298305391489784e-07;0
6307317;8849814;35;0.0003994161642749;0.000889975867629;3.432836440237088e-05;2.9802723161546803e-05;0.000889975867629;0.0033946013865822;0.0004119519404647;4
6321140;7581315;49;0.0;0.0;0.0;0.0;0.0;0.0;0.0;4
6321882;7522640;3;0.0;0.0;0.0;0.0;0.0;0.0;0.0;0
6324069;7505020;5;0.0;0.0;0.0;0.0;0.0;0.0;0.0;0
6327435;7545172;13;0.0;0.0;0.0;0.0;0.0;0.0;0.0;0
6328270;7541656;50;0.0;0.0;0.0;0.0;0.0;0.0;0.0;4
6334925;7541326;29;0.0;0.0;0.0;0.0;0.0;0.0;0.0;4
6347322;7212979;57;0.0029482859803057;0.0183055147164807;-0.0002149123623533;0.0007511854281548;0.0179415474735325;0.0428600294019321;0.0048513262388164;4
6349742;7532550;3;0.0;0.0;0.0;0.0;0.0;0.0;0.0;0
6350964;7532847;40;0.0013448032429856;0.0050738227746794;0.0001032609853539;0.0001447024164347;0.0015174268819186;0.0122244452871184;0.0013883194164525;4
6362043;8779266;45;0.0009359856923652;0.0017782202646985;4.6579922580653694e-05;5.119031807375842e-05;0.0009916599378921;0.0077036789148623;0.0006653913483261;4
6362629;6129247;48;0.0;0.0;0.0;0.0;0.0;0.0;0.0;4
6368029;8768856;36;0.0;0.0;0.0;0.0;0.0;0.0;0.0;4
6369001;7523603;5;8.366529823299438e-06;8.624292642151562e-06;-1.3088340828496218e-07;1.2911650809734136e-07;1.8321795014289986e-07;1.8712747066233003e-05;1.8590123400187802e-07;0
6371155;7524098;10;0.0039871755393294;0.0057500545891258;0.0004367543528817;0.0004001108117838;0.0014992882092406;0.013266889173349;0.0013051689746409;0
6371159;7524073;10;0.0;0.0;0.0;0.0;0.0;0.0;0.0;0
6371165;7524073;10;0.0007912783902872;0.0008221502710085;-4.671369612862663e-06;6.165680360334799e-06;1.923895409031574e-05;0.0025026439289844;1.4183532444724423e-05;0
6371171;7524071;10;0.0019676054798975;0.0023630561839495;0.0001068819898683;0.0001008864718043;0.0007785237864103;0.006328539601589;0.0003654723305053;0
6372494;7524205;60;0.0036951892069308;0.0111297688531281;0.0001392324965436;0.0002930039090455;0.0031794255057295;0.0358953359732824;0.0027964553400501;4
6373380;6834442;11;0.0;0.0;0.0;0.0;0.0;0.0;0.0;0
6377457;8533012;47;6.195172639296348e-06;2.1792902051801728e-05;-1.3529372615111852e-07;9.55299625429397e-07;1.1407274284012187e-05;4.893153804657656e-05;3.544332323647672e-06;4
6378704;8537061;44;0.0006383180917637;0.0010016830308792;2.047689107667103e-05;3.0040576406997924e-05;0.0009926410634918;0.0049596561082842;0.0003893581348728;4
6379228;8524365;41;0.0105905553402014;0.0150145111272691;0.0003003493414411;0.0004852453425509;0.0148903347751483;0.076684303037074;0.0055916487670871;4
6380225;8524469;3;1.2453086886743843e-05;3.735926066023154e-05;1.867963033011245e-05;1.867963033011577e-05;3.735926066023154e-05;3.735926066023154e-05;1.761132436864369e-05;0
6384132;8709743;46;0.0033690004738317;0.0053311978529765;0.0001319751188875;0.0001605449941187;0.0049609757102056;0.0273227948918761;0.0022088142000725;4
6384274;8707814;41;0.0;0.0;0.0;0.0;0.0;0.0;0.0;4
6384919;8715540;40;0.0;0.0;0.0;0.0;0.0;0.0;0.0;4
6403111;7469403;54;0.0;0.0;0.0;0.0;0.0;0.0;0.0;4
6403140;7469399;54;0.0021711439082783;0.0048270880679315;-3.782742426427254e-05;9.311762345476366e-05;0.000695349813705;0.0167995198772107;0.0007158924901214;4
6403202;7469448;54;0.0;0.0;0.0;0.0;0.0;0.0;0.0;4
6403231;7469445;54;0.0062566268427116;0.0126245970745358;0.0001018589865119;0.000403250941186;0.0031315312581781;0.0488260191373212;0.0022366047952831;4
6403970;6286253;43;0.0010070712826932;0.0082474326306848;-5.25748624186504e-05;0.0004030544885107;0.0076580185083225;0.0106654807660269;0.0012771898615774;4
6405510;6121790;41;0.0;0.0;0.0;0.0;0.0;0.0;0.0;4
6405932;6122151;41;0.0;0.0;0.0;0.0;0.0;0.0;0.0;4
6405952;6122210;41;0.0;0.0;0.0;0.0;0.0;0.0;0.0;4
6405970;6122185;41;0.0027970947684171;0.0038370053995867;-2.9744541003111123e-05;6.464739518823487e-05;0.0009482177789729;0.0180764551039274;0.0003820651279094;4
6410892;9153582;14;7.845299984753612e-07;1.0777333112996746e-06;5.441199329054941e-08;6.795868765519143e-08;7.014631643849957e-07;3.1298047666113166e-06;2.9017918331295334e-07;0
6411625;7464390;54;5.429658491115749e-06;3.5234219473953106e-05;-3.397784990158684e-07;6.41261538377164e-07;5.660832953148994e-06;6.745425839494615e-05;7.401317004656215e-06;4
6414078;6274691;4;0.0035620873568163;0.0042425007353415;0.0007893238505391;0.0009006357686763;0.0026662482502015;0.0074841462144122;0.0011465796100074;0
6414078;6274719;32;0.0;0.0;0.0;0.0;0.0;0.0;0.0;4
6414080;6274529;28;0.0073123337503074;0.0091262943677423;0.0001476950008956;0.0003604197198401;0.0061886837283233;0.0399911670397211;0.0019098162278276;0
6422068;7349806;57;0.0318316873685086;0.0455022043193655;0.0006228209753649;0.0017209858582662;0.0234244783481755;0.2591293085361963;0.0128366172109992;4
6422912;7349977;19;0.0;0.0;0.0;0.0;0.0;0.0;0.0;0
6423014;7349979;19;0.0083147676546339;0.0184186882300089;-0.0006336891951714;0.002030870007436;0.0128205639509845;0.0455487522963925;0.0063292012213138;0
6428302;7080349;56;6.245346616187694e-05;0.0001302479051795;1.0100355763282617e-07;7.405894908505289e-06;0.0001302479051795;0.0005169345054459;2.951903094529843e-05;4
6432816;7327357;44;0.000946181278181;0.00127784433217;-9.854154822171125e-06;2.5873273830712304e-05;0.0003162360158432;0.0063396529356267;0.0001348233568473;4
6432826;7327331;44;1.2295359085693265e-06;3.956361334480678e-06;-4.850468836534535e-08;7.750424103485979e-08;4.714906328758854e-07;9.648675284026811e-06;7.772263990435411e-07;4
6432834;7327333;44;0.0018917477884077;0.0025545311966479;-1.9684057300159575e-05;5.172124028304948e-05;0.0006326354545386;0.0126749869452569;0.0002693454812902;4
6432964;7325643;44;1.2295359085693265e-06;3.956361334480678e-06;-4.850468836534535e-08;7.750424103485979e-08;4.714906328758854e-07;9.648675284026811e-06;7.772263990435411e-07;4
6437047;7326411;44;0.0;0.0;0.0;0.0;0.0;0.0;0.0;4
6449705;8578332;41;0.0;0.0;0.0;0.0;0.0;0.0;0.0;4
6449760;8578345;41;0.0007022488622437;0.0010214568075745;1.7706195016136848e-05;3.1357566848933594e-05;0.0009913169162831;0.0050498572524462;0.0003589200000766;4
6449837;8578310;41;0.0;0.0;0.0;0.0;0.0;0.0;0.0;4
6449895;8578324;41;0.0071851870162878;0.0100230449243257;0.000209495518142;0.0003320828026991;0.0099259944743673;0.0519806986024898;0.0037782742750013;4
6450044;9177622;9;1.3320604981758874e-06;1.436977748399566e-06;-2.2954791186943823e-08;2.370247605451889e-08;3.7939425971366445e-08;4.000217279741218e-06;5.988113033788574e-08;0
6450116;9177566;9;2.3311058718078037e-06;2.5147110596992408e-06;-4.0170884577151706e-08;4.147933309540809e-08;6.639399544989121e-08;7.000380239547132e-06;1.0479197809130008e-07;0
6450307;8578526;41;0.0013729217716644;0.002007885782146;3.601470729062464e-05;6.231839097513544e-05;0.0019849794647645;0.0099387505213705;0.0007241021368887;4
6453375;6830103;46;0.1987180091541569;0.3116616512637136;0.0036826550025811;0.0239307471805104;0.2892023781758952;1.5021271523315196;0.0977907051143217;5
6453899;9175558;9;1.3320604981758874e-06;1.436977748399566e-06;-2.2954791186943823e-08;2.370247605451889e-08;3.7939425971366445e-08;4.000217279741218e-06;5.988113033788574e-08;0
6477769;9209054;15;1.3280077439785434e-07;4.160550657200582e-07;-2.88243607918556e-08;5.9436437960008316e-08;4.160550657200582e-07;8.914595289252002e-07;1.8799989476973878e-07;0
6485727;6163756;61;0.0;0.0;0.0;0.0;0.0;0.0;0.0;4
6489232;7365729;35;0.01025449316543;0.0124273920702633;-8.053814392878593e-05;0.0001710403765388;0.0013195699194877;0.0609206886542474;0.0009398822618207;4
6489615;6671762;47;0.0;0.0;0.0;0.0;0.0;0.0;0.0;4
6492467;6267287;54;0.0044447926823536;0.0076707530826402;0.0001243118448161;0.0002608670988549;0.0028848249489806;0.0386076113115671;0.0028011698077945;4
6495552;6261426;37;0.0;0.0;0.0;0.0;0.0;0.0;0.0;4
6506966;6270040;4;0.0046379716575459;0.0051067474579115;0.0002393914900142;0.0005540947378475;0.0012655977547817;0.00932569091949;0.0004809851195875;0
6507290;6270430;4;0.0057918596836561;0.0063776469839285;0.000299831479554;0.0006925703082999;0.0015828143077382;0.0116460572130197;0.0006016839345295;0
6507401;6270343;61;0.003168243590265;0.0091791748584376;3.365396990404356e-05;0.0004873130425349;0.0066822920863125;0.0316185651757019;0.0025201803522748;4
6510479;6267706;6;0.0;0.0;0.0;0.0;0.0;0.0;0.0;0
6512366;7118189;41;0.0006868679297158;0.0011246961787875;7.237921673606763e-06;3.917880655133081e-05;0.000571120065076;0.0045644923380468;0.0001907175562238;4
6531561;7115434;49;0.0019727779421481;0.0030897697506476;-2.161249633497052e-05;5.775782461236583e-05;0.0002611297682183;0.0140162790121155;0.0003427169267802;4
6531601;7115375;49;0.0;0.0;0.0;0.0;0.0;0.0;0.0;4
6546014;6339643;52;0.0124646722966585;0.0177983807026986;0.0001730257018514;0.0007931563844493;0.0054519857687259;0.0935747937955915;0.0036084919868783;4
6547265;6334683;28;0.0008630766364373;0.0009612000177264;-7.509615717159875e-06;7.205217405957893e-06;1.923895409031574e-05;0.0045784298533623;6.117424527183078e-05;0
6547357;6334642;28;0.0;0.0;0.0;0.0;0.0;0.0;0.0;0
6564127;6610632;31;0.0112970974698675;0.0173881949152671;-0.0002227819602858;0.0004582684162266;0.005386975761588;0.0642916903095694;0.0023899297756404;4
6568886;6850533;32;0.2381014922254359;0.3117246061124961;0.0002643846993832;0.0157518596064165;0.2891944734986267;1.4237830620721683;0.0815866005857162;5
6570730;6594145;31;0.0;0.0;0.0;0.0;0.0;0.0;0.0;4
6571079;6598461;50;0.0005422597413751;0.0009891223624532;2.293713360471363e-05;2.472623626818116e-05;0.0009891223624532;0.004884336216653;0.0004278892127992;4
6573161;6600135;41;4.2393458515282186e-07;2.641781088810076e-06;-4.928434134138981e-08;6.60445272202519e-08;1.129930096874557e-06;5.699446676985916e-06;7.826650934976845e-07;4
6573592;6600189;10;0.0;0.0;0.0;0.0;0.0;0.0;0.0;0
6573704;6587666;44;0.0;0.0;0.0;0.0;0.0;0.0;0.0;4
6574054;6600212;10;0.002225402807807;0.0025580035997245;-2.9592887561320115e-05;0.0001379921865564;0.0006321451859819;0.0070633763437534;0.0001916008359952;0
6575855;7121198;41;0.0055036808877864;0.0071751422238426;-5.378731135935256e-05;0.0001194805131199;0.0014847457585457;0.0355037078000409;0.0006735894322477;4
6576278;7117529;41;0.0;0.0;0.0;0.0;0.0;0.0;0.0;4
6576290;7117552;41;0.0046088582455322;0.0059655884855113;-4.4605782911563566e-05;9.896256809805394e-05;0.0011747184809543;0.0297250529129339;0.0005559922629064;4
6576802;7117535;41;0.0;0.0;0.0;0.0;0.0;0.0;0.0;4
6576857;7117533;30;0.0;0.0;0.0;0.0;0.0;0.0;0.0;4
6577117;7117524;41;0.0080479276832258;0.010933439820361;-0.0001051782921309;0.0002019801243912;0.0024282256049369;0.0522071975113245;0.0013071728216745;4
6577131;7117498;41;0.0;0.0;0.0;0.0;0.0;0.0;0.0;4
6583877;6609948;49;0.0192281817379707;0.0272542990711207;0.0001655995261206;0.0017594932854174;0.0103452904464281;0.1409906438336313;0.0059964887245323;4
6589731;6593565;60;0.0003304561037016;0.0017295557096743;-6.8033743610474885e-06;0.0001196529777994;0.0017295557096743;0.0042907200399272;0.0004445635363779;4
6619637;6722661;31;0.0;0.0;0.0;0.0;0.0;0.0;0.0;4
6620624;7106702;11;0.2113513643724922;0.218248447376243;0.0019548198702195;0.0021657742638256;0.004951846229438;0.7013205055137289;0.0066541853594611;1
6625277;7415204;60;0.0091194215927314;0.0202949104169969;3.1609050524465994e-05;0.0011239614091689;0.0155401306372855;0.0790357570453312;0.0045767890501421;4
6625357;7110311;64;0.0;0.0;0.0;0.0;0.0;0.0;0.0;4
6625394;7110337;64;0.0083741325643811;0.0414746543778801;-0.000353147632153;0.0016219891505856;0.0192759228768231;0.0954227144104854;0.0084939539786876;4
6626513;7111480;64;0.0;0.0;0.0;0.0;0.0;0.0;0.0;4
6628565;7388671;36;0.0;0.0;0.0;0.0;0.0;0.0;0.0;4
6641020;6852762;63;0.1802800717263462;0.3118263831180277;0.0025988226588725;0.0214048293517627;0.2891875637123207;1.6028782568377018;0.0909964012683414;5
6653514;7412522;41;0.0092303104029765;0.0120596301517101;4.157094748844139e-05;0.0004382463576949;0.0077953082815884;0.0608531855974277;0.0022629915545138;4
6660619;7307331;4;0.0050988484841742;0.007158836689038;-0.0012458684244734;0.0012404560944722;0.0016120025707753;0.0105789494162393;0.001407226642468;0
6660935;7307528;4;0.0;0.0;0.0;0.0;0.0;0.0;0.0;0
6662880;7405197;70;0.0146676014647447;0.0269541778975741;0.0001145822023903;0.0017451608960224;0.0157626186013266;0.1349893667950229;0.0067214282673513;4
6663342;7197968;51;0.0;0.0;0.0;0.0;0.0;0.0;0.0;4
6663397;7197971;8;0.034860654533369;0.0420079981678205;-0.0005586334224614;0.0048750178820145;0.011932252630451;0.0992190882307595;0.0039100126819491;0
6663487;7197976;43;0.0018817190188338;0.0025591610674167;-1.941002266938057e-05;5.05497977639314e-05;0.0006319817631297;0.0124572441083165;0.0002608426748069;4
6663498;7197938;43;0.0;0.0;0.0;0.0;0.0;0.0;0.0;4
6664987;7389999;36;0.001363357147511;0.0017126193699575;-1.3519161155906391e-05;1.641404299565581e-05;6.493492866756255e-05;0.0082253763990159;0.0001435733731681;4
6665019;7389985;36;0.0;0.0;0.0;0.0;0.0;0.0;0.0;4
6665840;7119152;60;0.0160616509437148;0.0297146123677621;3.359248388641185e-05;0.0011908655642923;0.0257280996426747;0.1396547560994204;0.0081902920571902;4
6666167;7118260;60;0.0101953306998065;0.0260236578707916;-2.999422975967571e-05;0.0011473328839108;0.0168132453480899;0.0836778284918913;0.0035713977105452;4
6666174;7118231;60;0.0;0.0;0.0;0.0;0.0;0.0;0.0;4
6666264;7118319;60;0.0097349037716278;0.0330364092363573;-0.0003910798792486;0.0011537247548232;0.0166578833036912;0.0960159416662363;0.0076735041620314;4
6666274;7118288;60;0.0;0.0;0.0;0.0;0.0;0.0;0.0;4
6666344;7118321;51;0.0;0.0;0.0;0.0;0.0;0.0;0.0;4
6666357;7118264;51;0.0;0.0;0.0;0.0;0.0;0.0;0.0;4
6667050;7303912;60;0.0304341414051368;0.0364315211857215;8.267040456383364e-05;0.0016309250653093;0.0134434087190819;0.2373652993900143;0.0035778661481369;4
6668030;7406509;42;0.0104401777268921;0.0159792811803279;0.0001186722658873;0.0005381122680917;0.0159792811803279;0.0737074372989069;0.0045116232230137;4
6668298;7406469;42;0.0008277363241442;0.0025568461320323;-5.4881413292186e-05;8.228923924660094e-05;0.0011174459848809;0.0071931389549373;0.0007394505084715;4
6668414;7117855;6;6.47698862447006e-07;6.682970887976367e-07;-9.2842413649409e-09;8.923623763185839e-09;1.4093688472530752e-08;1.5870143371688516e-06;1.597710804357224e-08;0
6668535;7118249;6;0.0015638786349522;0.001583529951906;-9.8780894277043e-06;9.419361871212777e-06;1.72008495888153e-05;0.0038309377724801;1.7252572053871256e-05;0
6668540;7118258;6;0.0007817773927605;0.0007915979016808;-4.936723653510912e-06;4.70745002966557e-06;8.596901372289454e-06;0.0019150721701088;8.622313465210702e-06;0
6668556;7118258;6;9.71548293670509e-07;1.002445633196455e-06;-1.3926362047411322e-08;1.3385435644778771e-08;2.1140532708796072e-08;2.3805215057532777e-06;2.3965662065358352e-08;0
6669551;6230566;46;0.0;0.0;0.0;0.0;0.0;0.0;0.0;4
6672512;7114101;17;0.0;0.0;0.0;0.0;0.0;0.0;0.0;0
6674718;7202294;58;0.0040760390501945;0.0394362333253317;-0.0001228869350326;0.0008917565570965;0.0291737711530472;0.0578212606408525;0.0064053866211507;4
6679235;7306827;47;0.0;0.0;0.0;0.0;0.0;0.0;0.0;4
6679254;7306735;47;0.0009720334872044;0.0014279851354618;-1.1088394748402854e-05;2.882893987760656e-05;0.0003159091701387;0.0067563467551671;0.0001624489290911;4
6679345;7306836;47;0.0;0.0;0.0;0.0;0.0;0.0;0.0;4
6679354;7306793;47;0.0038785977309399;0.0056753976151523;-4.390937475855092e-05;0.0001147728594553;0.0012657611776339;0.0269534913561728;0.0006432173028797;4
6679744;7128836;12;0.0;0.0;0.0;0.0;0.0;0.0;0.0;0
6684769;7297765;47;0.0;0.0;0.0;0.0;0.0;0.0;0.0;4
6688249;7192333;65;0.0045993622717157;0.0522595078299776;-0.0003581995618607;0.0020112863320666;0.032554847841472;0.1064185939534843;0.0123723627953691;4
6689821;7130638;12;0.0102850651256532;0.0196707784313607;-0.0002777281947008;0.001181893106661;0.0106437240374222;0.0370142448585766;0.0028963129835407;0
6690566;7188793;70;0.0076593237876504;0.0599078341013824;-0.0002717546325023;0.0026408329616217;0.0385805277525022;0.1359093336916457;0.0143251926552102;4
6692176;7748044;33;0.0;0.0;0.0;0.0;0.0;0.0;0.0;4
6694930;7607202;36;0.0009667460224011;0.0016013316481551;2.623183828776972e-05;5.938061469201514e-05;0.0010204860823382;0.006263036594298;0.000393704062424;4
6696109;7418183;36;0.0;0.0;0.0;0.0;0.0;0.0;0.0;4
6696135;7418155;36;0.0109900491594633;0.0148656911194098;-0.0001731828082389;0.0001851382978504;0.0017881726659113;0.0668762356776516;0.0018582279448864;4
6696173;7418196;36;0.0;0.0;0.0;0.0;0.0;0.0;0.0;4
6696175;7418198;36;0.0;0.0;0.0;0.0;0.0;0.0;0.0;4
6696214;7418235;36;0.0;0.0;0.0;0.0;0.0;0.0;0.0;4
6696231;7418215;36;0.002946321875399;0.0045992741903611;-9.436273365040065e-05;0.0001063202098298;0.0017106781058335;0.0188026682445396;0.0010675917830675;4
6700761;7407905;36;0.0;0.0;0.0;0.0;0.0;0.0;0.0;4
6701179;7409058;36;0.0;0.0;0.0;0.0;0.0;0.0;0.0;4
6701208;7409107;36;0.0;0.0;0.0;0.0;0.0;0.0;0.0;4
6701209;7409051;36;0.0083129930699114;0.0114520764928655;-0.0001470579118451;0.0001581321790477;0.0017636390917363;0.0507821364952189;0.0015900266500633;4
6701294;7409091;36;0.0047375489167319;0.006888449583508;-0.0001120169256855;0.0001236555579577;0.0017291920869697;0.0293805682696034;0.0012385080771886;4
6701790;7408417;36;0.0056251330968502;0.0080214131667107;-0.0001207566946189;0.000132178986719;0.0017402391872548;0.0346746387314481;0.001325122282558;4
6702628;7597537;59;0.0004346136698985;0.0011507872237045;1.1289321002336682e-05;5.57741408706573e-05;0.0011507872237045;0.0047950309378517;0.0004481197670806;4
6704637;7060018;44;0.0;0.0;0.0;0.0;0.0;0.0;0.0;4
6705211;7063430;10;0.0;0.0;0.0;0.0;0.0;0.0;0.0;0
6712594;8681789;44;0.0006407000421738;0.0010078976464121;2.0729342742979225e-05;2.918845789146337e-05;0.0009922249029405;0.0049873666585643;0.0003934687884447;4
6714578;7590321;6;0.0011405746417199;0.0012801592675544;2.815688092130941e-05;0.0001107410756784;0.0003159091701387;0.0028057169432403;0.0001053442654499;0
6715106;6987883;40;0.0;0.0;0.0;0.0;0.0;0.0;0.0;4
6716264;7134795;54;0.0095927659521896;0.0296471653257867;9.930122436006574e-05;0.0012760571266204;0.0206872280201304;0.0749187647228186;0.0034525319277753;4
6716293;7135481;54;0.0;0.0;0.0;0.0;0.0;0.0;0.0;4
6727482;6830388;45;1.3121521755056962e-05;2.1526748779253957e-05;-1.1994006490565337e-07;9.007078796926473e-07;1.4552280756802366e-05;9.06773156836966e-05;3.2473256929400277e-06;4
6730730;7146049;54;0.0086236154384983;0.0282035413649937;0.0002187857277388;0.0011390574653523;0.0192676974595862;0.0709166679224113;0.004331986232361;4
6731584;7109768;10;0.0;0.0;0.0;0.0;0.0;0.0;0.0;0
6735065;7559318;14;0.0024449373194089;0.0034520088802793;-0.0001942550803284;0.0001464164613703;0.001539182678213;0.0097077616588577;0.0008681909551083;0
6737710;7317629;60;0.000869488062832;0.0017295557096743;4.311848263782543e-06;5.690266980096349e-05;0.0016532493463042;0.0074955645668017;0.0004247139957399;4
6738513;7106954;18;6.533214008132919e-06;1.5221340319127415e-05;1.1731651452496139e-07;1.095007965799378e-06;9.876198333653867e-06;2.9221528452878045e-05;2.180797384154164e-06;0
6738719;7122683;36;0.0;0.0;0.0;0.0;0.0;0.0;0.0;4
6738980;7138762;24;0.0018782451909157;0.0022158200076778;-1.739735331762345e-05;2.2358016723233335e-05;9.869185281387e-05;0.0092222059500212;0.0001261220724553;0
6738996;7138744;24;4.923609260096443e-07;7.175582926417985e-07;-1.0274790838627234e-08;1.3782465447666964e-08;6.412367694303181e-08;2.4418925621866566e-06;7.76682394860583e-08;0
6739005;7138747;24;0.0009391225954578;0.0011079100038389;-8.698676658811724e-06;1.1179008361616667e-05;4.9345926406935007e-05;0.0046111029750106;6.306103622769291e-05;0
6739444;7139034;35;6.75237841384655e-07;1.435116585283597e-06;-4.3029496749408344e-08;4.22093113318705e-08;8.011231746909167e-07;4.883785124373313e-06;4.748907289570265e-07;4
6739466;7106839;18;0.0008964313369569;0.0009545780780176;-6.8932204591785225e-06;7.474076229519906e-06;2.0494782370904303e-05;0.0038063239985855;3.613080279818386e-05;0
6743569;7565207;14;0.0;0.0;0.0;0.0;0.0;0.0;0.0;0
6745664;7105215;67;0.1748032234895998;0.436364149768268;0.0019495675364589;0.0191928703195968;0.3008648548625744;1.6831421770499784;0.1082909570945748;5
6746723;6538767;35;0.0001796492089984;0.0007961985898659;2.3731374446083e-05;2.4217676757191376e-05;0.000795030078755;0.0022232024164091;0.0003300668609342;4
6752788;7125910;54;0.0;0.0;0.0;0.0;0.0;0.0;0.0;4
6754002;6828918;34;0.0;0.0;0.0;0.0;0.0;0.0;0.0;4
6754106;6828919;34;0.0017959785898828;0.0021249693702523;-1.4020273182244415e-05;1.9092219988262645e-05;7.90735493894361e-05;0.0105045318994418;0.0001410945850453;4
6754111;6829928;34;0.0;0.0;0.0;0.0;0.0;0.0;0.0;4
6754663;6830493;35;0.2229943096134309;0.3137396858972744;0.002817589365009;0.0154722440429502;0.2891652825957533;1.4353644022180534;0.0955950974468903;5
6757523;7573000;65;0.000598370436734;0.0055468341182626;-3.398439243879976e-05;0.0001763067087062;0.0055468341182626;0.0105741887215997;0.0011671161068652;4
6772800;7120027;34;0.0813143700118646;0.2059804030649429;0.0056388678321802;0.0155650078773297;0.1815478969219205;0.6537273935211577;0.0771840037613455;1
6784599;6560694;8;0.0;0.0;0.0;0.0;0.0;0.0;0.0;0
6798530;6795420;45;0.0;0.0;0.0;0.0;0.0;0.0;0.0;4
6798532;6795412;45;0.0;0.0;0.0;0.0;0.0;0.0;0.0;4
6798538;6795445;45;0.0028367777187635;0.0038022813688212;-2.998577717387609e-05;7.839133333450923e-05;0.0009531204645396;0.0192355676325314;0.0004184152639664;4
6798547;6795393;45;0.001937144691614;0.0025904126951056;-2.0436006687260065e-05;5.225491027056864e-05;0.0006275693461197;0.013133523401137;0.0002838468639181;4
6798573;6795446;45;0.0;0.0;0.0;0.0;0.0;0.0;0.0;4
6798587;6795400;45;0.0;0.0;0.0;0.0;0.0;0.0;0.0;4
6809992;6769635;35;0.0053659497682517;0.0066467424647409;-4.975103189745632e-05;6.024798587258044e-05;0.0002953580001489;0.031889804382228;0.000512418118831;4
6810938;6768746;35;0.0044860479808355;0.0055610767679739;-4.171780227696505e-05;5.054815882980102e-05;0.0002479999077272;0.0266613009221819;0.0004297188396604;4
6810939;6768722;35;0.0;0.0;0.0;0.0;0.0;0.0;0.0;4
6810940;6768714;35;0.0;0.0;0.0;0.0;0.0;0.0;0.0;4
6810942;6768686;35;0.0080305799761642;0.00994392281943;-7.435994934690511e-05;8.999091065460226e-05;0.0004410232033228;0.0477251049604076;0.0007658445777979;4
6810968;6768747;35;0.0;0.0;0.0;0.0;0.0;0.0;0.0;4
6810973;6768686;35;0.0;0.0;0.0;0.0;0.0;0.0;0.0;4
6811110;6833120;56;0.0;0.0;0.0;0.0;0.0;0.0;0.0;4
6811148;6833134;56;0.0012264451793973;0.0032142754187206;-1.7456823835911687e-05;7.173533014607662e-05;0.0005624053554313;0.0098369222779016;0.0004730532348802;4
6811313;6833294;56;0.0;0.0;0.0;0.0;0.0;0.0;0.0;4
6811346;6833300;56;0.0081357742663697;0.0228275841076334;0.0001786505750738;0.0010290633362842;0.0205520913856551;0.0707217194487233;0.0048086148856538;4
6813060;6749779;8;0.0196088736706088;0.0236099073135005;0.0022096614734588;0.0023414734479837;0.01554040888077;0.0586380853367358;0.0067301712359265;0
6816480;6747889;66;0.0067813434291093;0.0409626216077829;-6.588558468176887e-05;0.0016847224270011;0.0409626216077829;0.0834712683208223;0.0077188629644822;4
6820215;6867285;11;0.0236260502685403;0.1553211916377309;0.0003525280299079;0.0293389293298046;0.1438034437551996;0.1588660195928065;0.0416678635892921;1
6820500;6867486;11;0.0;0.0;0.0;0.0;0.0;0.0;0.0;0
6820569;6401083;48;0.0002587523081244;0.007499331269823;-1.224408753802231e-05;0.0001685316833813;0.0074852762980173;0.0075742268930241;0.0010621830967883;4
6820818;6867402;66;0.20012071239752;0.4314086750466465;0.0037433470821869;0.0312417779892881;0.3754481201493197;1.8743831652463987;0.1148203129232741;5
6826247;7120408;64;0.0471991420077876;0.2063645309519541;0.0024563387882409;0.0126793627470931;0.1816168505409444;0.6739285108284903;0.0697767714422821;1
6827627;7122533;8;0.0011435174248243;0.0014492972030808;0.0001507866298792;0.0001536946800225;0.0008397178416396;0.0034437675530057;0.0004181025819282;0
6828491;6870388;40;5.10226030213433e-07;1.157467692183042e-06;-1.4816763730919236e-08;2.1682774543389444e-08;1.1811080916553853e-07;3.465082105929139e-06;1.995977157018557e-07;4
6830332;6869766;40;0.000931600815704;0.0012790017998622;-1.0559972600864445e-05;1.399724810731991e-05;5.3438930463775526e-05;0.0059480448254241;0.0001288442909518;4
6830334;6869739;40;0.0009310905896738;0.00127784433217;-1.0545155837133526e-05;1.3982008363742524e-05;5.3321838721845935e-05;0.0059446802326571;0.0001286502644164;4
6832222;6864425;21;0.0004090855954819;0.0017447607422198;8.909005938259231e-05;8.996757378946793e-05;0.0017447607422198;0.0038421376042532;0.0007318486005598;0
6835799;6863530;6;0.0002895954051456;0.0017375724308738;-0.0002482246329819;0.0003475144861747;0.0017375724308738;0.0017375724308738;0.0006475550118772;0
6836063;6839386;56;7.033134424156135e-06;5.765516446135663e-05;-4.685679827111297e-07;1.0361743955088253e-06;1.52800386602019e-05;9.83452649019256e-05;1.110160240866792e-05;4
6838447;6878493;60;0.0;0.0;0.0;0.0;0.0;0.0;0.0;4
6838719;6864012;39;0.0;0.0;0.0;0.0;0.0;0.0;0.0;4
6839104;6863094;43;0.0;0.0;0.0;0.0;0.0;0.0;0.0;4
6839944;6874660;35;0.0;0.0;0.0;0.0;0.0;0.0;0.0;4
6841893;6866574;40;0.0019714773440333;0.0031693656927017;4.4733190082529815e-05;0.0002813178996653;0.0031693656927017;0.013679601266;0.0008896990231994;4
6842207;6873867;35;0.0017869538531448;0.0022151024493852;-1.662115466716966e-05;2.010054806546416e-05;9.862772913692662e-05;0.0106201699097995;0.0001712029996894;4
6842213;6866206;11;0.0025411795275281;0.0027262715856093;3.123678869626167e-05;6.111491753555266e-05;0.0003748682786748;0.0084416289301518;0.0001438344035112;0
6842216;6873868;35;0.0008932543833075;0.0011071924455462;-8.30603064976363e-06;1.0044529000109902e-05;4.928180272999183e-05;0.0053087475288336;8.555391941630207e-05;4
6842235;6873905;35;1.3352595891356703e-06;2.1526748779253958e-06;-2.7280102927240647e-08;3.5798718322142185e-08;1.9237103082909557e-07;8.080554520118419e-06;2.875127519830135e-07;4
6842239;6874330;44;7.080922063598255e-07;1.435116585283597e-06;1.0609670456999551e-08;5.224544652524387e-08;1.435116585283597e-06;5.387036346745613e-06;3.9768647432903014e-07;4
6842518;6940847;36;0.0;0.0;0.0;0.0;0.0;0.0;0.0;4
6842546;6940846;36;0.1176343778166138;0.323819780298966;-0.0015708979708679;0.0186650129301397;0.3130970514246676;1.1359015224837048;0.1483342492842443;2
6842550;6940814;36;0.0;0.0;0.0;0.0;0.0;0.0;0.0;4
6842551;6940560;36;0.0;0.0;0.0;0.0;0.0;0.0;0.0;4
6842551;6940810;36;0.0;0.0;0.0;0.0;0.0;0.0;0.0;4
6842580;6940566;36;0.1179835108622663;0.3241537125133628;-0.0016461580081023;0.0186078611646551;0.3097105891434328;1.137168020246256;0.1483265155920915;2
6845303;6867435;25;0.0010181213965465;0.0017777064146528;5.64484088047142e-05;0.0001416325135669;0.0015128565026696;0.0061825266319426;0.0007016938392783;0
6849213;6940671;36;0.1169036673913086;0.3230921595791751;-0.0016005187173875;0.0186185272973902;0.3114130421177792;1.133160343695562;0.1483295445528194;2
6849402;7159650;55;0.000473541147198;0.0017295557096743;-6.563677612008053e-06;0.0001585913379439;0.001718701717576;0.0052333735539833;0.0005231883332137;4
6862592;6683577;63;0.0185711050050171;0.0313187608150887;0.0001767782571106;0.0016160633637151;0.0111954221044863;0.1533659421709081;0.0053352644245113;4
6868879;7163146;51;0.1274850868867955;0.4470106603628327;-0.0016663416291555;0.025970691741908;0.4127081371324935;1.403651145634096;0.1495982674177933;2
6873548;6872545;46;0.1002474902866399;0.4180425444344889;0.0055506194392655;0.0317831104456192;0.4109176341743515;1.1541943212607424;0.1375155961927296;5
6885446;7031293;7;0.0009063848300209;0.0009898186871483;3.553521197212903e-05;4.767539222542471e-05;0.0001783666738613;0.0024085284148861;8.474744384633792e-05;0
6889524;7479854;51;0.0;0.0;0.0;0.0;0.0;0.0;0.0;4
6899215;7045865;42;0.0;0.0;0.0;0.0;0.0;0.0;0.0;4
6901039;7043265;7;0.0292191469523017;0.0297835458115762;-1.840026276442228e-05;0.0003631132558249;0.000844764919841;0.0773117253156237;0.0003365859977176;0
6901297;7041477;65;0.1311529311339898;0.4256748617793748;0.0059343561358622;0.0222336852890924;0.4167300285906744;1.715677922851665;0.1675837240827215;5
6901392;7138363;41;0.0;0.0;0.0;0.0;0.0;0.0;0.0;4
6904991;7048177;46;0.0298868626628099;0.2075175012652083;0.001906661145541;0.0099549274168575;0.2060019356937305;0.4280021126223122;0.0555794532447217;1
6909010;7125876;12;0.0;0.0;0.0;0.0;0.0;0.0;0.0;0
6909337;6643261;29;0.0008155661583261;0.0009642584338512;-1.1332691997371817e-05;1.0630449878567816e-05;9.937183113518348e-05;0.0044235721544363;9.803131201102834e-05;4
6996680;6583840;37;9.701194317709195e-07;1.5738712195613306e-06;2.3144873371120265e-08;6.145066622639169e-08;1.5738712195613306e-06;6.7438932224813605e-06;5.367122752247752e-07;4
7011244;6524857;54;0.0018063632974698;0.008980090947304;-4.371719064132518e-05;0.0004454032097974;0.007939166766749;0.018859435388208;0.0018230981545968;4
7017039;7249536;29;0.0;0.0;0.0;0.0;0.0;0.0;0.0;4
7023316;6527602;14;0.0;0.0;0.0;0.0;0.0;0.0;0.0;0
7050520;6869457;49;0.0268472259701295;0.4152272012983077;-0.0004004815177557;0.0173236461699975;0.4125330017280751;0.7187944678221937;0.0991131679918364;2
7051654;6538688;34;7.310195877096963e-06;8.247201621399839e-06;3.689373387108082e-09;2.586011984533155e-07;1.9262911012626474e-06;4.271744224166948e-05;4.806583652383698e-07;4
7076538;7867300;35;2.6134057008373465e-07;1.3745336035666398e-06;3.571275161267159e-08;4.4167919622643086e-08;1.3745336035666398e-06;3.4588727430843496e-06;5.229952028690853e-07;4
7085682;7007288;49;0.1654487748952223;0.4246169185203231;0.0078077461541963;0.0224593233662017;0.4182604530334356;1.695435228008638;0.17688974161662;5
7105783;8973620;36;0.0;0.0;0.0;0.0;0.0;0.0;0.0;4
7194249;7759863;18;0.0;0.0;0.0;0.0;0.0;0.0;0.0;0
7194291;7759930;18;0.0;0.0;0.0;0.0;0.0;0.0;0.0;0
7194315;7759838;18;0.0018496539599262;0.0019777030368656;-1.3930509369241595e-05;1.4059348071855296e-05;2.8673404285473915e-05;0.0078534949242055;7.281126211895773e-05;0
7194331;7759872;18;0.0;0.0;0.0;0.0;0.0;0.0;0.0;0
7194335;7759880;18;0.0;0.0;0.0;0.0;0.0;0.0;0.0;0
7194351;7759915;18;0.0024327416291891;0.0025837719187798;-1.7237389867185266e-05;2.1196641042539955e-05;4.881233268472793e-05;0.0103284790114475;9.107557023661612e-05;0
7201916;7755136;36;0.0053580427266546;0.0086898676269379;-6.018207446320569e-05;0.0004899794416907;0.0076125258344644;0.0368816120255381;0.003012671934322;4
7214520;7590457;34;0.0;0.0;0.0;0.0;0.0;0.0;0.0;4
7270113;7306848;52;0.0;0.0;0.0;0.0;0.0;0.0;0.0;4
7273875;6905322;49;0.0264606409588855;0.4151064782436171;-0.0003550399239442;0.0173067483199079;0.4133858467086977;0.7185615445672426;0.0991826374343306;2
7276602;7991029;10;0.0;0.0;0.0;0.0;0.0;0.0;0.0;0
7293569;8007003;10;0.0027199674492347;0.0030013222257901;8.310374741480525e-05;9.27608699218318e-05;0.0006635841995242;0.0086532758103933;0.000299491736409;0
7296081;7159970;31;0.0;0.0;0.0;0.0;0.0;0.0;0.0;4
7305321;7177595;52;0.1073739347589769;0.4483026479618829;-0.0026249854915861;0.0183301148716259;0.4048575068171119;1.3355864690659311;0.1509122770748406;2
7305745;7159260;34;0.0061987086997697;0.0080568657253177;0.0001078757965302;0.0005418508418803;0.0043897332102726;0.0382542817485103;0.0021486960996762;4
7308237;7176765;5;0.0;0.0;0.0;0.0;0.0;0.0;0.0;0
7308526;7176758;5;0.0024693162482843;0.0119639013081636;0.0023673203353038;0.0029814308216159;0.0118879233634755;0.0119654648247662;0.0047473094443592;0
7310496;7162531;8;0.0071828562679164;0.0082733502723286;0.0004130737173688;0.0013833569780977;0.0043884141332682;0.0208689502601954;0.0016869236659574;0
7315158;7160159;5;0.000570986209922;0.0005819735654236;-4.8116277549610575e-06;5.890273224932411e-06;1.379775926013899e-05;0.0012768774991125;7.614304095136381e-06;0
7315188;7160195;5;0.0004949637652325;0.0005018674910605;-3.297367794559771e-06;3.6155940049711313e-06;5.648379519536265e-06;0.0011068237637517;4.758141222876117e-06;0
7315200;7160193;5;0.0069710074558801;0.0070678985544051;-5.36640990758862e-05;5.246893463460296e-05;0.0001167228761773;0.0155886589204099;7.945084919796826e-05;0
7318403;7160586;5;6.435792171768798e-07;6.634071263193509e-07;-1.0067954483458653e-08;9.932039084410852e-09;1.4093688472530752e-08;1.4394420820179231e-06;1.4300094923221365e-08;0
7324751;7116087;42;0.0018816976377282;0.0068096805535302;0.0001515140667993;0.0005566159264761;0.0048496884398969;0.0203700159208435;0.0025176734187324;4
7326596;7564330;18;0.0018496539599262;0.0019777030368656;-1.3930509369241595e-05;1.4059348071855296e-05;2.8673404285473915e-05;0.0078534949242055;7.281126211895773e-05;0
7326642;7564310;18;0.0;0.0;0.0;0.0;0.0;0.0;0.0;0
7326654;7564357;18;0.0;0.0;0.0;0.0;0.0;0.0;0.0;0
7326925;7564548;34;0.0121603509571749;0.0161520897613841;-1.0704505806807772e-05;0.0007349152730482;0.0095251831399211;0.0734682025896235;0.0032981999907852;4
7331267;7563851;40;0.0020646713620341;0.0032498061183393;5.16754102835858e-05;0.0002496574303387;0.0023237379436109;0.0146317916863856;0.0010437266719025;4
7331552;6889596;32;0.4007265320718475;0.4639882556685897;0.0079962753132579;0.0169120830106889;0.4235114326005389;2.382325096389177;0.129525184892162;5
7331637;7970882;13;0.0;0.0;0.0;0.0;0.0;0.0;0.0;0
7331757;7971103;3;0.0;0.0;0.0;0.0;0.0;0.0;0.0;0
7331775;7971087;13;0.0018450675700548;0.0025849928971286;-7.501667291202191e-05;0.0001553313909884;0.0010338183748858;0.0068090092974251;0.0004025917207999;0
7331785;7971308;34;0.0001462827717508;0.0011237174258021;1.5805353502463466e-05;6.268381621697607e-05;0.0009010339569246;0.0019431150910868;0.0002994181701347;4
7356841;7174973;12;0.0842929214193824;0.0883236125067892;0.0013556890610224;0.0019650196701196;0.0124652661684085;0.2929026924012218;0.0066359375054483;3
7356846;7175001;12;0.0;0.0;0.0;0.0;0.0;0.0;0.0;0
7357145;7099889;17;0.0768306638408116;0.0872763614587651;0.0006780737045613;0.003869378097775;0.0305553593679923;0.3188527335375055;0.0088014045623846;3
7357366;7885195;14;0.001777231777023;0.0033744292519062;-0.0001042180799026;0.0003556259971631;0.0021684693094079;0.0073605374386828;0.0008433679224481;0
7394949;7926491;34;0.0003685313946675;0.0014039444588615;1.0418125320531251e-05;0.0001036887672704;0.0011269441447458;0.0029008701385999;0.0003341945690731;4
7400500;7896911;31;0.0025687745291954;0.0047152375607238;-7.923311998885173e-05;0.0003459689403852;0.0027868223311114;0.0158962672740554;0.0012460859134036;4
7406677;7065747;32;0.0037609308146731;0.0066002880375923;0.000134903818355;0.0004993678450374;0.0049033971247746;0.0237771111969393;0.0018768640559401;4
7431570;8779174;3;0.0;0.0;0.0;0.0;0.0;0.0;0.0;0
7439898;7554235;37;5.72155735951078e-06;9.208696693157018e-06;-1.102919415457398e-09;4.550837314852267e-07;6.383871450970626e-06;3.813713954871836e-05;2.563787970773432e-06;4
7485927;6866959;37;0.0;0.0;0.0;0.0;0.0;0.0;0.0;4
7533944;7553085;39;0.0011787967384758;0.0033230124532241;7.451565344809379e-06;0.0002449481932683;0.0032923010262863;0.0082755711804369;0.0006053642702361;4
7534008;7553086;39;0.0010882023851354;0.005528786644805;-6.966466425450596e-05;0.0002431192143093;0.0033953226245485;0.0099947847546837;0.0011735605419896;4
7534392;7555314;39;0.0011338132529411;0.0044266171073072;-3.112366848504217e-05;0.0001835388950899;0.0033438759490943;0.0083230301462303;0.0007004954950677;4
7607075;7348594;47;0.0595174169064321;0.330293354806693;0.0005196945140849;0.0174575002282635;0.330293354806693;0.593271705927067;0.0628206057871025;1
7610247;7051310;28;0.0001370086556951;0.0019213812754976;-2.7298528061745652e-05;7.116226946287598e-05;0.0019148610839673;0.0027126369046972;0.000493992501683;0
7618214;7348961;3;0.0;0.0;0.0;0.0;0.0;0.0;0.0;0
7619344;7345464;11;0.0;0.0;0.0;0.0;0.0;0.0;0.0;0
7619568;7352238;3;0.0806103767804688;0.0817263911401299;0.0008094798944001;0.0016740215394915;0.0024835014338915;0.1396326512014392;0.0010293602342118;0
7637953;7581678;34;0.0002664131734989;0.0010546434697378;-1.3876166592501706e-05;3.942946283237353e-05;0.0005868198226694;0.0022114368490494;0.0002699275311713;4
7638340;7579591;34;0.0;0.0;0.0;0.0;0.0;0.0;0.0;4
7638347;7579627;34;0.0027959736514012;0.0052921669525443;-6.158579659419912e-05;0.0001334400235984;0.0017723116110685;0.0170317033179434;0.0008451415386721;4
7638390;7579627;34;0.0;0.0;0.0;0.0;0.0;0.0;0.0;4
7638398;7579627;34;0.0;0.0;0.0;0.0;0.0;0.0;0.0;4
7638424;7579589;34;0.0;0.0;0.0;0.0;0.0;0.0;0.0;4
7638431;7579627;34;0.0062800244706524;0.0094767622314792;-9.219561257870806e-05;0.0001678629256842;0.0018974595301747;0.0371781117568973;0.0011020828387855;4
7638553;7581016;34;0.0036519111189761;0.0063278608184268;-6.899055998837452e-05;0.0001419711706191;0.001816226671701;0.0219403221639016;0.000906484365154;4
7687080;7808669;20;0.0;0.0;0.0;0.0;0.0;0.0;0.0;0
7687090;7808802;4;0.0;0.0;0.0;0.0;0.0;0.0;0.0;0
7687153;7808784;4;0.0;0.0;0.0;0.0;0.0;0.0;0.0;0
7722215;7566647;52;0.1283421217818517;0.4476726547312151;-0.0012051914242709;0.0171989500717187;0.3579500571312305;1.3778211783407803;0.1415479524526567;2
7723130;7563420;4;0.0;0.0;0.0;0.0;0.0;0.0;0.0;0
7724081;7557543;4;0.3711571728914694;0.4141258525489464;0.033676489538333;0.0285543473934639;0.082978952283617;0.7470296686927691;0.0419008888690801;5
7725897;7564477;27;0.0312575419099065;0.0474827004303673;0.0001052644619187;0.0025925037168848;0.0196693770130102;0.1652719565524393;0.0058843911983569;0
7733382;7007576;28;0.0;0.0;0.0;0.0;0.0;0.0;0.0;0
7734019;6751624;43;0.2522472354845449;0.384155966294031;0.0115881269074595;0.0098487614374888;0.3620619062388028;2.012829290690086;0.1749052260077501;5
7737464;7013057;7;0.0;0.0;0.0;0.0;0.0;0.0;0.0;0
7737474;7013108;7;0.0092713319997342;0.0113005958495993;0.0011224981920978;0.0016056768563874;0.0082169643835753;0.02587117225645;0.0031079247687583;0
7737559;7012692;28;0.0065756634162351;0.0199301417711115;0.0005958059905091;0.0007496292644143;0.0134039599915796;0.0490507627571346;0.0065336369899913;0
7737623;7013138;7;0.0;0.0;0.0;0.0;0.0;0.0;0.0;0
7737696;7013146;19;0.0019607815766292;0.0021202797506377;-1.875876981391982e-05;2.044349387652676e-05;4.408616523357513e-05;0.0085590555733379;0.0001048329181322;0
7737708;7013095;19;0.0;0.0;0.0;0.0;0.0;0.0;0.0;0
7737758;7013152;19;0.0;0.0;0.0;0.0;0.0;0.0;0.0;0
7817078;7820095;20;0.0008341874210603;0.0009053680182326;-7.952810801424775e-06;7.300466866686778e-06;1.923895409031574e-05;0.0037364275273441;4.6646327824362376e-05;0
7828560;7856689;12;0.0;0.0;0.0;0.0;0.0;0.0;0.0;0
7881119;7601473;36;0.0;0.0;0.0;0.0;0.0;0.0;0.0;4
7946758;6917717;34;0.0;0.0;0.0;0.0;0.0;0.0;0.0;4
7987706;7781996;34;0.0005818431627541;0.0018643377399498;-9.450778378122512e-06;0.0001129901660575;0.0018643377399498;0.0059659194686259;0.0008415983613241;4
8028237;7949081;33;0.0;0.0;0.0;0.0;0.0;0.0;0.0;4
8033313;7910024;36;0.0003416889891441;0.0010855219017061;3.773850400689172e-05;3.544721170137393e-05;0.0010855219017061;0.0035523098923775;0.0004835015919943;4
8035688;7713848;46;0.0351545953032906;0.4181795385100404;-0.0002795160310099;0.0197944193576015;0.4053075300153905;0.4572499819922596;0.057526676187957;2
8049115;7903475;13;0.0022459606515756;0.0031536337714293;-0.0001963995175212;0.0002279695168403;0.0013936034546273;0.0086342145036359;0.0008308128487423;0
8061872;7796104;52;6.9138037282034215e-06;4.375651591595705e-05;1.8047025643705137e-07;1.754058441782867e-06;4.259138489841453e-05;9.7182491855284e-05;1.1568193512661646e-05;4
8067794;7714270;6;0.0015593287480438;0.0015779138499505;-7.907742595234322e-06;1.075049268537921e-05;1.715152167916143e-05;0.0038197413972437;1.5206769116716309e-05;0
8071140;7791707;46;0.0014910840820689;0.0067630482724822;-7.271709696815328e-05;0.000334064298479;0.0051095738362338;0.0166306345818701;0.0019465953922108;4
8071173;7791823;46;0.0023774787194523;0.0029885815812166;-8.392269217841939e-06;0.000126414688388;0.001200991864565;0.0163222229190856;0.0003731280288981;4
8071244;7791832;46;0.0;0.0;0.0;0.0;0.0;0.0;0.0;4
8071322;7791842;6;0.0020257146393707;0.0060281248805838;0.0013026369243174;0.0012629195328774;0.0059376749464314;0.00829383972114;0.0027131365157628;0
8071372;7791849;6;0.0;0.0;0.0;0.0;0.0;0.0;0.0;0
8072914;7764389;14;0.0;0.0;0.0;0.0;0.0;0.0;0.0;0
8072941;7764375;14;0.0049496100766393;0.0068957351922876;0.0001550780245525;0.0006660875661989;0.0038865109654157;0.019275329215456;0.0014282196113001;0
8072946;7764720;5;0.0;0.0;0.0;0.0;0.0;0.0;0.0;0
8072948;7764658;5;0.0;0.0;0.0;0.0;0.0;0.0;0.0;0
8072962;7764298;14;0.0;0.0;0.0;0.0;0.0;0.0;0.0;0
8072991;7764284;14;0.0051220601490608;0.0065139522791611;-6.332244795931235e-05;0.0003823172168286;0.0022007228044036;0.0194614731341186;0.0009044309245383;0
8073004;7764721;5;0.0041421380068112;0.0071917013803806;-0.0005380223581835;0.0013941419072139;0.0043675935663726;0.0099347153433028;0.0016069867837106;0
8073062;7764661;5;0.0040969177914245;0.005075075254011;0.0005140299144263;0.0007624335137633;0.0011383987965001;0.0093630301591981;0.0008651770701538;0
8073149;7764575;33;0.0;0.0;0.0;0.0;0.0;0.0;0.0;4
8073206;7764631;33;0.0;0.0;0.0;0.0;0.0;0.0;0.0;4
8073208;7764541;33;0.0767407457278062;0.4113527466623278;-0.0052323429826183;0.0251881103581232;0.4069444861620417;0.7470852176063092;0.1049956181705452;2
8073259;7764556;33;0.0;0.0;0.0;0.0;0.0;0.0;0.0;4
8073264;7764566;33;0.0;0.0;0.0;0.0;0.0;0.0;0.0;4
8073272;7764610;33;0.0019916779212295;0.0053269243868491;-3.1616807787877885e-05;0.0001210640967561;0.0031964411891921;0.0119569008063645;0.0006046212390665;4
8073550;7727381;41;0.0002194266064416;0.0015287295906245;2.739345500399141e-05;3.971738017355667e-05;0.0015287295906245;0.0036731184391199;0.0005300190886486;4
8074236;7723214;10;0.0;0.0;0.0;0.0;0.0;0.0;0.0;0
8079052;7761301;16;0.0011023413245289;0.0011731096433263;-7.412717135286331e-06;8.348636934528015e-06;2.1217491799695176e-05;0.0044115872348194;3.499964124327297e-05;0
8079196;7761230;16;0.000892140145415;0.0009456901540187;-6.941848925124982e-06;7.852227457003142e-06;1.607652237318861e-05;0.0035709135499404;3.24026968112941e-05;0
8086130;7827592;46;0.0024476622854475;0.0082228212039532;-4.346584256356035e-05;0.0003728068173556;0.0072307006730674;0.0221421266529779;0.0021603413689125;4
8093706;7758298;31;1.6087220623460026e-05;2.8484915812831315e-05;-5.819062097307316e-07;1.8925296138471497e-06;1.5689784286570616e-05;0.0001073621370899;1.0631465458274378e-05;4
8106384;7760242;33;0.0772151209938648;0.4127623344581788;-0.0052408430351926;0.025321732825142;0.4080532778428042;0.7522564031782826;0.1057638771021675;2
8106525;7760667;13;5.372020126784654e-06;9.628902112581123e-06;-5.91928444348522e-07;5.845969708155048e-07;9.429812657517708e-07;2.102792575332064e-05;2.27040928762996e-06;0
8109294;7747930;31;0.0004229675348753;0.0008330323211862;-4.379619853547844e-06;8.315367141307415e-05;0.0008161154394651;0.0029311981728699;0.0003134601444193;4
8120914;7831340;4;0.0;0.0;0.0;0.0;0.0;0.0;0.0;0
8122451;7860836;33;0.0385284771111389;0.4142878757464897;-0.0019233313300821;0.013618295641186;0.3926271157894044;0.4413612690302159;0.0664723986235493;2
8125138;7826935;35;0.0020259368902834;0.008001960303847;-7.651713328740305e-05;0.0002138143967129;0.005857808437374;0.014741544947425;0.0014506987234487;4
8131423;8556493;41;0.0046210821126002;0.0092787085094587;0.0001895005907656;0.0003550531288471;0.0039945888229111;0.034044392102613;0.0026295239209709;4
8131778;6822281;45;0.0084589475780038;0.0308327328689742;0.0001842320761772;0.0016581695127421;0.0257741103585533;0.0832761654637816;0.0090860075557203;4
8131982;7848976;37;1.0876207410810898e-06;2.641781088810076e-06;-3.0220206183106144e-08;1.2820180802284765e-07;2.641781088810076e-06;7.275588623405786e-06;4.977297483664367e-07;4
8132362;7848838;5;6.435792171768798e-07;6.634071263193509e-07;-1.0067954483458653e-08;9.932039084410852e-09;1.4093688472530752e-08;1.4394420820179231e-06;1.4300094923221365e-08;0
8135461;7854126;42;0.0068312037316625;0.0086155354079882;8.55579919031893e-05;0.0004923759218612;0.0068070674977284;0.0457155145488379;0.0017590839382693;4
8136351;7850312;42;0.0019742050443664;0.0033014286029012;6.896468721607528e-05;0.0001043203195169;0.0021376103192257;0.0143395393126062;0.0009991424215092;4
8136415;7850235;41;6.365791175583085e-06;1.5047079998379544e-05;-5.7591758556012834e-08;7.918987185366415e-07;1.1084408365164432e-05;4.5463699883375886e-05;3.144847966968887e-06;4
8141016;7871841;31;0.0008750331077907;0.0009896640504939;-7.564278402905809e-06;7.42260022180328e-06;1.92559798001306e-05;0.0048867006514146;6.807778400076737e-05;4
8141055;7872149;31;1.2618651055460816e-06;1.6250641223218268e-06;-2.2907594886762328e-08;2.2984855578308853e-08;5.107712944436193e-08;7.118679970794974e-06;2.0589651676995266e-07;4
8141136;7861946;33;0.002522693162246;0.0029624918949926;-2.0916822146346715e-06;8.228803031039698e-05;0.001955159213629;0.0147017847385497;0.0004310349912268;4
8141270;7862170;33;0.0016420613358216;0.0019766196607841;5.59645752854809e-06;7.563670568715832e-05;0.0019760546957356;0.0097615791947697;0.0004372215708293;4
8143037;7851399;20;0.0010312744858629;0.0010950300931983;-7.692980896069625e-06;9.528472797188354e-06;2.564401044257564e-05;0.0046165187190597;4.566386951988266e-05;0
8143119;7851413;20;0.0006355089985243;0.0007143639946232;-8.260293096273304e-06;1.06367624920957e-05;3.1021616843429634e-05;0.0028505384616316;4.905903440403774e-05;0
8148704;6842644;12;0.0016341463581267;0.0033751319349728;-0.0004126558669854;0.0003116577736986;0.0031875981572428;0.0079742704576358;0.0016213106193801;0
8148830;6842896;39;0.0;0.0;0.0;0.0;0.0;0.0;0.0;4
8149802;7845715;20;0.0008333561665602;0.000904920702018;-8.016494661772588e-06;7.344951682131555e-06;1.918787696087148e-05;0.003732811277657;4.7026602961564026e-05;0
8149957;6844846;46;0.0099586090636908;0.0308349568110449;0.0001120237038949;0.0017678966406747;0.0258412026391466;0.0870316096335665;0.0080925380674608;4
8159060;6894960;34;0.0;0.0;0.0;0.0;0.0;0.0;0.0;4
8162325;6848652;12;0.004023956365067;0.0059174963298544;-0.0004314518398344;0.0003345008075122;0.0031967622601699;0.0150969335297624;0.0016735865694795;0
8162344;6848638;12;0.0;0.0;0.0;0.0;0.0;0.0;0.0;0
8162358;6848664;12;0.0;0.0;0.0;0.0;0.0;0.0;0.0;0
8162360;6848665;12;0.0;0.0;0.0;0.0;0.0;0.0;0.0;0
8162369;6848691;12;0.0020091048365269;0.0025319497936106;-0.0001142619556227;9.54847971786333e-05;0.0008197639965111;0.0071230448116346;0.0004377728157659;0
8162389;6848678;12;0.0;0.0;0.0;0.0;0.0;0.0;0.0;0
8167920;7850175;51;0.0002958966502178;0.0009602874257824;3.959270108072651e-06;3.595100484860232e-05;0.0009602874257824;0.0024477602154271;0.0001729917749439;4
8172128;7915150;34;0.0;0.0;0.0;0.0;0.0;0.0;0.0;4
8178864;8577207;38;0.0002976469724556;0.0023569608524438;-4.074306688551824e-05;6.547654577755159e-05;0.0021134100943292;0.0050361688325749;0.0007608242611616;4
8179024;7849286;52;0.0664612550835411;0.4210040022870212;-0.0017882420226838;0.0168786041529986;0.3835365006248061;0.9856844540041018;0.119444606138226;2
8180505;7848532;7;0.0004347182841726;0.0015126039716203;4.331446695910007e-05;0.0005010943767777;0.0014836599926915;0.0020810245828955;0.000655504539426;0
8180538;6831925;32;0.0;0.0;0.0;0.0;0.0;0.0;0.0;4
8180638;6838276;42;0.0022041408558919;0.0042849453964616;3.553386840791796e-05;0.0003207467829879;0.0035095826468958;0.0154796340528052;0.0009203146470102;4
8180751;6819488;52;0.0004739661548004;0.0035411640997092;-7.675581941451935e-06;0.0003344479404204;0.003046117140327;0.0071046665482096;0.0008637441209266;4
8183475;7848608;44;0.0728973599630853;0.4324983097605533;-0.0007110909026958;0.0196467376194193;0.3904641000740838;0.889371662517214;0.1125292739838653;2
8190639;8569465;38;0.0021751258494633;0.0055338095528535;-6.684371325192738e-05;0.0001403613088023;0.0032640006089271;0.0150021237418352;0.0010915845947785;4
8190672;8569488;38;0.0007994666674549;0.006634543973766;-0.0001088157862123;0.0002119440454479;0.0063317862697736;0.0135571590792874;0.0020488056733451;4
8190673;8569503;38;0.0019432899847602;0.0054940061166137;0.0001155881576151;0.0001446162297752;0.003966852191421;0.0162494774445133;0.0017810643665391;4
8198228;6770959;48;0.2265016997156614;0.3857475460278502;0.0112521192576163;0.0089535155998353;0.360133019990962;2.01300547200575;0.1819824895175975;5
8200902;7918098;41;0.0021743761611376;0.0169830970119362;-8.333787578273356e-05;0.0009636712561296;0.0169830970119362;0.022202929429737;0.0027010643609728;4
8217283;8038713;33;0.0011754493250546;0.0020169615252231;-8.075432974164362e-05;6.284922624778904e-05;0.0016967521191164;0.0084444560411319;0.0008827189574736;4
8217328;8038805;33;2.908176431900613e-05;4.7740760326693695e-05;-1.7530724726498349e-06;2.2208802809588767e-06;3.802008469167845e-05;0.0002007799039026;1.93866966932035e-05;4
8226586;7931649;38;0.0020887609265375;0.0041738517401396;-7.84265269028402e-05;0.0002712712671612;0.0040384777832757;0.0153581775723273;0.0013580420739006;4
8227021;8063295;37;0.0009166205489326;0.0011662860415321;-9.673763195801775e-06;1.1496562266403663e-05;5.094901833051072e-05;0.0056130432537092;0.0001064291454648;4
8228269;8062491;37;0.0017947560292573;0.0022868505704727;-1.846097287294779e-05;2.251444390626847e-05;9.721700824417978e-05;0.0109872025196334;0.0002037551948523;4
8228384;8062574;37;3.7851032837698544e-05;5.123781519544815e-05;-8.398603999235909e-07;2.0510895404132677e-06;1.2270056088046018e-05;0.00023787519502;9.82919395566578e-06;4
8256097;6832976;6;0.343452646006171;0.3456988516180405;0.0009135340870417;0.0017885556236923;0.0041934481669966;0.8412980172255338;0.0020013951705925;1
8286287;8642201;41;0.0009601901873367;0.0047108540039937;0.0001099157961566;0.000124983463438;0.0039846728980037;0.0130708705925745;0.0018014024686586;4
8293748;8027453;33;0.0038050627372225;0.0125083391041202;0.0003790480442834;0.0004071517889659;0.0061114884733719;0.033803148691073;0.0044885790459322;4
8306102;8167611;43;0.0191665628947807;0.0262358362060437;0.0002537317536819;0.0010345808064037;0.0106767960833825;0.1321624216188689;0.0062329748778154;4
8318990;7860011;37;0.0;0.0;0.0;0.0;0.0;0.0;0.0;4
8319762;7859640;37;0.0010315220569027;0.0027215924105388;-2.752261100899565e-05;5.7144584322273707e-05;0.0015642397295276;0.0069419941122677;0.0004882922629836;4
8319879;8270706;35;0.0036981237004048;0.0070641877208877;-0.0002090195618619;0.0004155404541698;0.0070641877208877;0.0289736610398212;0.0032107358855123;4
8321739;8267992;35;0.0;0.0;0.0;0.0;0.0;0.0;0.0;4
8334557;8318873;35;0.0061481242206072;0.0100527358210156;0.0001646237643524;0.0003777132691221;0.0060587209474052;0.0387684263632106;0.0022678547607757;4
8340601;7883747;42;0.0088845798617196;0.3103657019173452;-0.001116633227287;0.0147313411606313;0.3061833905973266;0.3118087827576584;0.0472857108974902;1
8342304;6664428;36;0.1620946670067641;0.3577720481916839;-0.0028720149832783;0.0200494783914299;0.3388730264133168;1.3523499537686483;0.1566100854266958;2
8363401;7845307;51;0.002377760286671;0.0045588535069777;6.359296858271182e-05;0.0001612310117506;0.002501442748;0.0204595782103109;0.0015981202040697;4
8364374;7846914;14;0.0256445037274658;0.3045841507948909;0.0065573584269948;0.0466874553863321;0.3010010960222182;0.3053639872829536;0.0774781981911924;5
8364389;7846973;14;0.0;0.0;0.0;0.0;0.0;0.0;0.0;0
8364420;7846884;14;0.0038358728330457;0.0107059137711047;0.0004533059362631;0.0015818030804495;0.0069548865463346;0.0205125347010761;0.0039167150447489;0
8364448;7846974;14;0.0;0.0;0.0;0.0;0.0;0.0;0.0;0
8373174;6358905;33;0.0032668730532188;0.004039602796874;3.038740015009368e-05;0.0001264207086843;0.0030294549668538;0.019411582449008;0.0008637193736475;4
8374821;7850040;33;0.019957711598788;0.0579211278872937;0.0014639889015539;0.0021635368463021;0.0474625099051906;0.1604955146343339;0.0195514642504794;3
8376072;7886180;22;0.0008398256218932;0.0009120455518883;-7.717377301211395e-06;6.985428020005373e-06;1.9170851251056617e-05;0.0039460238632418;4.970306151650354e-05;0
8379621;7920987;38;4.86541065075539e-07;1.2481651971601746e-06;3.8770067333435017e-08;4.418686449820848e-08;8.271320660630885e-07;4.207633891869212e-06;4.787247056344634e-07;4
8389566;6358539;33;0.0033898685224264;0.0043680172580225;5.264130503723264e-05;0.0001702526165502;0.0043024855158851;0.0207843118572647;0.0012646443457626;4
8415099;8181903;29;0.0;0.0;0.0;0.0;0.0;0.0;0.0;4
8437379;6649965;36;0.0013689615754402;0.0019358616000604;3.585523253826365e-05;6.816344954693524e-05;0.0018975015558824;0.0091549178468515;0.0006738470021173;4
8440504;7823025;10;0.0025214687415802;0.0026199690329669;-1.475495922565674e-05;2.544930735540436e-05;6.466335187538036e-05;0.0079748874680855;4.558945159447999e-05;0
8450995;6863776;52;0.0075715153327752;0.028784482221807;6.974851004465382e-05;0.0015188872167701;0.0258961265211769;0.0789046757235747;0.0078994887133124;4
8473436;7810495;36;0.0001674823682952;0.0020729668844508;-2.563970617685208e-05;5.922762527002538e-05;0.0019472351547823;0.0034821908756166;0.0005556737882315;4
8494176;8870829;37;0.0;0.0;0.0;0.0;0.0;0.0;0.0;4
8500461;7799937;44;0.0021684617160762;0.0048109353827285;-3.956666215989883e-05;8.408496747460343e-05;0.0009745237128242;0.0152339484704391;0.0007564154789667;4
8501053;7805842;44;0.0028369125371805;0.0071709049187462;-3.589637828203636e-05;0.0002069612546726;0.0035241394297924;0.0207679033269885;0.001324511984573;4
8501057;7805836;44;0.0;0.0;0.0;0.0;0.0;0.0;0.0;4
8501060;7805833;44;0.0;0.0;0.0;0.0;0.0;0.0;0.0;4
8501070;7805827;44;0.002450377571182;0.0048845650864396;-5.3032235708674e-05;0.0001518447595333;0.0020477012046348;0.0174410593345406;0.0009534523405579;4
8504742;8399423;40;0.011248050203278;0.0197723187537447;-0.0001750702850029;0.0010383551328113;0.0107667518141199;0.0749502618926559;0.0037309396362014;4
8504827;8399377;40;0.0;0.0;0.0;0.0;0.0;0.0;0.0;4
8504864;8399570;40;0.0;0.0;0.0;0.0;0.0;0.0;0.0;4
8505273;8399601;40;0.0085035979801216;0.0164894895649085;-0.000142760760083;0.0010292427910724;0.0109645221397204;0.0582662376581745;0.0035443874877676;4
8505389;8400042;33;0.0001664452192785;0.0007961985898659;2.2706931890941325e-05;2.573128155451584e-05;0.0007961985898659;0.0020761878908717;0.0003208097611735;4
8505488;8399916;26;0.0082218045194905;0.0154181750339943;-0.0003175928675202;0.0006001869497302;0.0076135477064555;0.0450971166858208;0.0032593069396608;0
8505599;8399610;33;0.0;0.0;0.0;0.0;0.0;0.0;0.0;4
8507843;8402263;33;0.0;0.0;0.0;0.0;0.0;0.0;0.0;4
8511028;7798745;44;0.000423000945937;0.006080997429231;-4.511381325326107e-05;0.0002653563453878;0.0058489691915682;0.0089848294885957;0.00128677053234;4
8511155;7798959;7;0.0;0.0;0.0;0.0;0.0;0.0;0.0;0
8511156;7798928;7;0.0;0.0;0.0;0.0;0.0;0.0;0.0;0
8511273;7798751;6;0.0;0.0;0.0;0.0;0.0;0.0;0.0;0
8511277;7798724;6;0.0;0.0;0.0;0.0;0.0;0.0;0.0;0
8512762;7845091;31;0.0;0.0;0.0;0.0;0.0;0.0;0.0;4
8525403;7798481;44;0.09795996079006;0.4190436158667044;-0.0050999943354793;0.021051545829888;0.413677112446757;1.1295767303393032;0.1392930868000394;2
8526574;7825044;38;0.0018459405082198;0.0063069509107244;4.17490428787025e-05;0.0004275641323892;0.0063069509107244;0.0135697797273736;0.0011992767576393;4
8530370;7835309;34;0.0029797338361849;0.0052679898717634;1.7104432977616175e-06;0.0001699687998679;0.0020472410883601;0.017681463425716;0.0005624129187951;4
8530372;7835336;34;0.0039195051340274;0.0049293611710428;-1.7747202850657575e-05;0.0001415774008075;0.0017639277444659;0.0230349945278935;0.0004936441933509;4
8530375;7835324;34;0.0;0.0;0.0;0.0;0.0;0.0;0.0;4
8530375;7835327;34;0.0;0.0;0.0;0.0;0.0;0.0;0.0;4
8530526;7834874;34;0.0030065755140808;0.0031818995792492;-4.068307477408467e-06;4.5891123985448845e-05;0.0002969502253503;0.0175388021538939;8.856802799720812e-05;4
8530808;6641327;36;0.1580335857370546;0.352297361006783;-0.0030125128365866;0.0198549450621743;0.3319904578654419;1.328680614580222;0.1551259401984652;2
8531799;7839221;34;0.0417749043022381;0.4203072746094334;-0.0033845012568729;0.0253123606136347;0.4137713660575153;0.6047359666692085;0.0949257821516774;2
8532657;7833592;38;0.0;0.0;0.0;0.0;0.0;0.0;0.0;4
8534838;7792974;26;0.0351294731654786;0.0400202331346445;-1.3707782430085106e-05;0.00099404364935;0.0055442998560546;0.1793364092829802;0.0017037367023732;0
8537480;7842507;9;0.0;0.0;0.0;0.0;0.0;0.0;0.0;0
8540995;8697094;41;0.0023789394772203;0.0088396006070543;-2.4784278807989203e-05;0.0005034094790464;0.0073848195080276;0.0216943088588227;0.0024124148531649;4
8541129;8696611;39;0.0042476641934711;0.012137498520036;-0.0001985375135796;0.0004382427477962;0.0075006954454587;0.0322142334562903;0.0029268581398304;4
8541156;8696635;39;0.0;0.0;0.0;0.0;0.0;0.0;0.0;4
8541179;8696590;39;0.0;0.0;0.0;0.0;0.0;0.0;0.0;4
8544707;7843512;31;0.0371336728632329;0.4151302669805797;-0.0056473667758475;0.0139262053494759;0.3707581156874871;0.5923012506102603;0.0996889633786422;2
8555803;7825791;40;0.0018602803205056;0.0025580035997245;-2.1052916043550867e-05;2.815328457324107e-05;0.0001068778609275;0.0118777405872783;0.0002576337819586;4
8557463;7824505;44;0.000829760185673;0.0012926400308244;2.647658386751388e-05;3.900662659654789e-05;0.0012757616917012;0.0064372465287081;0.0005032633591083;4
8558116;6394696;49;0.001502974525345;0.0024867165269069;4.4663323962704565e-05;0.0002198308356315;0.0024462253691634;0.0123009793989735;0.0009105549485935;4
8558586;7810235;37;0.0002382636005239;0.0022783262206675;-3.4545604175613844e-05;6.430812980435906e-05;0.0021001388548558;0.004409894201857;0.0006847112977762;4
8560794;7813680;33;0.0485235557459547;0.4147019131539255;-0.0064099441917506;0.025662910404077;0.4033215794074441;0.723379936323519;0.1161997838132087;2
8562800;7825888;40;0.0;0.0;0.0;0.0;0.0;0.0;0.0;4
8562800;7825892;40;0.0;0.0;0.0;0.0;0.0;0.0;0.0;4
8562802;7825899;40;0.0022901360050897;0.0029349934266316;2.227901146294453e-05;7.538901772033008e-05;0.001901797953161;0.0149665845382629;0.0005960229833789;4
8562804;7825883;40;0.0023629058584072;0.005103275054835;-7.495257825416506e-05;9.587181845486026e-05;0.0019634472260931;0.0165242269401152;0.001114866720068;4
8563717;7824713;44;0.0368311446241572;0.4147242898463626;-0.0015102291742739;0.0196005490684262;0.4123647599703651;0.7234678112067757;0.1026598766915201;2
8563739;7824622;44;0.0037651326338199;0.0089090288267328;-0.0001015762658841;0.000305715921327;0.0050718417952362;0.0283256169357521;0.0020146437186697;4
8563764;7824730;44;0.0;0.0;0.0;0.0;0.0;0.0;0.0;4
8563833;7824640;44;0.0;0.0;0.0;0.0;0.0;0.0;0.0;4
8565370;7797287;32;0.0811152317709477;0.414125446934473;-0.0061383380920843;0.0125321240566402;0.3633339995605296;0.7586816307789279;0.106807073512424;2
8566002;8144073;42;0.0037957312580722;0.0081038629095212;5.720765089796684e-05;0.0003976899145723;0.0080377983889925;0.0342976028939018;0.0036878416108448;4
8576986;7846961;41;0.0;0.0;0.0;0.0;0.0;0.0;0.0;4
8577543;7843630;44;0.044226664965956;0.4227207607222983;-0.001223091505663;0.0194525124221537;0.4142575064504363;0.7425771957254489;0.1028411157911021;2
8579341;7844558;7;0.0;0.0;0.0;0.0;0.0;0.0;0.0;0
8579366;7844531;7;0.0;0.0;0.0;0.0;0.0;0.0;0.0;0
8588734;7774513;50;0.1068468441159544;0.4138356154895727;-0.002212221979001;0.0165553451723234;0.3633578931120618;1.241588160095105;0.1393361944658598;2
8609120;8677225;5;0.0;0.0;0.0;0.0;0.0;0.0;0.0;0
8620282;6644900;36;0.0013432571482325;0.0023000245656262;-2.956256455209309e-05;3.6696043308407806e-05;0.0006472873930664;0.0083674319515233;0.0003748216567534;4
8620319;6644313;36;0.0013550789283283;0.0016163657424894;3.136410800112864e-06;3.2524073220476336e-05;0.0006248651561668;0.0082013325480684;0.0001792929858593;4
8620360;6644315;36;0.0013305268698349;0.0034469370848738;-6.224185610825647e-05;7.782692483112935e-05;0.0019194236329966;0.009577751686389;0.0008819559121858;4
8622685;8036513;44;0.004027111694948;0.0084228341433523;6.435058731892036e-05;0.0004273975002282;0.0074185468756371;0.0358566477295745;0.0036059405778551;4
8623743;7985063;34;0.0003073001442373;0.004006797148284;-4.903487971266283e-05;0.0001676714089507;0.0039609699545937;0.0061559952935554;0.0010100312048213;4
8625437;7987185;46;0.0052381662962984;0.0103240705765824;0.0001072952442923;0.0004689450694639;0.0073969860944457;0.0448261850841406;0.0040303767932724;4
8630864;7992746;31;0.0;0.0;0.0;0.0;0.0;0.0;0.0;4
8632699;8005208;33;0.0;0.0;0.0;0.0;0.0;0.0;0.0;4
8650163;8437231;7;0.0;0.0;0.0;0.0;0.0;0.0;0.0;0
8688292;7656011;42;0.1269220821095136;0.4135447184878896;-0.0071934765959541;0.019778527505733;0.3633723271269737;1.2401253816688809;0.1432051421766286;2
8688946;8695853;4;0.0;0.0;0.0;0.0;0.0;0.0;0.0;0
8689505;6639820;41;0.0;0.0;0.0;0.0;0.0;0.0;0.0;4
8692000;8688628;9;0.0035693506222848;0.0062001080595697;0.0007940923317463;0.0007969812563962;0.0031838812438219;0.0125140994261944;0.0021587112839076;0
8693619;6640302;41;0.1408293314273336;0.3536277979666736;0.0003648230235953;0.0174859118110383;0.3275179711321748;1.334412721645183;0.1536156422649537;2
8723677;6901336;52;0.0073814643511596;0.028531842402569;1.3325030479735135e-05;0.0014361323459565;0.0253522780526454;0.0789990857112273;0.0080950872006788;4
8730153;6899924;19;0.2486879924538614;0.3394678677517503;0.0193870220766617;0.0188114583931255;0.3037548257568089;1.2337206787230226;0.1351408775441956;5
8753293;6636665;41;0.1381639237705695;0.3492945165154191;0.0002207979411676;0.0173718696863564;0.321880253172458;1.3158253210786508;0.1521180713188843;2
8798489;7565376;46;0.1156576332214635;0.4132527559294239;-0.0041622534611329;0.0180140917810214;0.3633757277340456;1.2386694112363843;0.1413424962021965;2
8821380;6637590;41;0.0020940948857803;0.0028497561548857;3.684704854353685e-05;9.256162291618872e-05;0.0018289527570382;0.014109795641191;0.000685952498168;4
8821695;6636947;41;0.0019790252488577;0.0031661042700175;7.516559290774035e-05;9.86023957212225e-05;0.0031000397494887;0.0150269864019375;0.0012613595255811;4
8821743;6636963;41;0.0022081045260321;0.0025591610674167;-1.4383297436737229e-06;8.754914576172014e-05;0.001712470228453;0.0142437081103588;0.0002695285504529;4
8823174;7884982;30;0.0;0.0;0.0;0.0;0.0;0.0;0.0;4
8844974;6358477;33;0.0;0.0;0.0;0.0;0.0;0.0;0.0;4
8845032;6358393;33;0.0039669922230193;0.004452481680139;-2.26699594101649e-05;5.199325443593925e-05;0.0005402899523759;0.0228375014311161;0.0002599283583623;4
8845147;6358391;33;0.0;0.0;0.0;0.0;0.0;0.0;0.0;4
8845643;6358379;33;0.0;0.0;0.0;0.0;0.0;0.0;0.0;4
8845756;6358377;33;0.0037183176129493;0.0071250703012964;-9.094152848684503e-05;0.0001361048058339;0.0031505515652131;0.0224764512692218;0.0012177553608414;4
8845823;6358458;33;0.0;0.0;0.0;0.0;0.0;0.0;0.0;4
8867849;7531679;38;0.1240166710109921;0.4129597278141754;-0.0094228328875203;0.0137068568653047;0.3633770135368551;1.16335697151929;0.142252030326264;2
8889065;6641991;41;0.1382794253304669;0.349030143487784;0.0001825986812951;0.0173698687708222;0.3206155024381432;1.3147299301747744;0.1517817440610418;2
8907236;6870403;48;0.0;0.0;0.0;0.0;0.0;0.0;0.0;4
8907337;6869860;47;0.0024339813301393;0.0060298860674808;4.168098211317809e-05;0.0003814905527805;0.0051499268234878;0.0215979288275413;0.0020001599362253;4
8947748;7499026;41;0.0;0.0;0.0;0.0;0.0;0.0;0.0;4
8947796;7498981;41;0.0;0.0;0.0;0.0;0.0;0.0;0.0;4
8947800;7499055;41;0.1275591405008979;0.4107971803236415;-0.0081794224134781;0.0201757431813964;0.3633748666070391;1.227605729331125;0.143126340176762;2
8947823;7498996;41;0.0020646854713194;0.0029723540898739;-1.3184827720272585e-05;9.436002997612588e-05;0.0016921948223194;0.0134876871301828;0.0004172422296729;4
8948282;7499530;41;5.876397930307407e-06;1.2484511403040605e-05;-1.315265009266506e-07;4.3126924065866957e-07;7.854640634308436e-06;3.981719149717944e-05;2.0338272264851947e-06;4
8976197;6634616;41;0.0023319195830079;0.0038265881903571;-3.952115758097245e-05;0.0001186717193241;0.0025704212826279;0.015458485805931;0.0006249483257842;4
8976255;6634590;41;0.0025981005337367;0.0063568125654692;-0.0001152485462787;0.0002390068747276;0.0042869770823865;0.0200948632470489;0.0017603238837107;4
8976773;6636743;41;0.0024655400567077;0.0050928578456053;-7.740143496835932e-05;0.0001781303360961;0.003428535759655;0.0175113696202726;0.0011833568143968;4
8994496;7469021;39;0.0;0.0;0.0;0.0;0.0;0.0;0.0;4
8994498;7469080;39;0.1256410187242165;0.4098967848422416;-0.0093438096463605;0.0134971605589742;0.3633783978294072;1.1873868000097298;0.142707020561228;2
8994575;7469055;39;0.0015617056295851;0.0019280529377621;-1.4429645615307357e-05;2.549450796491944e-05;0.0001624897257767;0.0098085331538529;0.0001671225686083;4
8994576;7469013;39;0.0;0.0;0.0;0.0;0.0;0.0;0.0;4
9000299;7473773;39;1.974520360651721e-06;4.161503801013534e-06;-5.34643865962816e-08;7.668804897500317e-08;4.724432366621541e-07;1.306418771597088e-05;6.910138435591386e-07;4
9014400;6849811;57;0.0068858905803619;0.0139270409679486;4.948778334617679e-05;0.000659638109642;0.0086644795774428;0.0597686703024922;0.0039059358154891;4
9031345;6274171;49;0.0030046970674227;0.0059158173747475;4.608715918321673e-06;0.0002292723332905;0.0033453643753353;0.022686425485227;0.0012146376163603;4
9037089;6299223;49;0.0;0.0;0.0;0.0;0.0;0.0;0.0;4
9042083;6646765;42;0.1381598760577589;0.3507562376921047;0.0004762060007267;0.0171303112638096;0.315596934256949;1.3226540144481589;0.1502150272378951;2
9066072;6645954;42;0.1375440768435842;0.3494077547917611;0.0004107637496845;0.0170991099385821;0.3131701473674662;1.3169752427476304;0.1495908802343849;2
9066263;6226806;45;0.0;0.0;0.0;0.0;0.0;0.0;0.0;4
9070434;7411697;49;0.1059372959443057;0.4096660917987824;-0.0026677809308426;0.016832403142228;0.3633890317062807;1.221789399900905;0.1387154270059444;2
9148078;6827033;42;0.0085414880561001;0.0149300965501277;-0.0002176682322128;0.000652617059649;0.0091145887913743;0.0603395410433518;0.0037054189673699;4
9158714;6119529;45;0.0;0.0;0.0;0.0;0.0;0.0;0.0;4
9160778;8794733;7;0.0;0.0;0.0;0.0;0.0;0.0;0.0;0
9160792;8794761;7;0.0024694048658207;0.0031621300676011;-0.0001514468343984;0.000403216658925;0.0015648628993389;0.0067655391331599;0.00066405647597;0
9160839;8794746;7;0.0;0.0;0.0;0.0;0.0;0.0;0.0;0
9161030;8795240;7;0.0012183076065806;0.0030975174201665;0.0005499157840827;0.0005243926751245;0.0023177185710752;0.0045698018129793;0.0012243467436113;0
9164017;6648962;42;0.0003709162602465;0.0006043665483115;1.4505100263808651e-05;1.8987459641763747e-05;0.000588915974962;0.0028689987880006;0.0002416629597437;4
9198084;6819310;29;0.0021516843337771;0.0032112219116449;-6.46780433307601e-05;6.788757062308415e-05;0.0011307418543503;0.012102716966665;0.0006489551092481;4
9206908;6825302;29;0.0044307033530749;0.0073316167644565;-0.000215313651815;0.0001860775981451;0.0030646591915497;0.0260589933765368;0.0019455369076591;4
9208763;6827105;5;2.9282854381548035e-05;3.0185024247530463e-05;-4.580919289973673e-07;4.5190777834069445e-07;6.412628255001495e-07;6.549461473181551e-05;6.506543190065726e-07;0
9209116;6826556;5;0.0014225585836137;0.0014424817764612;-1.1627318397423592e-05;1.0722219064589992e-05;2.3966106897115773e-05;0.0031811663145799;1.7055802252652983e-05;0
9209132;6826577;5;0.0022271352995319;0.0022545891187963;-1.5322483095307037e-05;1.4809786115175844e-05;2.33313554784116e-05;0.0049802666406646;2.189794515385174e-05;0
9209137;6826568;5;0.001116229251157;0.0011377321053778;-9.220537330583783e-06;1.1543894678107511e-05;2.7031770981376674e-05;0.00249618101194;1.4703323957754456e-05;0
9210524;8786932;4;0.0;0.0;0.0;0.0;0.0;0.0;0.0;0
9210533;8786933;4;0.0;0.0;0.0;0.0;0.0;0.0;0.0;0
9212100;6823983;29;0.0004052099773223;0.0004690288383077;-1.2922594128768205e-07;1.0204839143668032e-05;0.000118172866689;0.0021903129118681;3.5141097842887304e-05;4
9221447;7312611;40;0.129652943515458;0.4093602770021412;-0.0092438269355174;0.0131750889821414;0.3629840630228072;1.2207226461104843;0.1429832462421805;2
9223851;6833699;42;0.0036702961940103;0.0133501240945728;3.5820204505295168e-06;0.0006117038543841;0.0133404793293596;0.0324979987935859;0.0034168169927918;4
9226270;6842262;40;0.0029191384096776;0.0140083422440519;2.5827067394645425e-05;0.0006850466097662;0.0140083422440519;0.0248962664810217;0.0026408773281801;4
9227321;6821616;32;0.0015185826038599;0.0026446282726028;-2.280859546389397e-05;0.0001360060881751;0.0023766407417483;0.0095107472557008;0.000721529048487;4
9236511;6849780;30;0.0;0.0;0.0;0.0;0.0;0.0;0.0;4
9238070;6808623;61;0.0037622776852887;0.0159132598040545;-5.766925013168864e-05;0.0007627297952261;0.0146940652295268;0.0471581012609789;0.0047225440807742;4
9243799;6833280;61;0.0061858218375497;0.0213976678928814;1.760741676851565e-05;0.0009672563971729;0.0147381063043876;0.064846971273257;0.0055382452437191;4
9246197;6832708;36;0.0;0.0;0.0;0.0;0.0;0.0;0.0;4
9246390;6644184;42;0.0005246086720786;0.0012662696552482;-2.0822319521390264e-05;4.698910848448685e-05;0.000858114477027;0.0040586891406522;0.000342051189082;4
9252350;6809428;46;0.004513770176456;0.0169293587131641;-0.0002722690477995;0.0008353932497741;0.0147077535135601;0.0491311361746765;0.0056657993149301;4
9276529;6764535;46;0.0;0.0;0.0;0.0;0.0;0.0;0.0;4
9281067;6750809;47;1.3474936614308814e-06;4.814451056290562e-06;-5.3387015420570435e-08;1.9576572049129165e-07;4.814451056290562e-06;1.165315876368378e-05;1.0361176337408333e-06;4
9288339;6760985;46;2.753574003793541e-06;9.628902112581123e-06;-1.2170385702144642e-07;1.8625653716928246e-07;9.429812657517708e-07;2.330631752736756e-05;2.05576932677373e-06;4
9288341;6761012;46;0.0017400753987993;0.0025533737289557;-2.0423943071939242e-07;6.704385978162434e-05;0.0017132873427141;0.0121019432248055;0.0003949507320706;4
9288352;6761007;46;0.0008700376993996;0.0012766868644778;-1.0211971535969621e-07;3.352192989081217e-05;0.000856643671357;0.0060509716124027;0.0001974753660353;4
9290241;9003917;5;0.0;0.0;0.0;0.0;0.0;0.0;0.0;0
9290712;6837597;51;0.1150071154470861;0.3388432947699386;0.0074255407755087;0.0093095568514414;0.2976701257251815;1.259208825767017;0.1336551312889448;5
9290771;9003983;6;0.0;0.0;0.0;0.0;0.0;0.0;0.0;0
9290787;9003984;6;0.0;0.0;0.0;0.0;0.0;0.0;0.0;0
9309593;6573128;48;0.0;0.0;0.0;0.0;0.0;0.0;0.0;4
9313182;6613242;19;0.0056354906704156;0.0101613629499961;-0.0002983862467575;0.0003261218487697;0.0050064794163845;0.0263741002398401;0.0022025919734741;0
9313222;6613316;19;0.0;0.0;0.0;0.0;0.0;0.0;0.0;0
9313260;6613214;14;0.0039152106075552;0.0042437616703445;-4.063829495299338e-05;5.678588418416749e-05;0.0001180190323594;0.0146636471870339;0.0001728565475896;0
9313293;6613274;14;0.0;0.0;0.0;0.0;0.0;0.0;0.0;0
9313355;6613180;33;0.0;0.0;0.0;0.0;0.0;0.0;0.0;4
9313476;6613614;23;0.1272140481350908;0.3086866572282945;-0.0183424404420316;0.0137525947615389;0.2927287924453868;0.9202693797390396;0.1436598047166473;2
9313510;6613678;23;0.0;0.0;0.0;0.0;0.0;0.0;0.0;0
9313649;6613553;23;0.0;0.0;0.0;0.0;0.0;0.0;0.0;0
9313891;6613099;25;0.1270707214015754;0.3265046040021381;-0.013403827884796;0.0241222384020558;0.2912482532830268;0.952576064423449;0.141947448384893;2
9314296;6612964;19;0.0;0.0;0.0;0.0;0.0;0.0;0.0;0
9314392;6612921;19;0.008418486499311;0.0131868052378308;-0.0003207227020781;0.0003496472675282;0.005027493601138;0.0380432351659294;0.0023026341671596;0
9314409;6612956;19;0.0;0.0;0.0;0.0;0.0;0.0;0.0;0
9324185;6615496;44;0.1403809831268595;0.3591349678443898;0.001000454695893;0.0166925103662924;0.3036028091779118;1.3585190087453989;0.1491242464342296;2
9344912;7162359;48;0.109034089335652;0.4093906453704488;-0.0030654681575579;0.01712897194059;0.3614667913585461;1.2212427440551124;0.1385030891140927;2
9349372;6584869;58;0.0063178949822527;0.0141423391423391;0.0001303885912366;0.000931596334642;0.0103052986392491;0.0585315298758689;0.0043763150993233;4
9359555;7073142;31;0.0;0.0;0.0;0.0;0.0;0.0;0.0;4
9406937;6611152;58;0.0056982080640608;0.0142271398249098;1.6568356115800505e-05;0.0009623813251778;0.0116948766101769;0.051393965808104;0.0036153512808948;4
9406955;6611150;58;0.000350940930166;0.0008269508269508;1.690909718119715e-05;2.2431656453857387e-05;0.0005769665201099;0.0037425202539037;0.0003439929012865;4
9408488;6609132;58;0.0002707390125884;0.0012234433506374;-2.0472414334167672e-06;4.346714898617625e-05;0.001222122460093;0.0036487064107483;0.0003952668439881;4
9420390;7120763;42;0.0011539116838153;0.0021899288736103;-2.297205281341876e-05;7.643322875995163e-05;0.0017540349939566;0.0080219173552471;0.0004479489433198;4
9420413;7120810;42;0.0;0.0;0.0;0.0;0.0;0.0;0.0;4
9420437;7120776;42;0.1254412953908681;0.4071684267000825;-0.0070039951918566;0.0194298049122891;0.3569939368442071;1.2168799300003297;0.1397195305641991;2
9420449;7120802;42;0.0;0.0;0.0;0.0;0.0;0.0;0.0;4
9421326;7117789;42;2.2177683441700327e-06;6.226543443371923e-06;-7.534735288254938e-08;1.2144354886362218e-07;9.429812657517708e-07;1.6087093477389295e-05;1.1150243063477976e-06;4
9427974;6521497;51;0.0001496237126166;0.0012266032453487;-5.977031821332623e-06;5.00280012963317e-05;0.0012266032453487;0.002807929911946;0.0003636072101294;4
9433173;6933388;40;0.1407161025825044;0.3280699023654145;0.0091803122078067;0.0105064076933747;0.2937301053548489;1.2214705452957273;0.1322827872386129;5
9434625;6525285;12;0.0012102429247274;0.0025591610674167;1.012916918181565e-05;0.0002177475565074;0.001712470228453;0.0044719242388104;0.0004492448437309;0
9441238;7085140;58;0.0;0.0;0.0;0.0;0.0;0.0;0.0;4
9451096;7086384;54;0.0;0.0;0.0;0.0;0.0;0.0;0.0;4
9452215;7089437;58;0.0013551468636001;0.0025591610674167;-9.755740896544476e-06;9.864090160386648e-05;0.001712470228453;0.0109490340137373;0.0004801007538351;4
9460991;6629903;40;0.0;0.0;0.0;0.0;0.0;0.0;0.0;4
9464204;7069651;59;0.0026476651444817;0.0054497821488112;-5.794363389096885e-07;0.0003269410868745;0.0041856898978156;0.0210816230515279;0.0007229543690713;4
9466484;7083833;40;5.5596752003155934e-05;0.0011093451204242;-5.647264401644694e-06;5.6979336784683865e-05;0.0011093451204242;0.0015343030945477;0.0002361379910458;4
9467173;7085340;35;0.0001696135894793;0.0010205367191281;-2.084217362077033e-05;6.0031571713421256e-05;0.0010205367191281;0.0024240418086243;0.0003729830233285;4
9471763;6449785;32;0.0;0.0;0.0;0.0;0.0;0.0;0.0;4
9472929;7059034;29;0.0;0.0;0.0;0.0;0.0;0.0;0.0;4
9479423;6462105;56;0.000502158655628;0.0010078976464121;2.164348756684257e-05;2.271156627379363e-05;0.0010078976464121;0.0049872435215208;0.0004381668851858;4
9483820;6652919;58;0.006013704583505;0.016434883761307;-5.025361192789752e-05;0.0009685782805936;0.0117665433461086;0.0535968638743713;0.0036555921586048;4
9500276;7093808;49;0.1105732386714656;0.4091951157008193;-0.0024174995457326;0.0166363094294308;0.3538614759872219;1.2246832692367884;0.1355829059979771;2
9537294;6670577;58;0.0060012478791981;0.017566887164262;-8.713127939691277e-05;0.0009630490746284;0.0118061229972051;0.0543711130367917;0.0038670788195866;4
9568341;6885004;37;0.0;0.0;0.0;0.0;0.0;0.0;0.0;4
9572527;6877979;60;0.0035243884048616;0.0163144234334445;-6.499241898346387e-05;0.0008135811440257;0.0157710235371162;0.0417689853226904;0.0040811953256935;4
9585751;7138101;31;0.0;0.0;0.0;0.0;0.0;0.0;0.0;4
9586859;7002124;47;0.127930385167007;0.4188730351798899;0.0040149753199847;0.0244749210736172;0.2984021119260476;1.3230996228886631;0.1445007538805425;5
9587833;7001861;26;0.0008152506338129;0.00140598744899;6.908111547302018e-06;0.0001267037877001;0.0010396870826897;0.0044534352453535;0.0003133327053515;0
9587881;7002338;26;2.216721489799037e-05;0.0001028771304139;-2.385476497399337e-06;7.550817567951016e-06;5.054850665671381e-05;0.0001600626052999;2.2226125298778403e-05;0
9588022;7002325;13;0.366654529812326;0.3737558103146295;0.0008389293386259;0.0023888825152018;0.005831390181549;1.3220909611738805;0.0044930253898792;1
9588989;7000791;46;0.0035939914455854;0.0048932236279336;4.817167065443994e-05;0.0002795061864029;0.0034803016107621;0.0256996551978641;0.0012005492383091;4
9589640;7000619;46;0.0027279649071037;0.0040303254216302;4.832820686411439e-05;0.0002528296462452;0.0026231676708484;0.0199286241833499;0.0010917437712936;4
9592151;6880878;46;0.0021163502299978;0.0032048721712416;4.65125016899368e-05;0.0001939358019739;0.0017557921221512;0.0156171935812326;0.0009072842148189;4
9594302;6711700;35;0.0053114336223158;0.0090700965700965;-0.000255310847144;0.0003522165597894;0.0056011211400532;0.0365176473331664;0.0031448012310576;4
9595037;6789652;42;0.0005895222686021;0.0011599511599511;3.6836761141720165e-05;3.289810378121884e-05;0.0011599511599511;0.0051690339272843;0.0005372411563664;4
9596289;6926544;50;0.0021714793525455;0.0038231157872805;6.021656897221738e-06;0.0001864355426386;0.0026422396405824;0.0162872128628763;0.0007682079655154;4
9601165;6940937;50;0.0;0.0;0.0;0.0;0.0;0.0;0.0;4
9601165;6940960;50;0.0045967849793012;0.0072897315253687;1.4740807667914583e-05;0.0002869461903894;0.0051538515150658;0.0335618523972053;0.0011821702841411;4
9601201;6940979;50;0.0;0.0;0.0;0.0;0.0;0.0;0.0;4
9601450;6940571;50;0.0;0.0;0.0;0.0;0.0;0.0;0.0;4
9601462;6940555;50;0.001813191215146;0.002915661116609;3.0637251969957617e-06;8.138500468105896e-05;0.0017717699051543;0.0132274510988455;0.0004600509414883;4
9601498;6940581;50;0.0;0.0;0.0;0.0;0.0;0.0;0.0;4
9602627;6696379;58;0.0;0.0;0.0;0.0;0.0;0.0;0.0;4
9609851;6812770;23;0.0006079655034974;0.0006701631701631;-7.101898381534313e-06;6.763606803308976e-06;2.014448626296516e-05;0.002924796304905;4.806073874500194e-05;0
9609863;6812772;23;0.0014557484544464;0.0037934287934287;-0.0001601446640727;0.0001528096896347;0.001549276262065;0.0091488737663994;0.0012328864903;0
9610216;6812081;23;0.000840710450009;0.0009129759129759;-7.350845972525112e-06;6.673833652581969e-06;1.9034645572538374e-05;0.0040389102104351;4.957747148222405e-05;0
9610224;6812091;23;0.0016931870974369;0.004040404040404;-0.0001605795085285;0.0001537952020199;0.0015497188360424;0.0100518082244514;0.0012353585996158;0
9620844;6746277;62;0.0178293681321091;0.0760674229573139;-0.0001459402139365;0.0029672810633815;0.045640111460068;0.1984948965213302;0.017821366810484;3
9621025;6747175;58;0.0;0.0;0.0;0.0;0.0;0.0;0.0;4
9621025;6747176;58;0.0028628099119343;0.008398034439923;-0.0001050762799564;0.0004286877497739;0.0062018822612181;0.0279696428405697;0.0023004926245323;4
9635902;8958349;40;5.519027509380056e-06;9.712509712509713e-06;2.040061269292849e-07;3.999268979795845e-07;7.813515324987624e-06;4.045229851559405e-05;3.232653202954887e-06;4
9666260;6662701;49;0.0566505030685232;0.2783303851445467;-0.0001886503818649;0.0133360543851624;0.2579493772635388;0.6982921388669204;0.082109585287157;1
9666411;6661888;55;0.0;0.0;0.0;0.0;0.0;0.0;0.0;4
9667619;6662445;18;0.0010052183741811;0.0011804107790904;-1.529793595210019e-05;1.7875428627056775e-05;4.9474173760820925e-05;0.0042796052968295;8.388810682640806e-05;0
9667621;6662455;18;0.0203245345662706;0.0628996273309253;-0.0036485627467181;0.0042266751079321;0.0381067786854625;0.1274846442706199;0.0221318948186736;3
9667937;6662462;18;0.0;0.0;0.0;0.0;0.0;0.0;0.0;0
9667941;6662455;18;0.0;0.0;0.0;0.0;0.0;0.0;0.0;0
9673524;6684022;10;0.0041497560317782;0.0052150434199964;0.0004079083249318;0.000385678339263;0.0024188057895674;0.0138488418796385;0.001399488126939;0
9676326;6706800;20;0.0011055856494379;0.0023286602028351;-0.0001648170699436;0.0001429548860395;0.0021632652269469;0.0069965103952517;0.0011069048095026;0
9689423;6646570;40;0.0019583155990507;0.0025533737289557;-8.311732215204422e-06;4.853462763242717e-05;0.0007845042304721;0.0125036433557795;0.0002711594433681;4
9689424;6646579;40;0.0012223667685426;0.0031551642927748;2.775868446395746e-05;7.622164706504975e-05;0.002363566391094;0.0089862028798306;0.0007243034848042;4
9689452;6646578;40;0.0002943099934327;0.002370353662339;3.829303509627295e-05;6.252518083318473e-05;0.0023690170681614;0.0052314483109125;0.0007730348721172;4
9690727;6645802;40;1.181346864721086e-06;2.314935384366084e-06;-8.540656182985452e-09;7.917300140363573e-08;1.321924290160416e-06;8.03760686169671e-06;4.6850580230506243e-07;4
9693522;6646414;5;0.0007794915013678;0.0007897861838831;-5.688079740315097e-06;5.509342958926318e-06;8.58985452805328e-06;0.0017430905769126;8.121031930015556e-06;0
9693523;6646423;5;0.0015599483715614;0.0015805674784558;-1.1391261412355516e-05;1.103358397647929e-05;1.72008495888153e-05;0.0034883401651834;1.626344579247239e-05;0
9693546;6646422;5;0.0007814222390193;0.0007917764052621;-5.7182836037654746e-06;5.539139076179544e-06;8.632135593470759e-06;0.0017474086001914;8.16379633170218e-06;0
9694203;6644284;5;6.435792171768798e-07;6.634071263193509e-07;-1.0067954483458653e-08;9.932039084410852e-09;1.4093688472530752e-08;1.4394420820179231e-06;1.4300094923221365e-08;0
9696570;6680884;32;0.0;0.0;0.0;0.0;0.0;0.0;0.0;4
9696778;6646173;40;0.0;0.0;0.0;0.0;0.0;0.0;0.0;4
9712364;6644871;62;0.0405823789989617;0.2706969024553048;0.0006317977455238;0.0113581520487401;0.2578301395885419;0.6688276186888522;0.0746195463709558;1
9712759;6642517;8;0.0237028805514725;0.0263350329441341;0.0013587060679546;0.0028313771369109;0.017677141340024;0.0689492047004232;0.0056940808885398;0
9713370;6644344;8;0.0;0.0;0.0;0.0;0.0;0.0;0.0;0
9713666;6659344;56;0.0;0.0;0.0;0.0;0.0;0.0;0.0;4
9714659;6658851;56;0.0017949310719305;0.0063202796924444;8.18149667502453e-05;0.0001456616930086;0.0024317169214815;0.0189074980747759;0.0017782110818012;4
9718241;6661845;16;0.0;0.0;0.0;0.0;0.0;0.0;0.0;0
9718843;6660479;16;0.0033049904831912;0.0055821619859192;0.0003821869218439;0.0003179070716671;0.002477119598563;0.015274384481552;0.0019127765778202;0
9720530;6639232;37;0.0586579683502903;0.2688259182349986;-0.0029549947544266;0.0170518485812277;0.2578036072126876;0.6579703388611644;0.0908840884201647;2
9750169;6644850;62;0.0396192495981114;0.2688240192406111;0.0006359129453206;0.011308641622631;0.2578044832210751;0.6631678600750539;0.0743217877614985;1
9772386;9074875;52;3.558568958568803e-06;7.862507862507862e-06;1.5390677538594917e-07;4.431117655749729e-07;6.438262071866296e-06;3.314315900785627e-05;2.908778197475943e-06;4
9801037;9311808;23;0.0;0.0;0.0;0.0;0.0;0.0;0.0;0
9801982;6629315;54;0.0454298421885441;0.2686550087401216;0.0002076296212091;0.0129880263167765;0.2577991978843108;0.6626378037646016;0.077893546619619;1
9802216;6629387;56;0.0;0.0;0.0;0.0;0.0;0.0;0.0;4
9824507;9312002;50;0.0;0.0;0.0;0.0;0.0;0.0;0.0;4
9833901;8857931;34;6.853220159892451e-06;1.11000111000111e-05;2.421572608786939e-07;4.1902081291075405e-07;9.675765309369537e-06;4.5595677005188414e-05;3.765557760900113e-06;4
9834608;8856912;23;0.0;0.0;0.0;0.0;0.0;0.0;0.0;0
9834612;8856931;23;3.5110821371649737e-06;4.1625041625041625e-06;-6.810117505557646e-08;6.163403625393085e-08;1.5323138833308597e-07;1.698025916569386e-05;4.564586049136866e-07;0
9834714;8856946;23;0.0;0.0;0.0;0.0;0.0;0.0;0.0;0
9834715;8856972;23;7.802404749255497e-06;9.25000925000925e-06;-1.5133594456794764e-07;1.369645250087352e-07;3.405141962957473e-07;3.773390925709746e-05;1.0143524553637477e-06;0
9835372;8857107;23;1.5604809498510993e-06;1.85000185000185e-06;-3.0267188913589537e-08;2.7392905001747044e-08;6.810283925914938e-08;7.546781851419492e-06;2.0287049107274962e-07;0
9835912;8856919;39;0.0;0.0;0.0;0.0;0.0;0.0;0.0;4
9857148;6623794;54;0.0445643575211283;0.2675782789223966;0.0001958082499286;0.0129886715364315;0.2577797441238618;0.6587617341077121;0.0777846024485148;1
9912652;6597570;56;0.0427182590813182;0.2671699951290794;0.0003297472576121;0.0125095663351521;0.2577715232306075;0.6573329406689434;0.0767527354082015;1
9914097;6898652;16;0.1776245165380872;0.3078304939936615;-0.0270607259046613;0.02002199159169;0.2912197700005819;0.9172469523149394;0.1450289776055153;2
9914119;6898589;16;0.0;0.0;0.0;0.0;0.0;0.0;0.0;0
9915251;6921814;35;6.052671497415433e-05;0.0021184350240954;-9.494386662612118e-06;0.0001246138249467;0.0021184350240954;0.0021184350240954;0.0003529283633673;4
9915418;6898942;16;0.0;0.0;0.0;0.0;0.0;0.0;0.0;0
9915505;6899654;39;0.0871884894149382;0.3126686661701456;0.0010435477336303;0.0171029356369262;0.2963442258309205;0.9407022168345044;0.1228350140077892;2
9917927;6925227;33;0.0017657162373624;0.0020404706404304;-1.5416129793404082e-05;1.5858726280428366e-05;3.8460882470816833e-05;0.0101786760313458;0.0001476656062491;4
9917933;6925234;33;0.0;0.0;0.0;0.0;0.0;0.0;0.0;4
9917958;6925188;33;0.0;0.0;0.0;0.0;0.0;0.0;0.0;4
9917974;6925182;33;0.0;0.0;0.0;0.0;0.0;0.0;0.0;4
9918032;6925183;33;0.0848595564167904;0.2876162742585174;-0.0012438627824758;0.0174638821479188;0.2785123140357457;0.8571018788057565;0.122719916173888;2
9918038;6925190;33;0.0;0.0;0.0;0.0;0.0;0.0;0.0;4
9919958;6917036;39;0.0010609413390974;0.0022179726825557;9.10790056666481e-06;0.0001206051561883;0.0011804107790904;0.0069920782127223;0.0003577312147262;4
9928863;6933585;38;0.0;0.0;0.0;0.0;0.0;0.0;0.0;4
9964385;6595929;56;0.0425304908186563;0.2667607618385684;0.0003127346133961;0.0124924386164493;0.2577632778410844;0.6559132777636266;0.0766400491615535;1
9970263;6569251;57;0.041596418372128;0.2663505790508636;0.0003574894012891;0.0122899339770993;0.2577550079552925;0.6545043522383722;0.0760598808280376;1
10001126;6876556;37;0.0032444840641958;0.0123093776124996;9.250938239107256e-05;0.0010408017683009;0.0123093776124996;0.0259123071893847;0.0027605356936685;4
10001256;6876789;22;0.0046100881547918;0.0059678812732854;9.46389509709242e-05;0.0001456018954767;0.0022455673003157;0.0219949445835331;0.0008584739563938;0
10001653;6876724;3;0.0054985225509576;0.0087149934283692;0.0039650320360056;0.0039650320360056;0.0062107155117878;0.0112029581661365;0.0034061229642139;0
10012282;6731902;39;1.974520360651721e-06;4.161503801013534e-06;-5.34643865962816e-08;7.668804897500317e-08;4.724432366621541e-07;1.306418771597088e-05;6.910138435591386e-07;4
10016334;6564961;57;0.0414977339584913;0.2660125580498846;0.000339974487084;0.0122476988192635;0.2577485997859264;0.6533639303857496;0.0759416784393753;1
10016689;6940281;47;0.0;0.0;0.0;0.0;0.0;0.0;0.0;4
10016715;6940275;47;0.0056993984486021;0.0106378440913408;7.27577614936542e-05;0.0003884590652572;0.0068818614302068;0.041618457513727;0.0020904458450102;4
10016762;6940238;47;0.0011775697804227;0.0017637678339383;2.659394876196009e-05;5.391245438394613e-05;0.0008781633062118;0.0086187520166134;0.0004402457896407;4
10020382;6941654;47;1.0526816892828928e-05;2.4602391799799157e-05;5.730380392541584e-07;7.656404622474781e-07;2.3700094777153756e-05;9.974967599314256e-05;1.0044312233706708e-05;4
10023215;6939243;20;0.0;0.0;0.0;0.0;0.0;0.0;0.0;0
10023775;6736216;39;0.0025559903175451;0.0057803287796077;-7.13403867568885e-05;0.0001269479202014;0.002007454098116;0.0169891467873627;0.000931510145981;4
10023801;6736222;39;0.0;0.0;0.0;0.0;0.0;0.0;0.0;4
10023839;6736179;39;0.0015610953403194;0.0044273727370881;7.044262341192106e-05;0.0001137669321029;0.0036323426583331;0.0126990854207531;0.0013030835493065;4
10023864;6736186;39;0.0;0.0;0.0;0.0;0.0;0.0;0.0;4
10026448;6472516;54;0.0016510963609386;0.0025580035997245;2.1334066426092e-05;9.919907421576484e-05;0.0017126336513052;0.0128727549716172;0.0005852727147116;4
10054451;6676044;59;0.0012616799335362;0.0034871917522485;4.5491834951870815e-05;0.000166340947226;0.0029328538236622;0.0124893466935582;0.0010256493751607;4
10055214;6675798;10;0.0044358851779614;0.0117904811323474;-0.0007782071318697;0.0019764172284061;0.0066101220031562;0.0171292421929154;0.0031087001300056;0
10057534;6994098;59;0.1954321973273458;0.3645897266592063;0.007428090464747;0.0157938426264596;0.238111988278625;1.8749865151642144;0.1462609434218403;5
10070271;6545387;58;0.0417355178810604;0.2667726305534904;0.0003817316296433;0.0119477496684019;0.2577594215402813;0.6562484597085653;0.0753880239056857;1
10077810;7050022;39;0.0;0.0;0.0;0.0;0.0;0.0;0.0;4
10084562;6257254;51;0.0009017051010351;0.0012948106545597;1.086875655847496e-05;5.775039801542278e-05;0.0008561534028004;0.0067348571511146;0.0002762360561664;4
10096350;6566784;57;0.0410731617178921;0.2647558985139419;0.0002753192926161;0.0119156479955166;0.2577258914839349;0.6491099974038584;0.0755313953267002;1
10119577;7106322;49;0.0046736873664854;0.0170510893522441;0.0001857812816784;0.000643073668015;0.0076521202056371;0.0408730725168423;0.0035000983385147;4
10125451;6532997;27;0.0;0.0;0.0;0.0;0.0;0.0;0.0;0
10132030;6523192;27;0.0;0.0;0.0;0.0;0.0;0.0;0.0;0
10132030;6523213;27;0.0008594424371303;0.0009579368511015;-7.537448459831437e-06;7.356834743692947e-06;1.923895409031574e-05;0.004476395251548;5.925440258320556e-05;0
10150276;6621909;43;0.064170855422576;0.2697051526364213;-0.0010861719235301;0.0124780747054059;0.2402138106450793;0.6765792545907308;0.0807940022323421;1
10158881;6626699;58;0.0052172525165671;0.0196574781324659;-0.0001657193260439;0.0009355721107522;0.0135376281400692;0.0555362434010442;0.0050948424723468;4
10163970;6536256;43;0.0115442438208219;0.0314836446511561;-3.918401743968433e-06;0.0014599113266047;0.0275134554373784;0.0844766677273021;0.0057176106538784;4
10165912;6635456;41;0.0;0.0;0.0;0.0;0.0;0.0;0.0;4
10168950;6553233;16;0.0116890810858442;0.0130550028895016;-0.0001919928318844;0.0001661376009604;0.0009334723741546;0.0469019184706406;0.0009231769238463;0
10172358;6501862;43;0.0014334780576286;0.0321775458224827;-0.0001440735967722;0.0015322640867848;0.0321775458224827;0.043628024560202;0.0064969502243;4
10175278;6540078;52;0.0011970783793884;0.0070128106566269;0.0001139749052501;0.0001443527584309;0.0070105530357454;0.0207234793991068;0.0026126422404871;4
10175281;6539959;9;0.0;0.0;0.0;0.0;0.0;0.0;0.0;0
10175302;6539924;27;0.0060521436249107;0.0066209103662058;-1.6592273607914969e-06;0.0001571128541543;0.0015117250693143;0.0314807182425446;0.0002767319025966;0
10175311;6539927;27;0.0016457640234336;0.0020380945443386;-1.7396200083538592e-05;2.3134427823784096e-05;9.325006373824496e-05;0.0085841414492915;0.0001436205725329;0
10175334;6539870;9;0.0019444916075007;0.0019991952924608;-1.2718692865801233e-05;1.375896154828804e-05;2.155817085033873e-05;0.0058343211237979;3.3123457323978784e-05;0
10175343;6539871;9;0.0044381250361247;0.004500566651478;-5.660722926698309e-06;4.427408416320599e-05;0.0001254430864564;0.0133151401723261;4.757833564078068e-05;0
10175386;6539990;9;0.0;0.0;0.0;0.0;0.0;0.0;0.0;0
10178840;6555918;16;0.0112114766435408;0.0124101428970505;-0.0001659123950217;0.0001460775315933;0.0007150450950746;0.0449578196376833;0.0007925516590373;0
10179675;6555892;36;0.0048120050674587;0.0119857806665685;0.0004319083262999;0.0004027672057547;0.0119857806665685;0.0434159000742707;0.0054040782942301;4
10180054;6555545;36;0.0061779235785031;0.0113618189146136;0.0002846752889864;0.0003269574641683;0.0086940556499258;0.0431922501520443;0.0036952215483539;4
10180115;6555545;36;0.0006338748096086;0.0011507872237045;-3.2972675778464656e-05;2.77059837778027e-05;0.0006613683333481;0.004426070007061;0.0003773222110468;4
10180300;6555854;36;0.0;0.0;0.0;0.0;0.0;0.0;0.0;4
10180639;6538656;37;0.0017341838343435;0.0035603281465813;6.515370260112923e-05;9.583957487460488e-05;0.0024135746403362;0.0121721340033853;0.0009984756497771;4
10180642;6538648;37;0.0037965641000355;0.0052018198774934;-9.017376339905784e-05;0.000308928744468;0.0037015803070404;0.0255377770461658;0.001792354594574;4
10180672;6538666;37;0.0015779103654056;0.0034135240039519;5.881489898186609e-05;0.000152013948224;0.0024241884756748;0.0115974141038143;0.001070202966465;4
10185056;7146327;45;0.0;0.0;0.0;0.0;0.0;0.0;0.0;4
10185213;7146256;45;0.0046629478616671;0.0168830526192081;0.0002026181244654;0.0006320827335148;0.007663674961094;0.0391063653311969;0.0034987905376599;4
10185467;6521780;37;0.0;0.0;0.0;0.0;0.0;0.0;0.0;4
10191147;6273769;50;7.074240973764192e-05;0.0005082399360306;7.283087855925852e-06;1.074016738072619e-05;0.0004934925369997;0.001326424994171;0.0001737342130029;4
10213173;6627423;57;0.0440080514139913;0.2585400151349852;0.0003564325793642;0.0097133603502798;0.2400621966571667;0.6365644616126602;0.0719188046317482;1
10235501;6573751;52;0.0041107962576795;0.0064250867575315;0.0001250010470427;0.0002799501895043;0.0044770717438878;0.0336938230006721;0.0022211575423323;4
10237759;6631034;56;0.0438586090109655;0.2580747615100423;0.0002684948506821;0.00978689058494;0.2400552809905618;0.6336834571398382;0.0724364720594633;1
10272502;6978299;52;0.2073042588617789;0.3446613919850836;0.007353822779737;0.016798786934226;0.2382919093057657;1.7800148731741083;0.1340027303198449;5
10275048;6977710;57;1.475709774945751e-05;0.0001192906184555;1.1955320944160637e-08;4.982658339325063e-06;0.0001192906184555;0.0002202554794263;2.5165932130591206e-05;4
10286194;6979569;45;0.0081460374676344;0.0114450405403059;7.856455529025078e-05;0.0004384761871498;0.0077161665334504;0.0562169056264825;0.0019677047493752;4
10310340;6980963;12;0.0;0.0;0.0;0.0;0.0;0.0;0.0;0
10310354;6980991;12;0.0;0.0;0.0;0.0;0.0;0.0;0.0;0
10310434;6980985;12;0.0015376540908196;0.0021433626529167;-0.0001068661536331;0.0001017821379791;0.0002475370486935;0.0054820504174217;0.0003742008755315;0
10310450;6980950;12;0.0015450932149084;0.0021635830553028;-0.0001082293484297;0.0001033336204111;0.0002493222752753;0.0055110287125326;0.0003789987859792;0
10315498;7320001;49;0.0034551203938686;0.0161277464040482;0.0002191851694358;0.0005230875126646;0.0073018133521101;0.0356983453716449;0.0037509641547017;4
10321320;6993333;3;0.0;0.0;0.0;0.0;0.0;0.0;0.0;0
10321321;6993280;3;0.0066243111282501;0.0173862350399506;0.0081562047683002;0.0081562047682974;0.0159733621985063;0.0174765694500423;0.0076110880950224;0
10324317;6661902;56;0.0435271078371011;0.2576095078850994;0.0002602201525006;0.0097988778671241;0.2400483653239569;0.6319768179340857;0.072370153165241;1
10327252;6991325;60;0.0021139995838029;0.0061470023253462;-3.1028254026889484e-05;0.0002502497809375;0.0061470023253462;0.0195134035405706;0.0013701171684568;4
10328206;6987979;45;0.0;0.0;0.0;0.0;0.0;0.0;0.0;4
10338125;7005261;35;0.014134897222261;0.0160657704715442;0.0001120691577738;0.0004337843037079;0.0035814375288236;0.0842408338254512;0.0017211449816195;4
10338719;6996225;25;0.0;0.0;0.0;0.0;0.0;0.0;0.0;0
10339422;6983288;45;0.0;0.0;0.0;0.0;0.0;0.0;0.0;4
10339466;6983301;45;0.0;0.0;0.0;0.0;0.0;0.0;0.0;4
10339477;6983251;45;0.0017549014462383;0.0025533737289557;-2.3448961098871988e-06;6.791747863539489e-05;0.0017132873427141;0.0120536439874529;0.0003859986904362;4
10339495;6983281;45;0.004512702704393;0.0065040557772631;9.535036932781086e-05;0.0002503654092363;0.0036843082583265;0.03215630006295;0.0016167579171351;4
10342677;6984797;57;2.053254422138978e-06;8.836342107821047e-06;-8.190851823162258e-09;2.933093977799764e-07;8.836342107821047e-06;2.1224247472944967e-05;1.9201837386357867e-06;4
10345978;6690615;48;0.0485199138291627;0.2571442542601565;-0.0003885995164677;0.0109303256374974;0.2400414496573519;0.6291777975857249;0.076765872836303;1
10348077;6995266;53;2.433654141946202e-06;1.540891405678185e-05;-1.4724727117819858e-07;2.843314439769258e-07;2.830416476574497e-06;2.8760331855150197e-05;3.1119218318502096e-06;4
10350148;7004476;7;0.345273453574772;0.3513793199494706;0.0028394921725548;0.0046399717779138;0.0137146673748332;0.9136998675090624;0.0070826113215683;1
10350201;7002039;30;0.0008837461179397;0.0016054633893994;5.98418610916542e-05;6.447454046385289e-05;0.0009180634180634;0.0057634817973345;0.0005711831696575;4
10350359;7008117;9;0.0005278298005526;0.0023764019514157;-0.0002757791597991;0.0002966994245063;0.0023503929830563;0.0033445839299749;0.0009819936059694;0
10350621;7008210;32;0.0028379031866219;0.0037988089657447;-2.371810211329981e-05;0.000130449532203;0.0025743434310812;0.0162545156664582;0.000450383713442;4
10351368;6999383;53;0.0027646700863289;0.0055549135174698;-2.3243351029197196e-05;0.0001718182741114;0.0021148911104668;0.0211094303657635;0.0008742416012101;4
10351372;6999391;53;7.989748901466178e-06;5.393119919873647e-05;-5.206298810837033e-07;1.4995792350087208e-06;1.6037849241305692e-05;0.0001052610911901;1.2050667154935954e-05;4
10351400;6999380;53;0.0016759786290591;0.0025533737289557;5.598567210410259e-06;6.964163950721596e-05;0.0017132873427141;0.0125608637040076;0.0004098634296775;4
10351873;7021331;35;0.0027615296753607;0.0034034643694184;-2.0636078379441887e-05;0.0001696224818602;0.0014441549253672;0.0167857424126053;0.0006513619394534;4
10351902;7019065;32;0.0;0.0;0.0;0.0;0.0;0.0;0.0;4
10351914;7018310;35;0.0;0.0;0.0;0.0;0.0;0.0;0.0;4
10352169;7001388;23;0.0;0.0;0.0;0.0;0.0;0.0;0.0;0
10352216;7004658;41;0.0;0.0;0.0;0.0;0.0;0.0;0.0;4
10352217;7004737;41;0.0019797343512604;0.0025707357443385;-1.6933553105983925e-07;9.021290914496262e-05;0.0017108359999308;0.0128404015325881;0.0003193988008782;4
10352257;7004716;41;0.0;0.0;0.0;0.0;0.0;0.0;0.0;4
10352269;7004710;41;0.0;0.0;0.0;0.0;0.0;0.0;0.0;4
10352309;7004688;41;0.0049411907448238;0.0076103500761035;-0.000111918631779;0.0002856488856315;0.0051468892107881;0.0335300014909669;0.0017336764470001;4
10352310;7004595;41;0.0;0.0;0.0;0.0;0.0;0.0;0.0;4
10352597;7000652;21;7.369560922089477e-07;9.25000925000925e-07;1.828285633520579e-08;3.403713768861701e-08;4.5025232812040317e-07;3.466355655302328e-06;1.7049390581552405e-07;0
10352606;7000658;21;0.0023963426271323;0.0027495652495652;3.9538013545699264e-05;6.368938559157577e-05;0.0008871265040029;0.011098224214752;0.0003504393842066;0
10352619;7000631;21;0.0009056073807858;0.0009819105752781;-7.208744051920934e-06;8.025642228168983e-06;1.6290748544198924e-05;0.0041549059789029;4.3982898578532695e-05;0
10352661;7004704;52;0.0;0.0;0.0;0.0;0.0;0.0;0.0;4
10352735;7004749;52;0.1621439236644577;0.3274318905148833;0.0027922915966017;0.0220382275816121;0.3081869920032036;1.5378675009433953;0.1385309287480874;5
10352738;7000725;30;6.333632397093215e-07;1.0655567827217836e-06;-4.287966563261468e-08;3.674333733523392e-08;7.525402938293577e-07;4.165135363389156e-06;4.208674689615202e-07;4
10352779;7004724;52;0.0;0.0;0.0;0.0;0.0;0.0;0.0;4
10352879;6986762;45;0.0027642228884097;0.0046525362494291;9.767330169578306e-05;0.000183861180654;0.0037113306453381;0.0214237594512052;0.0015995534173062;4
10353023;6986610;3;0.0;0.0;0.0;0.0;0.0;0.0;0.0;0
10353025;6986621;3;0.0;0.0;0.0;0.0;0.0;0.0;0.0;0
10353042;7004782;60;0.1857256053024465;0.3371690698730293;0.0068923145293529;0.0152359269844204;0.2383455517710266;1.7995415847887526;0.1395653901394377;5
10353412;7004142;44;0.0;0.0;0.0;0.0;0.0;0.0;0.0;4
10353803;7003721;47;0.0007828222129902;0.0012801592675544;-8.841373253356491e-07;5.384670746133921e-05;0.0008561534028004;0.0058280568849455;0.0003314747205811;4
10353907;7003675;47;0.0025091797649882;0.003832375528818;5.839619494257709e-07;0.0001161252518887;0.0025696041683668;0.0178621290038398;0.0007017371632821;4
10354066;7003416;49;5.8777947427388106e-06;1.780362600516305e-05;-1.9178215290764261e-07;8.338250553268546e-07;1.6865966166871868e-05;5.053678178389759e-05;4.192050864854038e-06;4
10354568;7002957;51;0.0008728010960483;0.0012836316706309;-6.006997735953677e-08;5.490973763914567e-05;0.0008556631342437;0.0063972506057226;0.0002016571491511;4
10355096;7002874;58;0.0253602212468712;0.0408289402747043;0.0003993158939389;0.0017097118359679;0.0257792239154493;0.2199807445621394;0.0138273593859259;4
10355103;7002429;54;3.476849779025402e-06;1.1243977444581246e-05;-9.406373841610381e-08;4.90972897581534e-07;4.905784410398301e-06;3.1849582491213656e-05;2.5877837937965176e-06;4
10355715;7001852;57;4.4029804953678245e-05;0.0008896640417173;-3.9122113759307485e-06;3.1773715775618425e-05;0.0008896640417173;0.0014518403935072;0.0001871925069695;4
10361149;6993656;24;7.87292838210362e-07;9.494971937610438e-07;-1.5010130310333716e-08;1.4166009729536362e-08;3.4051419629574684e-08;3.891018375591248e-06;1.0490147855108721e-07;0
10362215;7642024;5;0.0;0.0;0.0;0.0;0.0;0.0;0.0;0
10363233;7004463;9;0.0;0.0;0.0;0.0;0.0;0.0;0.0;0
10367232;6989631;24;0.0016944612084646;0.0018624387455622;-1.5078699145034252e-05;1.4380649147949434e-05;3.83927796315576e-05;0.0083172808914283;0.0001057494166892;0
10367236;6989625;24;0.0008470337810227;0.0009309819984827;-7.535597039939543e-06;7.187110388701957e-06;1.918787696087148e-05;0.0041576701171977;5.2848594584556266e-05;0
10367261;6989636;24;1.180939257315543e-06;1.4242457906415658e-06;-2.251519546550057e-08;2.1249014594304546e-08;5.107712944436193e-08;5.836527563386871e-06;1.5735221782663085e-07;0
10385711;6497739;9;0.0011890102625715;0.0015986377450945;-6.321302688571581e-05;6.811855397085884e-05;0.0004912985523766;0.0036248370107221;0.0002149249775561;0
10394471;6722984;56;0.0428570787916018;0.2566780511380198;0.0002439958615935;0.0097966470712756;0.2400345094944782;0.6285742311458583;0.0722407592604943;1
10396042;7004998;39;0.0;0.0;0.0;0.0;0.0;0.0;0.0;4
10396340;7004502;9;0.0;0.0;0.0;0.0;0.0;0.0;0.0;0
10396353;7004506;9;0.0;0.0;0.0;0.0;0.0;0.0;0.0;0
10401565;6761193;56;0.0425328612649262;0.2562108985186894;0.0002348251334453;0.0098107085166981;0.2400275448353357;0.626902257599324;0.0721729025735331;1
10407956;7323374;21;0.0050518463241867;0.0131566920199389;0.0004661203480107;0.0009526726190088;0.0074660591210375;0.0284956123425729;0.0036256739657943;0
10411609;7325685;21;0.0;0.0;0.0;0.0;0.0;0.0;0.0;0
10419500;6792494;55;0.0430085731754674;0.255743745899359;0.0001494001650326;0.0098667259825515;0.2400205801761932;0.6252511639656527;0.0725137557957082;1
10457665;6824740;56;0.0419470392767172;0.2552765932800285;0.0002100605113253;0.0098507564257369;0.2400136155170507;0.6236133440604741;0.0720067671747481;1
10458436;6399367;35;0.0007957555015327;0.0011093451204242;-2.186347013866056e-05;2.43576602156434e-05;0.0004925197615502;0.0049536146845359;0.0002605137673995;4
10494386;6878792;56;0.041705831059054;0.254809915409295;0.0001943895761051;0.0098280034597798;0.2400066631060426;0.6220426571819261;0.07190420115777;1
10517507;7011023;40;0.0;0.0;0.0;0.0;0.0;0.0;0.0;4
10520162;7004165;60;0.2067276769404002;0.3455753133105154;0.0070422551795962;0.0076209793126973;0.1322314630311557;1.91293130028198;0.1351003463360992;5
10524743;6331758;35;2.226443975522555e-06;9.34035536459718e-06;2.812548012044382e-07;3.109671799832989e-07;9.34035536459718e-06;2.600141231831792e-05;3.789370831237785e-06;4
10530924;7374764;42;0.0017410857992275;0.0121275099842684;0.0001855435517078;0.0004870604447302;0.0080081575367851;0.0237975592962592;0.0032330358670022;4
10543742;6916571;56;0.0415163464027692;0.2543456112815458;0.0001779766654142;0.0097746531954723;0.2399997719357065;0.6205736983705343;0.0717871011674871;1
10835796;7365315;10;0.0063996324771373;0.0117158371700002;-0.0004415280287518;0.0012618990401533;0.0066361109980494;0.02127993591183;0.0020804498068275;0
10838519;7311274;11;0.0002172539677364;0.0008352779830733;-8.119433474138565e-05;8.352779830733032e-05;0.0004631822764478;0.0012279624634156;0.0002998029140631;0
10915930;6973186;55;0.0008510554410464;0.0012801592675544;1.5626131854824244e-06;3.725655355309174e-05;0.0008561534028004;0.0064762004705362;0.0001956307992652;4
10915936;6973204;10;0.0;0.0;0.0;0.0;0.0;0.0;0.0;0
10915938;6973203;45;0.0;0.0;0.0;0.0;0.0;0.0;0.0;4
10916009;6973728;60;0.2035698213001508;0.3422640279058946;0.0070181409614643;0.0075053838459617;0.1265667563813749;1.8902351772914503;0.1345702231067185;5
10920992;6986100;11;0.0013847364519648;0.002439963495577;0.0003156053233834;0.0002514056919687;0.0017097630980299;0.0059095389114192;0.0011212900318251;0
11036385;7418101;10;0.0073303840508855;0.0118192708236686;-0.0002621730558105;0.0011495680208678;0.0053027059108028;0.0237203935715037;0.0015909672483198;0
11037769;7404331;41;0.0016014642298953;0.0113856054717433;0.0001724811335704;0.0004556840133642;0.0073575864527696;0.0215124164476853;0.0029534265612213;4
11089730;7321164;32;3.4617812197911044e-06;4.519720387498228e-06;-5.2864779070608564e-08;7.192594862879728e-08;2.582696924560856e-07;1.97861526943628e-05;5.001907013296214e-07;4
11091885;7322155;32;0.0030362499912361;0.0088922015148734;1.7306270693110437e-05;0.0004556163794962;0.0065164053641978;0.0184726336049873;0.0012020314056721;4
11091902;7322221;32;0.00118298805069;0.0021082416331629;2.9251151202232275e-05;6.500969761007242e-05;0.0012714118098981;0.0070896995845741;0.0004138650482454;4
11091916;7322111;6;0.0;0.0;0.0;0.0;0.0;0.0;0.0;0
11091919;7322197;6;0.0;0.0;0.0;0.0;0.0;0.0;0.0;0
11091937;7322232;32;0.0;0.0;0.0;0.0;0.0;0.0;0.0;4
11091956;7322178;32;0.0;0.0;0.0;0.0;0.0;0.0;0.0;4
11134658;7239078;6;0.0;0.0;0.0;0.0;0.0;0.0;0.0;0
11134678;7239118;6;0.0;0.0;0.0;0.0;0.0;0.0;0.0;0
11134961;7237220;33;3.4299451617160776e-06;4.519720387498228e-06;-4.258211184525754e-08;1.3556979661486677e-07;2.108529084183021e-06;1.9932528237677807e-05;5.244447608574887e-07;4
11136972;7238377;33;0.0047018216934916;0.0076107925629484;-9.663313512193134e-05;0.0004958043546685;0.0052349964122728;0.0282215902964253;0.001424067584639;4
11137001;7238441;33;0.0;0.0;0.0;0.0;0.0;0.0;0.0;4
11137058;7238394;33;0.0022880193354521;0.0030146534984613;-4.7327329491247765e-05;0.0001362837856836;0.0019941167793331;0.0136998626117871;0.0006726285787083;4
11137072;7238422;33;0.0;0.0;0.0;0.0;0.0;0.0;0.0;4
11205947;6760668;59;0.0186151793787736;0.0906945384886944;-0.0004852696385807;0.0038083017196211;0.085502087739458;0.2482127093742976;0.0264141012031992;3
11232391;7017122;45;0.2655730344129719;0.3445870068503138;0.0057037596976234;0.0089738029734668;0.1256585804806614;1.8934746966953664;0.0956195911697897;5
11248123;6914885;43;0.0;0.0;0.0;0.0;0.0;0.0;0.0;4
11248191;6914950;55;0.0;0.0;0.0;0.0;0.0;0.0;0.0;4
11248208;6914931;55;0.0221159066476201;0.0952792680174314;-0.0006623966899954;0.0038181882384701;0.0855913529590423;0.2618796412359874;0.0275284030238342;3
11248451;6914726;55;0.0158361624334861;0.091798762667037;-0.0003403625118101;0.0036181532847972;0.0854660378900713;0.2413586160204703;0.0284320111824139;3
11258190;7052643;4;0.0003861411401969;0.0007755683908002;0.0003082556900762;0.0002607135372043;0.0007755683908002;0.0010921819620666;0.0003861481314384;0
11266374;7109657;49;0.0049047914166253;0.0062561128762493;4.811446288261546e-06;0.0003341122135003;0.0043011948705298;0.0348143607300896;0.0008237265973925;4
11266863;7110585;28;0.0139405108542763;0.0197314312912095;-0.0004705395406291;0.0009729437899431;0.0063840060893558;0.0789518069876358;0.0053181905691135;0
11266902;7110767;28;0.004184596173889;0.0047265368121269;-4.4197551036163216e-05;0.000200932194678;0.002239637934538;0.0223358115936815;0.0005537152333391;0
11267418;7111746;27;0.0084073098846874;0.0185365032392271;0.0004733848540657;0.0013495908357455;0.0077421507669537;0.0516163543866837;0.0052908405610573;0
11267822;7112693;28;0.0033461362302264;0.0038040496726978;-3.794127345902296e-05;0.0001931775467833;0.0022333109264572;0.0179180346374716;0.0005192848954875;0
11268620;7114346;21;0.0038917927808139;0.005033826993304;2.121292882462448e-05;0.0003938975725063;0.0034368703251183;0.0182122912475753;0.0008053535296405;0
11268680;7114471;21;0.003029704507435;0.003856136447905;3.722079991035917e-06;0.0003099889812389;0.0025728726254112;0.0141451265232183;0.0005905327259201;0
11269687;7116494;27;0.0076346310663818;0.0175692830763024;0.0004541879815588;0.0012965632532562;0.0068778262215422;0.0476896830446282;0.0050937176188056;0
11269714;7116626;21;0.0021619298697853;0.0029874463689814;-1.3137036394402736e-05;0.0002251297809326;0.0017092017714086;0.0100873159898227;0.0004141076395184;0
11270190;7117632;21;0.0012884688678648;0.0020975687271571;-2.936442033169144e-05;0.0001424879256792;0.0008458577631104;0.0061020088003721;0.0003360356349599;0
11270281;7117723;27;0.0068565852859653;0.0166009329832809;0.000435589444526;0.0012430538657083;0.0060138285218351;0.0438118471468691;0.0049070372077036;0
11271520;7120347;21;0.0004093215016736;0.0011865035224323;-4.496007182083028e-05;6.702619980295094e-05;0.0005555121050758;0.0026596948717018;0.0004114753295953;0
11272460;7136864;10;0.0;0.0;0.0;0.0;0.0;0.0;0.0;0
11272529;7136857;10;0.0044157356637973;0.0045403586179516;-3.192426048161272e-05;3.208865887410617e-05;5.292326929396546e-05;0.0139668383134895;9.238936618698452e-05;0
11272923;7135785;10;0.0;0.0;0.0;0.0;0.0;0.0;0.0;0
11273184;7135203;21;0.0001557016119977;0.0003237817710862;-6.795930521696591e-06;2.7316405454618685e-05;0.0001720779475178;0.0007817736710615;6.971617330023168e-05;0
11273185;7135204;28;0.0025268389584024;0.0028805437733136;-2.937347447551248e-05;0.0001448356193754;0.001674754826854;0.0135316367673009;0.000393136208428;0
11273217;7135195;27;0.0060731725434382;0.0156314529601626;0.0004175892429672;0.0011890626731017;0.0051501576678325;0.0400048439652533;0.0047318271180975;0
11273238;7135253;28;0.001726704358417;0.0019560191139742;-1.84941540856317e-05;5.540677349219634e-05;0.0005574745691633;0.0091881609766347;0.0001832328508844;0
11273467;7135461;28;0.0009564064648597;0.0019597412852851;-5.900002394364504e-06;9.351085131864972e-05;0.0011470920253072;0.0051821423675994;0.0002106644580974;0
11273471;7135453;28;0.0131228478942502;0.0188471802090171;-0.0004620017206107;0.0009237616992958;0.0063638439501931;0.0747664137664591;0.0052377775942112;0
11273521;7135453;28;0.0123562272022381;0.0179737566910963;-0.0004494750215907;0.0008052682320299;0.0063401178378776;0.0707233497190472;0.0050950058763088;0
11273545;7135454;28;0.0;0.0;0.0;0.0;0.0;0.0;0.0;0
11273547;7135472;28;0.0;0.0;0.0;0.0;0.0;0.0;0.0;0
11273661;7135477;41;0.010158313714279;0.0162805963281022;-3.0148747248187305e-05;0.0010145516053241;0.0062777784659833;0.0720315674708256;0.0048330717245438;4
11289706;7009652;33;0.0;0.0;0.0;0.0;0.0;0.0;0.0;4
11292703;7009201;50;0.0;0.0;0.0;0.0;0.0;0.0;0.0;4
11293215;7008834;51;0.0;0.0;0.0;0.0;0.0;0.0;0.0;4
11293832;7008407;53;5.974736045967117e-06;2.407225528145281e-05;-9.639703102193737e-08;8.658868406345592e-07;2.407225528145281e-05;5.826579381841888e-05;5.325157054791949e-06;4
11294353;7008038;46;0.0;0.0;0.0;0.0;0.0;0.0;0.0;4
11295176;7007847;48;0.0008590212930368;0.0012801592675544;1.3979759953206327e-06;3.295620405668904e-05;0.0008561534028004;0.0061147039372832;0.00020256482038;4
11295564;7007203;48;0.0;0.0;0.0;0.0;0.0;0.0;0.0;4
11295926;7021378;42;0.0009081606890309;0.0012801592675544;-5.874804118420572e-06;3.4461852912356004e-05;0.0008561534028004;0.0059822800101161;0.0001653228415343;4
11295956;7021396;42;0.0027624509481726;0.0038358479318946;-2.3021215124729027e-05;8.340419565802046e-05;0.0017343110757461;0.0180922855558797;0.0004030572602288;4
11303083;7171446;10;0.0;0.0;0.0;0.0;0.0;0.0;0.0;0
11303130;7171403;10;0.0017698985497231;0.0018199330946757;-1.2816206399365564e-05;1.2882678012021225e-05;2.125837443603634e-05;0.0055981394689072;3.70900933086082e-05;0
11303811;7171449;10;0.0;0.0;0.0;0.0;0.0;0.0;0.0;0
11309029;7007313;42;0.0;0.0;0.0;0.0;0.0;0.0;0.0;4
11312921;7173264;26;0.0005852496745671;0.0057231845192918;-0.0001116997299798;0.0002288405061066;0.0022327075034811;0.0072989741975182;0.0013063392422946;0
11312973;7173239;26;0.0009236625364683;0.0014283151321538;4.214440139326533e-05;7.674895492912996e-05;0.000835235277716;0.0052594465948127;0.0004590883093587;0
11315146;7158836;36;2.150376921321733e-06;1.4054971805726558e-05;-2.6521660994395657e-07;4.015706230207588e-07;6.462288759809865e-06;2.670383760503885e-05;3.896674473549258e-06;4
11321218;7038737;46;0.000878298421411;0.001290576476784;-4.672312864240351e-07;3.3926533125755185e-05;0.0008546825971304;0.0061013912112068;0.0001946122861165;4
11321255;7038736;46;0.0017359450377936;0.0025464289228026;-2.1683645187218832e-08;6.684155816415284e-05;0.0017142678798275;0.0120768548630527;0.0003964293173518;4
11321293;7038657;46;0.0017400753987993;0.0025533737289557;-2.0423943071939242e-07;6.704385978162434e-05;0.0017132873427141;0.0121019432248055;0.0003949507320706;4
11323565;7035744;46;6.883935009483854e-06;2.407225528145281e-05;-3.0425964255361605e-07;4.656413429232061e-07;2.3574531643794257e-06;5.826579381841888e-05;5.1394233169343245e-06;4
11326952;7039387;64;0.0;0.0;0.0;0.0;0.0;0.0;0.0;4
11330558;7033974;59;0.1495174525739304;0.2763130419807479;0.004343148764841;0.0090263560718739;0.1261125852664194;1.3340635060426511;0.0883706360202854;1
11336869;7029008;48;0.1334374473003743;0.2165104115141783;0.0044819185210133;0.005931709835183;0.1350510091492148;1.0547721232560827;0.073297015568538;1
11337098;7028840;21;0.0;0.0;0.0;0.0;0.0;0.0;0.0;0
11344719;7032619;48;0.0;0.0;0.0;0.0;0.0;0.0;0.0;4
11346309;7029595;21;0.1815186747459425;0.2154063521778061;0.0027738705489745;0.003219813305472;0.0256671379379635;0.8369627040958466;0.0202095606034116;1
11359277;6672991;33;0.1022435629908043;0.108075568582657;-0.0001112199751948;0.0012731108690796;0.0035722960753426;0.5877768508157205;0.0039235213159235;3
11368182;6681268;33;0.0047704772183023;0.0068108366826134;-0.0001897604796967;0.0002140279895559;0.0043142267219395;0.030140873520496;0.0021844929457931;4
11368191;6681302;33;0.0;0.0;0.0;0.0;0.0;0.0;0.0;4
11368269;6681251;33;0.0;0.0;0.0;0.0;0.0;0.0;0.0;4
11368277;6681250;33;0.0;0.0;0.0;0.0;0.0;0.0;0.0;4
11368338;6681238;33;0.0375262714267545;0.0955546921095425;0.0038018611976509;0.0033349446981037;0.0929859681337868;0.3285206447355276;0.0431538893433193;3
11368370;6681270;33;0.0;0.0;0.0;0.0;0.0;0.0;0.0;4
11387250;6627297;51;0.0237535601018386;0.098073898643773;0.0020757257886713;0.0022451322144494;0.098073898643773;0.3361115619332123;0.0406310925017294;3
11424219;7304647;34;0.0011887366287529;0.0067209246422456;-0.0001080599978528;0.0003788605231538;0.0048824157728807;0.0128660801329062;0.0018589275507196;4
11426655;7307162;34;0.0010151663714138;0.0047252815210852;1.1555857644011708e-05;0.0003211999343231;0.0044768960267981;0.0075163425795154;0.0007943971424285;4
11427294;7307125;55;0.0001414723818881;0.0010064092377774;-1.2548808947674544e-05;1.9048157537591436e-05;0.0003097013090162;0.0023065032503075;0.0002769694216019;4
11428110;7305232;51;0.0008714429201315;0.0047487993092655;-4.995484515264757e-05;0.0001649725299033;0.0034297660390111;0.0102171929405593;0.0011346674443201;4
11428211;7305192;55;0.0001827352656846;0.0020898641588296;-1.3717008500987284e-05;7.791146990830906e-05;0.0020898641588296;0.0037727474427326;0.0004747641235158;4
11428230;7305427;51;0.002166668638969;0.0038022813688212;-1.2596467127776562e-05;0.0002045167142564;0.0025738531625246;0.0165122089061004;0.000807270156848;4
11433513;7301104;47;0.0136242406255729;0.0223739518737852;0.0003038957116336;0.0008385784409754;0.0085983041697542;0.1009575674668787;0.0055893013218536;4
11433562;7300677;25;0.0;0.0;0.0;0.0;0.0;0.0;0.0;0
11433616;7300619;25;0.0;0.0;0.0;0.0;0.0;0.0;0.0;0
11433630;7300659;25;0.0034281616722396;0.0041488279881388;-1.9715114182113624e-05;9.074638243900424e-05;0.0007801244770937;0.0171948287114858;0.0002723837838056;0
11433846;7301495;4;0.0;0.0;0.0;0.0;0.0;0.0;0.0;0
11433863;7301519;4;0.0;0.0;0.0;0.0;0.0;0.0;0.0;0
11434118;7302488;27;0.0028851813333507;0.0050268821871509;0.0001600019187573;0.0003672336027838;0.0034378508622316;0.017211862022391;0.0016272320109029;0
11434187;7302449;27;0.0023889145643053;0.0038150135134353;0.0001162026597169;0.0002605921751931;0.0025720555111501;0.0138795859285271;0.0011949935699116;0
11434200;7302227;24;0.0070280917749439;0.0095946691429553;-0.0001186541578654;0.0001514051004168;0.0021535533356352;0.0347734264752886;0.0009944305930087;0
11434217;7302453;24;0.0;0.0;0.0;0.0;0.0;0.0;0.0;0
11434217;7302497;24;0.0;0.0;0.0;0.0;0.0;0.0;0.0;0
11434238;7302541;24;0.0;0.0;0.0;0.0;0.0;0.0;0.0;0
11434240;7302499;24;0.004622542802715;0.0054489717197555;5.557768131375887e-05;0.0001963237988306;0.0036225901952056;0.0232612652735682;0.0010850655705402;0
11434241;7302456;3;0.0064769820865548;0.0065553286257262;-6.695247299103751e-05;6.695247299102038e-05;0.0001011346715322;0.011218896338963;5.699185831903223e-05;0
11434249;7302542;24;0.0;0.0;0.0;0.0;0.0;0.0;0.0;0
11434252;7302458;24;0.0017115479137059;0.0019170348342035;-1.6382733302161628e-05;1.631379307564113e-05;4.646820676740488e-05;0.008403627021418;0.0001146438058432;0
11434347;7302468;51;0.0010564938412462;0.0027326065330815;6.813284837698259e-05;8.390715258826544e-05;0.0027326065330815;0.0115665003452207;0.0012276135718383;4
11434807;7301082;24;0.0008414112891981;0.0009124668032043;-7.090666186218843e-06;7.347726132570777e-06;1.9017619862723512e-05;0.0041293695303105;5.014218770019983e-05;0
11434852;7301105;24;1.321321574484702e-05;3.940413354108332e-05;-9.27387033217242e-07;1.3742672354918248e-06;2.6742272052056564e-05;8.019852948024251e-05;9.664510772055776e-06;0
11439590;7302219;43;0.0;0.0;0.0;0.0;0.0;0.0;0.0;4
11451590;7068322;12;0.1907221426245288;0.2141963893898693;0.0059170428779355;0.0051520968395738;0.0257058458594779;0.6648401175712588;0.0214343060004903;1
11473043;6540034;61;0.0483702506396115;0.1020980089993344;0.0004181873753412;0.0041755778820238;0.0949640135943092;0.5004873909074554;0.042031814354555;3
11489836;6506052;29;0.0688312001072328;0.1014575731421425;-0.0038815008109609;0.0042748448844951;0.0949550086575694;0.4358276106168521;0.0425689773062652;3
11493469;6518319;33;0.0;0.0;0.0;0.0;0.0;0.0;0.0;4
11493505;6518294;33;0.0577829878589024;0.0971710680609083;-0.0037554293661263;0.0036976430812957;0.0927353396383272;0.4165355053935907;0.0438036236285502;3
11493523;6518328;33;0.0;0.0;0.0;0.0;0.0;0.0;0.0;4
11496775;7255023;26;8.018841146003886e-07;9.866355284493888e-07;-1.4922245598455493e-08;1.4518262338707252e-08;3.4051419629574684e-08;4.129066250123019e-06;1.1278240340197815e-07;0
11503938;7259248;26;0.0010086970776452;0.0025607074096903;2.131728650406396e-05;7.855654416368363e-05;0.001771289331375;0.005629404285333;0.0004487580276558;0
11504025;7259252;26;0.0006769371869375;0.000768589076662;-7.115999289695455e-06;6.982694978955022e-06;1.7958655992385514e-05;0.0034625788774221;5.3747862511571054e-05;0
11523894;6495896;11;0.0;0.0;0.0;0.0;0.0;0.0;0.0;0
11524197;6497127;11;0.0941286314213557;0.0952397907687983;2.371076192966182e-05;0.0010436969081756;0.002241809088935;0.3122009437974834;0.0008111452177741;3
11524224;6497150;11;0.0;0.0;0.0;0.0;0.0;0.0;0.0;0
11529937;6493073;53;0.0;0.0;0.0;0.0;0.0;0.0;0.0;4
11529969;6493131;53;0.0346782825138174;0.0949795467329692;0.0005540260291077;0.0039425414447096;0.0927070390596067;0.4023961147570361;0.0430413840855138;3
11530173;6493039;53;0.0;0.0;0.0;0.0;0.0;0.0;0.0;4
11530206;6493054;53;0.0172785224363436;0.0859155435759209;-0.0008150548820738;0.0036220075917875;0.0821498655579684;0.2315901483417092;0.0267098271495518;3
11533283;6493878;53;7.812801694378486e-06;3.08178281135637e-05;-2.588281796865292e-07;1.0404510561018565e-06;6.982362000678458e-06;6.910031974454304e-05;5.389964578010237e-06;4
11542887;6334554;51;0.0003531258936658;0.0014884164605703;3.0151285855884837e-05;3.451057202471874e-05;0.0014867522403074;0.0049491251978223;0.0005962998240469;4
11543012;6334673;51;0.0045001894456057;0.017948575622452;0.0002769794614265;0.0007794358716707;0.0170790205350971;0.0567264529967765;0.006545547075253;4
11543035;6334643;51;0.0243085911707029;0.0684977253424042;-0.0006406825926672;0.0031148455146503;0.0463359511364659;0.2353584991215287;0.0222540303768999;3
11543040;6334682;51;0.0;0.0;0.0;0.0;0.0;0.0;0.0;4
11543061;6334650;51;0.0;0.0;0.0;0.0;0.0;0.0;0.0;4
11547023;7188093;36;7.586515612089359e-05;0.0001153461120659;3.593568460700032e-06;4.322929290630518e-06;0.0001075432726009;0.0005364008315954;4.729548465038539e-05;4
11556421;6463220;7;0.0;0.0;0.0;0.0;0.0;0.0;0.0;0
11556458;6463222;7;0.0712651089365501;0.0816292515235168;0.0057236062170937;0.0110978733759663;0.0589839040302368;0.1957592592781513;0.0198950005599467;3
11561388;6444873;33;0.002193952796871;0.0024889522228471;-1.3797653968815533e-05;2.599006228659102e-05;0.0001490395527005;0.0126291411801794;0.0001405674729893;4
11561400;6444841;33;0.0;0.0;0.0;0.0;0.0;0.0;0.0;4
11561414;6444877;33;0.0;0.0;0.0;0.0;0.0;0.0;0.0;4
11561816;6445163;34;0.0;0.0;0.0;0.0;0.0;0.0;0.0;4
11561836;6445147;34;0.0527409944372751;0.0931855172895843;-0.0030247597430579;0.0059765484220609;0.0905125351320794;0.3936914537004469;0.0421545252308343;3
11561863;6445170;34;0.0;0.0;0.0;0.0;0.0;0.0;0.0;4
11561921;6444546;15;0.0513471888706751;0.054725044313737;0.0003533318480705;0.0009673894137771;0.0042680659218841;0.199006776832908;0.0019268307590631;0
11561985;6444513;15;0.0;0.0;0.0;0.0;0.0;0.0;0.0;0
11562101;6444465;28;0.0;0.0;0.0;0.0;0.0;0.0;0.0;0
11562123;6444522;28;0.0017257446949251;0.0019218906554752;-1.5011736693063238e-05;1.4403676148831964e-05;3.8460882470816833e-05;0.0091546804019423;0.0001222877467229;0
11562173;6445658;15;0.0;0.0;0.0;0.0;0.0;0.0;0.0;0
11562181;6444544;28;0.0;0.0;0.0;0.0;0.0;0.0;0.0;0
11562477;6445268;59;0.0650283139067684;0.1001786510917452;0.0018261729316848;0.0029138217496657;0.0562178655934992;0.5664995783089161;0.0347946901414432;3
11562748;6445340;4;0.0003612633283883;0.0005120327700972;-9.286629317004456e-05;0.0001580357022328;0.0002333152093458;0.0007622271883949;0.0001213934892978;0
11564934;6461481;41;0.0;0.0;0.0;0.0;0.0;0.0;0.0;4
11583090;6403800;13;0.0;0.0;0.0;0.0;0.0;0.0;0.0;0
11583105;6403862;13;0.052862122929943;0.0550537289560732;-0.0002350404877794;0.0004827028327751;0.0012323619588352;0.1906313267990631;0.0010019300062259;0
11583467;6403931;13;0.0546101536832353;0.056986614530974;-0.0002596565983369;0.0004868262351399;0.0013001718735653;0.1969392877084968;0.0010950073461106;0
11583699;6404142;13;0.0;0.0;0.0;0.0;0.0;0.0;0.0;0
11583758;6404430;13;0.0006915268705242;0.0008762689528242;2.522444720094247e-07;2.702873743583325e-05;0.0002211895188941;0.0025028838759769;6.057756127035606e-05;0
11583790;6404405;13;0.0001482542054344;0.0003480128652497;7.677123833434475e-06;2.3042859052156125e-05;0.0002275239083797;0.0005740362219948;5.80361701443243e-05;0
11583815;6404479;13;0.0727632354125012;0.0763738556770547;-0.0004104413084905;0.0005537930545038;0.0019642247122677;0.2624224515807413;0.0016914612165104;0
11584905;6404219;11;0.0007704871104879;0.0008013756315343;-5.293682606242039e-06;5.913339428973709e-06;1.2812342971032392e-05;0.0025560300954955;1.688352443342338e-05;0
11584907;6404225;11;0.0208277203201108;0.0216551824981081;-0.0001418786497001;0.0001585102182838;0.0003445486874743;0.0690940374927964;0.0004525429156547;0
11584943;6404211;11;0.0001290842483616;0.0001310636508607;-3.807166902085175e-07;8.324946677191564e-07;1.5887529280678603e-06;0.0004281528983333;1.4993763908813927e-06;0
11585422;6402029;6;0.0171445786530381;0.0173600157796457;-3.740566870062132e-05;0.0001580443421695;0.0003539571869122;0.0419971731981063;0.0001544309395112;0
11585478;6404329;13;0.0;0.0;0.0;0.0;0.0;0.0;0.0;0
11585481;6404276;13;0.0;0.0;0.0;0.0;0.0;0.0;0.0;0
11585892;6403401;13;0.0042315211605089;0.018676739543461;0.0010156159997149;0.0014551046486062;0.0171174624862525;0.0268345348770745;0.0061225763478298;0
11585892;6404280;56;0.0405822088388232;0.0781681787251014;0.0010117312839687;0.0037227143117474;0.0589959452416554;0.3656510600244749;0.0272139079266013;3
11585898;6403356;13;0.0;0.0;0.0;0.0;0.0;0.0;0.0;0
11585929;6403394;13;0.0;0.0;0.0;0.0;0.0;0.0;0.0;0
11587555;6405401;24;0.0;0.0;0.0;0.0;0.0;0.0;0.0;0
11591596;6425003;30;0.0162245240571876;0.0758548562483983;-0.0011970514708936;0.0025949367496283;0.0453965867409773;0.1301567850623639;0.0173625394372507;3
11591844;6424982;30;0.0031809450439344;0.0037627898945125;-4.611133684569117e-05;5.870339635785683e-05;0.0004757932759445;0.0175888012077932;0.0004402115685036;4
11592742;6423707;59;0.0;0.0;0.0;0.0;0.0;0.0;0.0;4
11592770;6423726;59;0.0173563512680962;0.077966473590523;9.466354970071055e-05;0.0027823627232415;0.0674995052820431;0.2358251012483961;0.0253250547701868;3
11592895;7076744;57;0.1110655407690024;0.2159894553138166;0.0044999802621402;0.0049988838487109;0.136799220395054;1.0447366222143908;0.0825416441472424;1
11592907;6423745;59;0.0;0.0;0.0;0.0;0.0;0.0;0.0;4
11592935;6423761;59;0.0024880449127816;0.0101590939342905;-3.576106040265307e-05;0.0004265323313643;0.007165348798733;0.0235316107824073;0.0017874564080099;4
11595506;6427452;30;3.749275414960671e-06;4.795005522248026e-06;-6.831757582978628e-08;6.856724680449457e-08;1.5323138833308597e-07;2.079213649735061e-05;5.944452878553796e-07;4
11596455;6429188;59;1.3470666231113934e-05;0.0002093144950287;-1.1268975359684833e-06;3.792074743832284e-06;7.214498781023542e-05;0.0002812745129237;3.405112794532464e-05;4
11597061;6304850;56;0.0237177805396764;0.0662565230259727;-0.0001067998961166;0.0024361952664467;0.0463066744519178;0.2292843338629599;0.0193969122110963;3
11599639;6413464;42;0.0234427782888035;0.0776228788298006;-0.0010098105689572;0.0038370299180806;0.0682133061152689;0.2331662747503601;0.0272924330247521;3
11603803;6302012;51;0.0243036746809875;0.0646247493114541;-0.0003972638061449;0.0024391749802318;0.0462849754866695;0.2200660095903965;0.0189451995182376;3
11604105;6427510;14;0.0;0.0;0.0;0.0;0.0;0.0;0.0;0
11604106;6427457;14;0.0008083182845371;0.0008683069221577;-7.490056394999342e-06;7.894497124246383e-06;1.918787696087148e-05;0.0030267739169361;3.169278489887097e-05;0
11604126;6427468;14;0.0016180620398563;0.0017382780645784;-1.5013841289256216e-05;1.5816427784303917e-05;3.844385676100197e-05;0.0060588974660419;6.352265988979754e-05;0
11604333;6427450;14;7.127353909805088e-07;8.321101314401164e-07;-1.6864249628744352e-08;1.603316626603145e-08;3.4051419629574684e-08;2.679409438314946e-06;6.935962820447004e-08;0
11612722;6412387;47;0.0;0.0;0.0;0.0;0.0;0.0;0.0;4
11612748;6412403;47;0.0037229413081954;0.0057454117687173;6.008391551573824e-05;0.0001644090224601;0.0044652011277419;0.0278557919540648;0.0016276299315886;4
11612819;6412384;47;0.0;0.0;0.0;0.0;0.0;0.0;0.0;4
11612836;6412405;47;0.0013549973148506;0.0063649148393145;-4.376975805970146e-05;0.0002405684878747;0.0047361716628918;0.0127817488580285;0.0012806270976896;4
11612918;6412288;64;0.001192603717838;0.0025556886643401;3.499869461238376e-05;5.889213300877408e-05;0.0017129604970097;0.0119505009608768;0.0008995401693073;4
11613708;6425298;42;0.0;0.0;0.0;0.0;0.0;0.0;0.0;4
11614492;6414304;47;0.0;0.0;0.0;0.0;0.0;0.0;0.0;4
11619400;6420340;6;0.0;0.0;0.0;0.0;0.0;0.0;0.0;0
11650443;6294176;51;0.0;0.0;0.0;0.0;0.0;0.0;0.0;4
11716247;6313158;51;0.0;0.0;0.0;0.0;0.0;0.0;0.0;4
11716250;6313170;51;0.0237602148318203;0.0640129095182379;-0.0003954709234178;0.0024259307892245;0.0462773367923207;0.2163927571678801;0.0188044045232368;3
11716281;6313196;51;0.0001998559738878;0.0002901249693702;2.927902219183237e-06;1.231821405247028e-05;0.0002233920481545;0.0015005660841842;6.487327734260486e-05;4
11716355;6313936;51;0.0007509766974985;0.0012361754952514;6.889171798433144e-07;3.655638381942694e-05;0.0008623634711848;0.0055486953648511;0.0001993004551434;4
11726095;7164846;4;0.0196855666404349;0.0398082830450476;0.0153491038198776;0.0138207938074981;0.0390284841959563;0.0551457096507884;0.0193064960380505;0
11774735;7114077;43;0.0039761338320692;0.0058848668811835;1.1950194595403426e-05;0.0003091898414227;0.0047105223004305;0.0286561792054216;0.0018131437165208;4
11787732;6334470;51;0.021163435985247;0.0610170043238688;-0.0003923243373838;0.0023604328706701;0.0462381233690302;0.1996819390696979;0.0182737541528884;3
11792077;7118353;4;0.2135095021210519;0.2149272572033362;0.0012540686926883;0.0011637600100231;0.0020668468366732;0.4270291447478517;0.0014714346879673;1
11792977;7114612;31;0.0060421975923446;0.0078452205634506;-3.770073720068003e-05;0.000394515464174;0.0045733202611849;0.0351747354115905;0.0018448647750288;4
11794072;5995132;45;0.0;0.0;0.0;0.0;0.0;0.0;0.0;4
11796984;7119320;28;0.0034798716080362;0.0044251316715233;-5.826829350063459e-05;0.0001642854041473;0.0021652226863758;0.0188005779230207;0.0007170263694069;0
11796991;7119364;28;0.0;0.0;0.0;0.0;0.0;0.0;0.0;0
11797036;7119318;28;0.0;0.0;0.0;0.0;0.0;0.0;0.0;0
11826093;6214866;35;0.0008945896428966;0.0011093451204242;-8.33331075269087e-06;1.0078999195842949e-05;4.9474173760820925e-05;0.0053167721559072;8.583940763348186e-05;4
11837774;6371777;51;0.0;0.0;0.0;0.0;0.0;0.0;0.0;4
11853472;6272376;45;0.031960087670777;0.0531557923864619;0.0015538840459559;0.0015102436861161;0.0426510092539428;0.2658128880877666;0.0234242833624475;3
11856760;7104971;43;0.1393675666638811;0.2062378777671716;0.003487378196314;0.0073054624843262;0.1372469945049153;0.9913695591411408;0.0585902010550403;1
11885599;7075292;43;0.0030611661419688;0.0046710514447074;4.178782176640147e-05;0.0002217163057626;0.0024500962265375;0.0214167871830751;0.0011385122161253;4
11885656;7075245;43;0.0016344478803221;0.0032344621905469;5.578459062034013e-05;0.0001743001645813;0.0024427045841255;0.0133127102895736;0.0012042289890222;4
11889194;7076649;43;0.0023483344757206;0.0039532315662241;4.87601844463866e-05;0.0001946284827122;0.0024464039287536;0.0171676128210435;0.0011573417130142;4
11896956;6380229;56;0.0157095767178272;0.0541794685854927;-0.0001149050240962;0.0020933060880172;0.0428152250202008;0.1706514524046633;0.0165300772247981;4
11897195;6380169;56;0.015516898694053;0.0536773379965773;-0.0001391759273167;0.0021047395560772;0.0428090459633214;0.167697946538533;0.0161683382995663;4
11897240;6380167;56;0.0;0.0;0.0;0.0;0.0;0.0;0.0;4
11897252;6380198;51;0.0188876505956106;0.0558257094478311;-0.0003577909944848;0.0022690470987386;0.0428372898357432;0.1796175607633186;0.0166088551496288;3
11915639;7228566;3;0.0254992619725267;0.0390736174843427;0.0187120842166217;0.0203615332677241;0.0390736174843427;0.0541046760107854;0.0180432709784138;1
11961671;7012896;43;0.1403781258280187;0.2078553323819464;0.0035517270100206;0.0072653656024815;0.1378425692231372;0.9995257742865732;0.0593948142734288;1
11964123;6390946;49;0.0001120957599222;0.0007961985898659;1.175709710594948e-05;1.715418770301056e-05;0.0007961985898659;0.0020761878908717;0.0002745998442248;4
11974371;6357540;28;0.0063811693593796;0.007533785483897;-0.0001037025869419;0.0001202187383603;0.0009056596373347;0.0341192762122412;0.0009255110989692;0
11987683;6346456;18;0.0;0.0;0.0;0.0;0.0;0.0;0.0;0
11989484;6349255;56;0.0135995380498823;0.0508863840629899;-0.0001323625831877;0.002011279249693;0.0420470441203392;0.1538876683450753;0.0154251407143111;4
11989749;6349262;46;0.0009878228045536;0.0013148832983199;3.551369975417228e-06;3.868616843360176e-05;0.0008512507172337;0.0068358329742056;0.0002001137374534;4
11989749;6349271;18;0.0327875338100543;0.0521528622950562;0.0029306952618233;0.0031178001317029;0.0249689923341233;0.1554663899061853;0.0163628910618642;0
11989924;6349400;18;0.0;0.0;0.0;0.0;0.0;0.0;0.0;0
11989938;6349395;46;0.0;0.0;0.0;0.0;0.0;0.0;0.0;4
12000532;6973044;43;0.0008053319563373;0.0012697420583247;-5.663551079497857e-06;3.60365689025318e-05;0.0008576242084704;0.0054062360015787;0.0001764854977338;4
12004978;6235418;39;0.015833568003831;0.0483168609137328;-0.0002144035903192;0.0026132163376207;0.0463991841366676;0.1678349053319369;0.0217156343857425;3
12053863;6351777;51;0.0003589950999302;0.0012546949783264;-2.0268511492023496e-05;4.9920999023291904e-05;0.0008597487055493;0.003973296277703;0.0004250566684235;4
12055884;6522604;7;0.0;0.0;0.0;0.0;0.0;0.0;0.0;0
12071328;6951012;43;0.1380481073649785;0.2059478615912192;0.003570326476434;0.0072192894164526;0.1382031421949121;0.9858266081506364;0.0595313213660975;1
12072028;6277817;30;0.0199517172732206;0.0476561748648545;-0.0016974470775243;0.0033779761769167;0.0463930314040909;0.1653776955057719;0.0226624884675711;3
12081278;6263132;9;0.0002686944946186;0.0005371232541043;6.995450196845194e-05;6.727223827574171e-05;0.0004553216087432;0.0010294687644992;0.0002134466766962;0
12100876;7347873;13;1.5695388334958676e-06;2.4669886086800997e-06;-2.1911447548774769e-07;2.3244179402236115e-07;1.990221378958053e-06;6.625124131511494e-06;9.554455992188046e-07;0
12101305;7347768;11;0.0066113661628045;0.0371727456516169;0.0029194510910546;0.0038805383587333;0.0371714188373643;0.0514280135569201;0.0140260432782777;0
12101883;6327915;51;0.0114284782891876;0.0465371977496351;-0.0003167369762848;0.0019959590703545;0.041159163125306;0.1321139256808263;0.0145474028693964;4
12118069;6274060;51;0.0366085711864474;0.0513688994455515;0.0010605427861417;0.0014803298493853;0.018561533811814;0.2922403781011963;0.0182868627937757;3
12118255;6273891;47;0.0244114845392109;0.0491072686648281;-0.0002229336662274;0.0021490098869087;0.0410255597375124;0.2094603381638281;0.0183728326992357;3
12119286;6274958;15;0.0482161264032035;0.0497640942142949;-0.0001652429689069;0.0004827668843243;0.0010583220380477;0.1867673557541125;0.0008214822147696;0
12119286;6275002;15;0.0;0.0;0.0;0.0;0.0;0.0;0.0;0
12119424;6274971;15;0.0;0.0;0.0;0.0;0.0;0.0;0.0;0
12119427;6275055;15;0.0;0.0;0.0;0.0;0.0;0.0;0.0;0
12119429;6274974;26;0.0;0.0;0.0;0.0;0.0;0.0;0.0;0
12119452;6275010;15;0.0407119437578686;0.0414460285132382;-2.3165766220981024e-05;0.0005079155973774;0.0010389479585;0.157690420229933;0.0005374733565505;0
12119475;6946657;43;9.053589572876593e-05;0.0001215388385199;1.619267393923212e-06;4.828538264395136e-06;0.0001025428605445;0.0006422505235452;3.736232187756114e-05;4
12120271;6295829;51;8.541178038687425e-05;0.0001333006616025;2.284819721898996e-06;5.513258138599299e-06;0.0001139265877012;0.0006836031637456;4.321843783447119e-05;4
12146343;6256202;47;0.0;0.0;0.0;0.0;0.0;0.0;0.0;4
12172793;6931300;43;0.1375153824023258;0.2056168968946664;0.0035809684060768;0.0072151204256221;0.1385969382947015;0.9829945135510322;0.0596750028671466;1
12221059;6286925;26;0.0;0.0;0.0;0.0;0.0;0.0;0.0;0
12221068;7439181;9;0.0;0.0;0.0;0.0;0.0;0.0;0.0;0
12221086;6286908;26;0.0239458801893587;0.0397793350231101;0.0020120541130488;0.0017635347128024;0.0348543751599233;0.1511735352878544;0.0174806520982781;0
12221176;7439180;13;0.0056441065912487;0.0367044241008353;0.0021945909936552;0.0031957744475771;0.0359233426878474;0.0507809995442328;0.0129037344175345;0
12221739;6286467;26;0.0201584776014487;0.0491090579296863;-0.0026735613100853;0.0021222245985751;0.0479107090687701;0.1580580142649122;0.0235477143868459;3
12222239;6287732;6;0.0;0.0;0.0;0.0;0.0;0.0;0.0;0
12227152;6285301;47;0.0228289016986053;0.0437989671468606;-0.0002377599763367;0.0019227481973315;0.0365051358254246;0.1958840134737517;0.0171824287750469;4
12256148;6976982;41;0.142673280727005;0.2043883952636002;0.0031211009652675;0.0074716645429038;0.1388725248564124;0.9741574619342512;0.0528228734343933;1
12297411;6280850;47;0.0022292420058602;0.003788391756515;6.888987285961342e-06;0.000118166768694;0.0025758142367512;0.0162079201606675;0.0007872553947986;4
12343439;7585148;4;0.0;0.0;0.0;0.0;0.0;0.0;0.0;0
12343447;7585036;4;0.0;0.0;0.0;0.0;0.0;0.0;0.0;0
12343474;7585016;13;0.0056084847724789;0.0349123094054948;0.0021471865521847;0.0030481401888419;0.032575477986014;0.0483601528345126;0.0121838103911478;0
12343508;7585093;13;0.0002394446385288;0.0007884168909962;7.679266507297283e-05;6.731980100042717e-05;0.0007884168909962;0.0015564539432042;0.0003591882218551;0
12346411;6989738;41;0.0;0.0;0.0;0.0;0.0;0.0;0.0;4
12376296;6309563;47;0.0191281324976053;0.0399448906423684;-0.0002394233134241;0.0018007016106695;0.0364725921324099;0.1740106384944011;0.0166842300528613;4
12415060;8671398;52;0.0007768273397837;0.0055620502268324;7.326703167480965e-05;0.0001170955931939;0.0055097271341934;0.0145091120605413;0.0018560419816719;4
12438390;7010839;41;0.1420487061094041;0.2039542089042611;0.0031332440333922;0.0074618049797307;0.1391644867605122;0.970763332200462;0.0529818689519611;1
12439763;8668461;52;0.0002444728274359;0.001592053546331;1.948002833691562e-05;3.598937136281734e-05;0.0015741442998573;0.0041635251657985;0.0005230652943467;4
12439867;8668548;52;0.0;0.0;0.0;0.0;0.0;0.0;0.0;4
12439870;8668389;42;0.0;0.0;0.0;0.0;0.0;0.0;0.0;4
12439895;8668476;50;0.000243604401714;0.001592053546331;2.151700452221944e-05;3.533893431822928e-05;0.0015741442998573;0.0041570383963098;0.0005350479044285;4
12439931;8668454;42;0.0;0.0;0.0;0.0;0.0;0.0;0.0;4
12439932;8668504;50;0.0;0.0;0.0;0.0;0.0;0.0;0.0;4
12465898;6337174;47;0.0015370420570145;0.0025417990520339;1.0763092820676774e-05;8.177576394541425e-05;0.0017149215712364;0.0113506511098467;0.0006154026742793;4
12501130;8758284;51;0.0;0.0;0.0;0.0;0.0;0.0;0.0;4
12520326;8150515;54;0.0008687133336796;0.0063503452484778;7.644944161002132e-05;0.0001321048327142;0.0062969686707522;0.0165693946653368;0.0020807452606538;4
12521105;8149160;60;1.3741404773495622e-05;6.499508925992258e-05;-1.8997581661442979e-07;2.257923699671196e-06;6.499508925992258e-05;0.0001664698601918;1.652404411928025e-05;4
12521154;8149202;37;7.105589913322873e-05;0.0001781346890827;-2.6800386043259104e-06;5.429354636471238e-06;2.168856911229074e-05;0.0004889380187876;3.757859387627913e-05;4
12521194;8149227;37;0.0;0.0;0.0;0.0;0.0;0.0;0.0;4
12521207;8149230;9;0.0054871857066731;0.0071410457039295;0.000795556418357;0.0009159999412924;0.0070841575092483;0.0186236212365921;0.0029031860878923;0
12522678;8147880;45;3.520417136479092e-05;0.0001833087868118;-2.842174183027331e-06;8.169613832228276e-06;0.0001139686735563;0.0003953206895947;4.726013870177032e-05;4
12522725;8147759;9;0.0006090212704923;0.000792762255857;8.840663499082062e-05;0.000101769684164;0.000787143668728;0.0020675580163219;0.000322599507413;0
12527947;6349045;47;0.0184371145697523;0.0392645226800503;-0.0002355037679239;0.0017822791429176;0.0364670411568875;0.1701892139400753;0.016623356063086;4
12548337;7572035;9;0.0087882790747653;0.0340872771271374;0.0041291308945275;0.0044785404137873;0.0286402282585671;0.0477226781559402;0.0132595850802849;0
12554589;7675365;7;1.3067028504186732e-06;1.3745336035666398e-06;-2.0084145849677708e-08;2.119594393387081e-08;3.7939425971366445e-08;3.458872743084349e-06;4.0522088872003755e-08;0
12557434;7674146;7;0.0124858820136108;0.0323338457284762;0.0052850364138162;0.005288772235279;0.0245650355662094;0.046234937879104;0.0122263692372554;0
12557451;7674131;7;0.0;0.0;0.0;0.0;0.0;0.0;0.0;0
12557475;7674266;7;0.0007846703194558;0.0007961985898659;-4.535190060989759e-06;4.533736646421792e-06;8.618041904998193e-06;0.0020761878908717;9.285830662772477e-06;0
12557529;7674233;7;0.0;0.0;0.0;0.0;0.0;0.0;0.0;0
12560157;7028884;41;0.0008204690294679;0.0012801592675544;-9.658755770644992e-06;3.705183577110151e-05;0.0008561534028004;0.0053575567038601;0.0001640543688966;4
12571294;6356564;42;0.0;0.0;0.0;0.0;0.0;0.0;0.0;4
12571307;6356548;42;0.0010945553777387;0.001316670750633;-1.908618354071557e-06;4.029270386458696e-05;0.0008520678314948;0.0071741381575355;0.0001654788402575;4
12571348;6356546;42;0.0194875428031347;0.0386959837713677;-0.0005856177575196;0.0019476227756522;0.0364595146174071;0.166700684278112;0.0167893223647412;4
12581020;6344117;42;6.098862946467589e-06;1.7122994469272786e-05;-2.072052204270107e-07;3.339697593749609e-07;2.593198480817369e-06;4.423950706282056e-05;3.0663168424564437e-06;4
12602742;7039196;41;0.1396865184214004;0.2020690208851831;0.0031636636431709;0.0074123092234856;0.1395281306133255;0.9573413085942122;0.0533047200958782;1
12603825;6388054;20;0.0282008319118672;0.0380108038673716;0.0019988029040699;0.0022482304502038;0.0354111327528919;0.143390713424049;0.0152564056806147;0
12604317;6387641;20;0.0;0.0;0.0;0.0;0.0;0.0;0.0;0
12604917;6387905;5;0.0;0.0;0.0;0.0;0.0;0.0;0.0;0
12605065;6387918;20;0.0368930508045156;0.0379731197682591;-5.266277541730544e-06;0.0004510306561233;0.0012836694809918;0.165015109168421;0.0006341254045702;0
12618723;6384768;54;0.0244880028039718;0.0374101520963009;0.0008590868674678;0.0010264556781199;0.0221415929001517;0.2129024234422778;0.0154833714363356;4
12624303;7025763;41;9.845955827956675e-05;0.0001287266192926;1.6031486957729875e-06;4.914474305309674e-06;0.0001034877470178;0.0006731373680706;3.68412040705637e-05;4
12627170;6383007;22;0.034957371799782;0.0361868934703286;5.361611214754069e-06;0.000419986476336;0.0013486826022079;0.1639925029049352;0.0006448558600341;0
12633729;8157466;17;0.0;0.0;0.0;0.0;0.0;0.0;0.0;0
12642142;7017645;41;0.1389648322331982;0.2015207991650514;0.0031749345604807;0.0073983361474752;0.1397184945433541;0.9533296089952986;0.0534372517562034;1
12665362;6342899;48;0.0;0.0;0.0;0.0;0.0;0.0;0.0;4
12682687;8071287;20;0.0051465006136405;0.0150411775904288;0.0009868066632944;0.0008974110004701;0.0149561964601025;0.0386914743977186;0.006954497896129;0
12682934;8067907;6;0.0001106672170632;0.0002684563758389;-4.4766416413509744e-05;4.733500629761203e-05;0.0001114705045673;0.000337426652387;8.20298199295313e-05;0
12683124;8068407;45;0.0;0.0;0.0;0.0;0.0;0.0;0.0;4
12683147;8068399;45;0.0001276543149661;0.0007961985898659;1.0679321085308698e-05;2.017694038829497e-05;0.0007870683857813;0.0019395475937559;0.0002594242249725;4
12683210;8068436;53;0.0;0.0;0.0;0.0;0.0;0.0;0.0;4
12683236;8068425;59;0.0002689237766364;0.0023861903357916;2.0987850458114533e-05;4.799515897174429e-05;0.0023612578554067;0.0057905019506596;0.0007042610381295;4
12683703;8068414;54;3.2196115396374174e-06;1.4443353168871684e-05;-7.567371956712488e-08;5.391484311840097e-07;1.4443353168871684e-05;3.408899505975101e-05;3.339719069496997e-06;4
12686500;8062552;60;0.0;0.0;0.0;0.0;0.0;0.0;0.0;4
12689047;6326280;49;0.0015569126527331;0.0034438373213083;-1.0757535779675589e-05;0.0001531982309249;0.0022138052422792;0.0136422710824683;0.001172270489123;4
12690932;6338619;10;0.0346683165460311;0.0357592608673568;9.817706296598137e-05;0.000556514807693;0.0013883632991718;0.1096549565639811;0.0007271710727501;0
12692732;7274795;32;5.93937161597893e-05;0.0009591555119258;1.0447260888317268e-05;3.151185866659202e-05;0.0009591555119258;0.0013439847399537;0.0002300415280859;4
12696612;6328484;49;0.0069876892404566;0.0299470620329424;0.0005808204620475;0.0007153767588201;0.0269275270395604;0.0925526747329097;0.0112244588570777;4
12696695;6328338;49;0.0187333784991186;0.0353914588251567;0.0001470150158618;0.0015805768024284;0.0307283037255586;0.1699000819654176;0.0154325416996662;4
12696718;6328346;49;0.0;0.0;0.0;0.0;0.0;0.0;0.0;4
12730684;6321666;48;0.0154524811151968;0.0305272734395744;0.000137819818886;0.0013782182823045;0.0277493391398939;0.1449168642891228;0.0140975007166218;4
12754377;7125234;32;0.0043876790659706;0.0050304487912855;-3.820636466874653e-05;0.0001169314978018;0.0016695749048313;0.024928243080446;0.0004093447632796;4
12754425;7125368;31;0.0;0.0;0.0;0.0;0.0;0.0;0.0;4
12758349;7174834;32;0.0;0.0;0.0;0.0;0.0;0.0;0.0;4
12758380;7174848;32;0.002640034067314;0.0032259332820938;-2.2282801240574662e-05;0.000104481587769;0.0016608109069247;0.0150254634203239;0.0002921683453601;4
12758426;7174855;32;0.0;0.0;0.0;0.0;0.0;0.0;0.0;4
12777677;6341249;37;0.0083532751737152;0.0287146281480559;0.0008528946252879;0.0008667751981858;0.02622004849072;0.0882320547092064;0.0118585570102062;4
12787088;7041083;39;0.1461332707028932;0.2019222167425537;0.0025650118029671;0.0077939271720332;0.1401160701890368;0.9542679529233998;0.0446596664615842;1
12792219;7761342;9;0.0106499058348508;0.0306301952935745;0.0037208376635068;0.0040556162321035;0.0205364174278698;0.0455167930129874;0.0108063458597582;0
12827135;7401623;6;7.045164876865125e-05;0.0002178313509729;4.793962174609893e-05;4.615683206136847e-05;0.0002178313509729;0.0002990413253896;9.970381587939795e-05;0
12830483;7782926;10;0.0073005920242821;0.0167260867469757;0.0020377279178791;0.0019032627751155;0.0059570389897471;0.0299663247552524;0.0060414748223188;0
12857230;6341936;37;0.0189584551621721;0.029807101217328;-0.0005800894245734;0.0016855097196469;0.0277333320255242;0.1412630071560966;0.013412968081299;4
12878927;6207430;26;0.0018605324737992;0.0023720121801548;1.291528346035543e-05;4.680944226044379e-05;0.0007874797826156;0.0095724512290406;0.0002504391753856;0
12914250;6353704;37;0.0076455087454337;0.0281572311690099;0.0008640416347272;0.0008704541946427;0.0262360439151887;0.0862390089726206;0.0119394598110511;4
12922318;7039421;37;0.1493292995123527;0.1973630961255831;0.0015981949125963;0.0080537219984625;0.1403071427839203;0.9255467938980056;0.0292080140147747;1
12937458;6361883;54;0.0181391800397272;0.0299638075974541;0.0007202083727598;0.0007904230231454;0.0253133980635559;0.1663199479084032;0.0135364480792479;4
12948874;6157653;34;0.0008882733053223;0.0010598709466633;-7.9424594439647e-06;8.885206027207251e-06;3.933422753523808e-05;0.0051997518750053;7.866865609860589e-05;4
12981960;6364023;34;0.0015596420739495;0.0018694764355141;-1.5213795545675816e-05;1.668809859054094e-05;6.349414933108145e-05;0.0091365026479602;0.0001506110178614;4
13027849;6401069;34;0.0239515115427073;0.0259292816919177;6.504603646683784e-05;0.0003972297608172;0.0025399210835668;0.1397669488357945;0.0009370355434992;4
13028144;6455915;34;0.0008856482203228;0.0010559503389692;-7.903188252210843e-06;8.84473474604946e-06;3.842760897018976e-05;0.0051843009707829;7.827221920731053e-05;4
13052017;6502008;34;0.0;0.0;0.0;0.0;0.0;0.0;0.0;4
13052053;6501999;34;0.0228206287343552;0.0250409200163188;7.908846668544878e-05;0.0004017670826558;0.00257186586942;0.1332067774563553;0.0010500462460891;4
13052054;6501968;34;0.0002134053063869;0.000245037980887;-6.149262121454715e-07;3.992789439635545e-06;2.748123910736969e-05;0.0012467960051387;1.337055085984639e-05;4
13054318;6489363;34;0.0232783635445175;0.0253702462737798;7.237743184045088e-05;0.0003986024866729;0.0025636807546963;0.1358585227349867;0.0009932579069174;4
13055944;6501713;34;4.807799197647586e-06;7.187780772686433e-06;-9.309266094837964e-08;1.1386504356930433e-07;5.570046885696135e-07;2.8557979268166338e-05;9.33848042091115e-07;4
13083406;6536520;34;0.0208970463721481;0.0234693292394201;0.0001009698974423;0.0004088981659471;0.0026387104201741;0.1220621396180113;0.0012345912328615;4
13093396;7994676;11;0.0074521314216075;0.015738409760838;0.0008554458638429;0.0029634108578835;0.0157103168251929;0.0349759833081819;0.007461674917995;0
13138028;7752186;10;0.0075775518409128;0.0161620081831026;0.0020057089307181;0.0018422097589478;0.0062911499639884;0.0304254043784267;0.0059288473801706;0
13149075;6551208;34;0.0186590493533947;0.0215628415121482;0.0001238449268202;0.0004160923107359;0.0027272301603815;0.1091205041377392;0.0014332218847555;4
13156753;6093831;49;0.0;0.0;0.0;0.0;0.0;0.0;0.0;4
13162077;7110681;37;0.148652716859286;0.1968224112252739;0.0016086981901292;0.0080575920012758;0.140498333489613;0.9216227838304988;0.0293055834448237;1
13190788;6308873;5;0.0;0.0;0.0;0.0;0.0;0.0;0.0;0
13191436;6574657;34;0.0007811346815827;0.0009389855427591;-7.725238050282538e-06;8.54362872373936e-06;3.177481488678103e-05;0.0045765347213422;7.647428814849149e-05;4
13216681;6611113;34;0.0179833015354906;0.0210038060940103;0.0001313795633451;0.000419220469057;0.0027529043422208;0.1052245435035385;0.00150131310732;4
13260386;6632420;34;0.0001059330072381;0.0001189251000571;-1.972577594636463e-07;1.972047339606965e-06;1.3736855406349083e-05;0.0006186659113745;5.956314324711036e-06;4
13292227;6649118;34;0.0173085060046414;0.0204450983636908;0.0001389184469597;0.0004224183772565;0.0027784772504804;0.1013394138606284;0.0015700119687031;4
13334934;6636224;34;0.0168458059332975;0.0201151167305931;0.0001460736885751;0.000427496596832;0.0027880295585306;0.0986907308951709;0.0016386896503365;4
13357204;7132720;36;0.1520827401972052;0.196287297017877;0.0010411968396382;0.0042938112976802;0.0383913829549305;0.9174802740282147;0.0159167086027587;1
13397854;6634059;34;0.0007367970577431;0.0008806876235358;-2.5629092804443813e-06;3.235542945150821e-05;0.0008127304235032;0.0043648436141386;0.0001322078387949;4
13399385;7698541;11;0.0149541957495169;0.028746741554256;0.0027403476730063;0.0040176215424296;0.0235857248315713;0.0631396275213242;0.0117809742144927;0
13399571;7698691;4;2.436419495964911e-05;3.311177292849174e-05;7.75376917858203e-07;8.529557265157211e-06;1.5653570774149594e-05;5.0005068236333664e-05;5.613618823745114e-06;0
13431223;7146338;36;0.0;0.0;0.0;0.0;0.0;0.0;0.0;4
13431242;7146354;36;0.151667317215444;0.196013022313902;0.0010491680491531;0.0042953994978219;0.0384158921864289;0.9150403342476016;0.0159789004037594;1
13431878;7146295;36;0.0;0.0;0.0;0.0;0.0;0.0;0.0;4
13453119;6656245;34;0.0146670619715171;0.0182276348967865;0.0001634889240769;0.0004105612116597;0.0021488636371483;0.0861475290381777;0.0017758570887509;4
13453599;7702040;11;8.315381775391557e-07;1.3745336035666398e-06;1.611953074733529e-07;1.501709267169865e-07;1.3745336035666398e-06;3.4588727430843496e-06;6.294144107527328e-07;0
13453646;7702417;7;0.0;0.0;0.0;0.0;0.0;0.0;0.0;0
13453686;7702417;7;0.0238822169596684;0.0302501732649339;-0.0016823306834049;0.0034094858830453;0.0145985855200107;0.0650398890835259;0.0058268487395681;0
13453742;7702469;7;0.0;0.0;0.0;0.0;0.0;0.0;0.0;0
13453783;7702468;7;0.00137156139424;0.0015807136441016;-0.0001250403282889;0.0001168357428237;0.0006599063566415;0.0037198079084057;0.0003090784154433;0
13502059;6683373;34;0.0001126116946724;0.0001241525769827;-2.0854623638389926e-07;2.153285412335044e-06;1.3593817807590248e-05;0.0006573471134765;5.252000117912533e-06;4
13540465;7083132;36;0.1494489059680286;0.1941622415157528;0.0010747918233488;0.004295624172315;0.0384316269899146;0.9019210415051532;0.016161036208765;1
13545955;6691151;34;0.014051849137938;0.0176944868162998;0.0001659148197969;0.0003893051108849;0.0021745214035083;0.0825945498300055;0.0017856279088275;4
13576943;6670591;34;0.0137386878814243;0.0174146414194125;0.0001586038990721;0.0003959626875141;0.0022270506171073;0.0807508297118851;0.0017417366185813;4
13592623;7625959;7;0.0256382077220733;0.0333101221128655;-0.0025113691470774;0.0041684885852964;0.0191705557791262;0.0709177609549218;0.0078203484801615;0
13609407;6679764;34;9.56548343507617e-05;0.0006468354526706;5.296783504763228e-06;1.938532328867352e-05;0.0005961741787576;0.0009750989419323;0.000137169188915;4
13669218;6951123;37;0.144788957619279;0.1936510485190968;0.0016328872073994;0.0079204153007606;0.1348025179379443;0.8981553179151474;0.0289551432697693;1
13681190;6683640;34;0.0129388871514942;0.0161825352223443;0.0001134765560918;0.0004012460523184;0.0022653772637475;0.0758738281895445;0.0013798399277048;4
13768859;6695902;34;0.0002707117022549;0.0009879931389365;-2.1175132779941e-05;2.786208154144184e-05;0.0007773045020178;0.0023969583755969;0.0003093506186713;4
13778449;7499425;7;0.0268143405052677;0.0355885355139865;-0.0032113370410859;0.0048100358749393;0.0230389003379086;0.0752956020638466;0.0095346412999431;0
13778504;7499318;7;0.0008524996280716;0.0010133755425173;3.784367883950498e-05;4.289296635627852e-05;0.000233576693426;0.0022708256202202;9.954158241895202e-05;0
13778507;7499435;7;0.0;0.0;0.0;0.0;0.0;0.0;0.0;0
13778542;7499400;7;0.0;0.0;0.0;0.0;0.0;0.0;0.0;0
13778721;6888718;37;0.1441889719993298;0.1931591891037246;0.0016380137469006;0.0078900161919854;0.1337549133829027;0.8945031355156989;0.0288934915224053;1
13778748;7499932;9;0.0002913570055381;0.0013139637822878;0.0001524692267658;0.0001658116867047;0.0013126812183913;0.0018495186036745;0.000543314818013;0
13791354;6676871;30;0.0016497283331176;0.0025638113898083;-3.1888273083745135e-05;4.272372339072328e-05;0.0008068575796017;0.0092415462889109;0.0003539336386646;4
13791593;6674900;30;0.0011971032900206;0.0020333092093257;-2.6850584047842846e-05;3.745102716419831e-05;0.0007916747923944;0.0067850628669565;0.000318611021948;4
13795244;6673026;44;0.0983691542048822;0.1404372868341129;0.0018963817165668;0.0064120697108346;0.1264053373443935;0.7316357639610176;0.0498919990742572;1
13799130;6676343;34;0.0;0.0;0.0;0.0;0.0;0.0;0.0;4
13827490;6654130;36;0.0137207999874625;0.1354843339085759;-0.0020404469898622;0.0041479410715744;0.1161356319220027;0.2474831855187038;0.0388982127666522;3
13890111;6852224;44;0.1224818586670725;0.201739694627722;0.0037501026245566;0.0068442212412767;0.1327198234122321;0.9053083609564836;0.0602086858551766;1
13890174;6851947;4;0.0028312384158405;0.0028492846380887;-1.527797337060365e-05;1.5627508055636598e-05;2.816526115130124e-05;0.0056625906505192;1.7951365012039235e-05;0
13890190;6852009;4;0.0;0.0;0.0;0.0;0.0;0.0;0.0;0
13893672;6633603;36;0.0;0.0;0.0;0.0;0.0;0.0;0.0;4
13893684;6633579;36;0.1128049209006754;0.1347603175913003;-0.0010312770071623;0.0041876758309222;0.064565629993292;0.6885130933751484;0.0210502528952481;3
13893772;6633032;36;0.0996803843207728;0.1319131574664991;0.001002325394581;0.0066735002187946;0.1167912697080995;0.6463050799233956;0.0408274865455777;1
13893859;6633458;32;0.0;0.0;0.0;0.0;0.0;0.0;0.0;4
13893873;6633434;32;0.1144738104750859;0.1340062639486133;-0.0012249188686434;0.0037660788932258;0.0645727472937774;0.6593666623088696;0.0219575515586252;3
13897295;7091019;7;0.0;0.0;0.0;0.0;0.0;0.0;0.0;0
13897350;7091019;7;0.0;0.0;0.0;0.0;0.0;0.0;0.0;0
13897447;7091313;42;0.006497929125987;0.0446461545015294;0.0006472444838284;0.0020685854792914;0.0373473651822459;0.0951573730769715;0.0131670188331473;4
13898809;7086334;7;0.0085745155635611;0.0419930324891635;-0.0034021289088359;0.0082007676033772;0.0404265441130218;0.0433700647709565;0.0139709202999286;0
13898816;7086410;7;0.0264647691023037;0.0461256650014664;-0.0022566641128755;0.0151260552988596;0.0410123082213209;0.0881623220241411;0.020248128658579;3
13900110;7080650;7;0.0;0.0;0.0;0.0;0.0;0.0;0.0;0
13915190;6856815;9;0.0;0.0;0.0;0.0;0.0;0.0;0.0;0
13951967;7393742;9;0.0003020772248021;0.0012803537048451;0.0001478906221402;0.0001619318728318;0.0012457244796388;0.001800416131683;0.0005185709422727;0
13953596;7394157;9;0.0014243247351108;0.0016033079227768;-8.164052535414618e-05;8.717677735979822e-05;0.0006313195916296;0.0043526416140921;0.0002763211620337;0
13953621;7394169;9;0.0;0.0;0.0;0.0;0.0;0.0;0.0;0
13953653;7394262;9;0.0231771813061338;0.0401296333009468;0.0007688523718338;0.008684109723803;0.031972613450646;0.0843849168606294;0.0159379999926755;0
13953754;7394145;9;0.0232111684859448;0.0408308852322569;0.0003952523852011;0.0090609579984373;0.0348309344406661;0.0856398378696823;0.0166177841416264;0
13957700;6613469;32;0.0;0.0;0.0;0.0;0.0;0.0;0.0;4
13971320;7291638;9;0.025742312743611;0.0438937832705538;8.217169232566543e-05;0.0093699212286466;0.037340673163037;0.0929067254111757;0.0172164638197753;0
13973229;7440801;35;0.0061592593171901;0.0394057709101693;0.0007796491557748;0.002047716305118;0.0320277631758079;0.0831395537866056;0.0126314898646903;4
14005543;6592197;44;0.0910251832758404;0.1318140232417131;0.0017040413824438;0.0062757875321499;0.1214867704848185;0.6787996001461857;0.04675934558533;1
14048888;6565744;35;0.0836390522600824;0.1308948310688389;-0.0040353175464617;0.0047293725516032;0.115863104417507;0.5858795529345324;0.0530263178169911;3
14051367;7456340;10;0.0;0.0;0.0;0.0;0.0;0.0;0.0;0
14052125;7456308;9;0.0007878481813182;0.0008029113169182;-3.85047649091312e-06;4.531521144087182e-06;8.618041904998193e-06;0.0023637460877097;1.028891477214074e-05;0
14060646;6544202;49;0.0801881098307994;0.1300682039157156;0.0021667153485811;0.0055480840049932;0.1204423897344333;0.6663859897856129;0.0513081471887082;1
14075095;6517862;32;0.1034336086965839;0.1242294116880482;-0.0010679307068235;0.0036562409318382;0.0645439993473489;0.5969054834933698;0.0208744694307693;3
14105935;6468167;32;0.0;0.0;0.0;0.0;0.0;0.0;0.0;4
14105955;6468189;32;0.1027596616242546;0.1236312857935744;-0.00106103130778;0.0036580704953138;0.0645419447558729;0.5931372216252928;0.020846331998377;3
14112143;6469906;36;0.0021649673644061;0.0028067463606363;2.458874344740659e-05;0.0001003594840163;0.0028067463606363;0.0138266876232642;0.0007895546886509;4
14112561;6851572;40;0.0264154803530356;0.1036860050804888;0.0016414663664298;0.0029891368024091;0.0656615741413081;0.2387318640423046;0.0269637714432944;3
14112703;6470001;36;0.0139210239551599;0.1222626048083581;-0.0018098235096787;0.0037195385750713;0.1017539487446938;0.222141917607534;0.0343067918736329;3
14112720;6470121;49;0.0092241570456502;0.1230296746231922;-0.0004447065758271;0.0051380219344366;0.1130220485733268;0.2234378320390971;0.0305578395029764;3
14112752;6469978;36;0.0;0.0;0.0;0.0;0.0;0.0;0.0;4
14145101;6425481;9;0.080029507183682;0.1193201012737408;-0.0110268093282952;0.0099896961490831;0.0645316286359677;0.2587155461962147;0.0321303519762139;3
14159403;6640856;46;0.0026885816020499;0.0053827394315498;3.4794342813990358e-06;0.0002447525422786;0.0053541617771322;0.022950126225986;0.002054679845833;4
14160622;6418186;36;0.0991155754828165;0.1192725394029197;-0.0008977556215886;0.0040527286497636;0.0645289016680007;0.60671937810742;0.0200333755217374;3
14167577;6639115;36;9.084983017388708e-07;1.5498817827670194e-06;-1.9683796042558443e-08;2.646293750815177e-08;1.2824735388606362e-07;5.605559217572444e-06;2.178814807963628e-07;4
14167577;6641781;36;0.0022941550960465;0.0033275961876007;-6.501320287355488e-05;6.681384425419794e-05;0.0013357076896166;0.0145049996912808;0.0007623374557947;4
14167580;6641774;36;0.0;0.0;0.0;0.0;0.0;0.0;0.0;4
14167604;6641778;36;0.0020902675894703;0.002452921016518;4.880506337333488e-06;4.2836744491831466e-05;0.0007160580183599;0.012620654588875;0.000235056305929;4
14171859;6641570;53;0.0008973499451014;0.0039545743949551;6.210535141686782e-05;0.0001043777381073;0.003441405164967;0.0116936456722292;0.0013322118941398;4
14182341;6110512;15;0.0;0.0;0.0;0.0;0.0;0.0;0.0;0
14185005;6119792;10;0.0;0.0;0.0;0.0;0.0;0.0;0.0;0
14189139;6834251;40;0.0257394391040197;0.1030595195551422;0.0016372416887991;0.0029589237786469;0.0656633663025809;0.2356449572243922;0.0269387253084216;3
14197840;6131510;52;0.0002347533142194;0.0008757489126819;1.9094887291785612e-05;1.9310562305849368e-05;0.0008757489126819;0.0031547742881814;0.0003691707611308;4
14214341;6374515;54;0.0642544359429751;0.1183296678063884;0.0020966314845395;0.0047978384539221;0.1079987321413422;0.5894776405702974;0.0480234764466973;3
14215651;6376031;35;0.0014876585899484;0.0018756839608117;1.0559970272758883e-05;6.906310487926089e-05;0.0018756839608117;0.0092372366641917;0.0004741024115295;4
14252621;6337865;35;0.0;0.0;0.0;0.0;0.0;0.0;0.0;4
14252629;6338636;35;0.0;0.0;0.0;0.0;0.0;0.0;0.0;4
14252641;6338641;35;0.0951268729402421;0.1174700329718035;-0.0009243287056009;0.0039807759584108;0.0645198275819393;0.5753080614387588;0.0201849286900672;3
14252658;6337888;35;0.0011082059338917;0.0022961865364537;-2.225064587352344e-05;4.1452174213799706e-05;0.0009651353694894;0.006861891392361;0.0003423173032482;4
14256092;6339745;35;0.0002597074357823;0.0030890884498229;-3.984592966314241e-05;9.08615466009436e-05;0.0028450569334148;0.0051407157045234;0.000829221315068;4
14256139;6337578;54;0.0621004289580612;0.1135369924158305;0.002032543867274;0.0046200819903607;0.1069340500041629;0.5699966605571437;0.0464772298093246;3
14257566;6282516;43;0.075124395188115;0.1117654445453012;0.0014138291686173;0.0057955130922412;0.1033604356373557;0.5580420565542752;0.0399804959806656;3
14259838;6340758;6;0.0007830727904854;0.0007929344958583;-4.955292136240786e-06;4.725297277191946e-06;8.625088749234584e-06;0.0019182458995924;8.654094518751979e-06;0
14259932;6340661;6;0.0015642024843834;0.0015838641004503;-9.882731548386846e-06;9.423823683094371e-06;1.720789643305169e-05;0.0038317312047736;1.7260517217413044e-05;0
14261035;6278373;57;1.3562279197113311e-05;0.0001113080407216;-9.347779727737128e-07;4.466102336393469e-06;9.495267202753628e-05;0.0002660248074008;3.2521215580772285e-05;4
14261162;6278337;54;0.0408472280471873;0.10679382930067;0.0017133145192166;0.0062627443003627;0.1058668416355001;0.3998819349068228;0.035954388737245;3
14262046;6342598;8;0.0;0.0;0.0;0.0;0.0;0.0;0.0;0
14266815;6277870;34;0.0;0.0;0.0;0.0;0.0;0.0;0.0;4
14275255;6349416;8;0.0;0.0;0.0;0.0;0.0;0.0;0.0;0
14304738;6213222;38;0.0;0.0;0.0;0.0;0.0;0.0;0.0;4
14310985;6128240;26;2.4624116413768653e-05;0.0001094477313353;4.3759712074575295e-06;4.70848532968173e-06;0.0001069275342076;0.0002613964750069;4.496284462151032e-05;0
14311160;6773079;39;0.025831475773164;0.1029584835620052;0.0016673637775725;0.0030241399225581;0.0656652415998662;0.2335804480162788;0.0270500415712854;3
14311993;6213894;57;0.036620775448011;0.1026881924581202;0.0015988283305523;0.0058452769938604;0.1016406428133762;0.3821130566566952;0.0349357204184617;3
14312098;6213947;38;0.0562197668852997;0.1047441106429607;0.0011102705712058;0.0088673034417394;0.1037528232553512;0.3909036700962627;0.0293349603385775;3
14312107;6213951;38;0.0002568225934984;0.0090334859708575;-3.465011412577764e-05;0.0004821092679288;0.0090334859708575;0.0090444489333147;0.001444551090488;4
14312141;6213931;38;0.0540108497511743;0.1021945551103089;0.0011076432291864;0.0087858878220229;0.1007647793377299;0.3782867414786566;0.0291314294581564;3
14351674;6323744;42;0.0010194863338865;0.0054168368307707;1.3681340066945385e-05;0.0002970616778488;0.0054168368307707;0.0095306101314418;0.0010598711658939;4
14360547;6883741;9;0.0007875151661937;0.0008025520724811;-3.844737793116358e-06;4.527477598741445e-06;8.61099506076202e-06;0.0023627465749403;1.0274804818029744e-05;0
14363079;6146815;38;0.0522320133738649;0.1002332022691359;0.0011400705289945;0.0082572503583348;0.0901012757333745;0.3673119032862774;0.028675623195384;3
14365591;6159005;11;0.0;0.0;0.0;0.0;0.0;0.0;0.0;0
14375119;6135892;45;0.001358803812801;0.0021690595549824;2.699501266698172e-05;6.635493458560992e-05;0.0021217278148533;0.0102186563648214;0.0006885618962991;4
14375760;6136966;40;0.0009258515695201;0.0012158822585807;-3.050467358523239e-06;6.357034217987206e-05;0.0010533468490808;0.0059937301623023;0.0002022842126301;4
14375778;6136993;40;0.0;0.0;0.0;0.0;0.0;0.0;0.0;4
14375787;6136421;45;0.0436556636911803;0.0995963151435117;0.0015744181951352;0.0069737729495438;0.0890357583095491;0.3634172906955547;0.0320798875802312;3
14406024;6093880;39;0.0476275021954693;0.097498530581776;0.0012530175202082;0.0079115189870381;0.0847776636386688;0.3484282510684824;0.0290602673910983;3
14408728;6609124;36;0.0263586936905129;0.0962352242656024;0.001640897244532;0.0030885282392976;0.0656709530228385;0.2216824037070195;0.0258902500539358;3
14411236;6099025;38;0.0;0.0;0.0;0.0;0.0;0.0;0.0;4
14434094;6087182;6;0.0;0.0;0.0;0.0;0.0;0.0;0.0;0
14434098;6087164;6;0.0015651740326771;0.0015848665460835;-9.896657910434118e-06;9.43720911873911e-06;1.7229036965760213e-05;0.0038341115018399;1.7284352948037498e-05;0
14437025;6045728;57;0.030091063336337;0.0878680353836576;0.0013345826770685;0.0051582952176946;0.081595136902075;0.3285174297668584;0.0314312930379314;3
14438191;6418184;20;0.0;0.0;0.0;0.0;0.0;0.0;0.0;0
14446037;6412054;20;0.0026646760248935;0.0035300229700964;3.319278331474518e-05;0.0001024370915308;0.0006134596248516;0.0120014616111591;0.0003182070435481;0
14446055;6412036;20;0.0;0.0;0.0;0.0;0.0;0.0;0.0;0
14450108;7004038;9;0.0;0.0;0.0;0.0;0.0;0.0;0.0;0
14468533;6052698;6;0.0;0.0;0.0;0.0;0.0;0.0;0.0;0
14469053;6051928;5;0.0;0.0;0.0;0.0;0.0;0.0;0.0;0
14482819;5993642;51;0.0019199649152661;0.0234077239295667;0.0002012743411854;0.0006542617933825;0.0222350849492825;0.0446983612631688;0.0059572726529555;4
14485202;5994416;10;0.0008421160439073;0.0013682829216809;9.171430828488194e-05;0.000156652751093;0.0005119288291222;0.0028230341472791;0.0002962984108364;0
14496776;7930934;9;0.0;0.0;0.0;0.0;0.0;0.0;0.0;0
14500817;6121879;39;2.3037557073448783e-08;4.511485113226998e-07;-9.132560957947375e-11;2.3744658490668407e-08;4.511485113226998e-07;6.353162795495613e-07;9.90892297518928e-08;4
14502929;6122584;7;4.137338491499495e-07;4.328676398974104e-07;-7.0163347273666474e-09;7.48459867052341e-09;1.2601539471188406e-08;1.0952907796315463e-06;1.4302878925232844e-08;0
14503290;6123962;10;0.0;0.0;0.0;0.0;0.0;0.0;0.0;0
14504079;6122689;7;0.000866269387115;0.0008895429999891;-8.538600214665596e-06;9.108829493958243e-06;1.6303350083670017e-05;0.0022923938566922;1.736596355410914e-05;0
14504817;6122744;10;0.0007912783902872;0.0008221502710085;-4.671369612862663e-06;6.165680360334799e-06;1.923895409031574e-05;0.0025026439289844;1.4183532444724423e-05;0
14504867;6122748;10;0.0015808700774406;0.0016424191912825;-9.31007440945426e-06;1.2303930680346992e-05;3.83927796315576e-05;0.004999949616993;2.8273936754922572e-05;0
14504868;6122757;10;0.0007902663684069;0.0008210214605678;-4.65177072310003e-06;6.149222336141213e-06;1.918787696087148e-05;0.0024994409849436;1.412765679426438e-05;0
14505244;6122632;21;0.0028326181701657;0.0041039784923984;0.0001903779985903;0.0002359344050215;0.0017705466475954;0.0143167179646407;0.0013178296302571;0
14521448;7018035;9;3.3301512454397186e-07;3.592444370998916e-07;-5.738697796735955e-09;5.9256190136297235e-09;9.484856492841611e-09;1.0000543199353043e-06;1.4970282584471436e-08;0
14522530;5979951;4;0.0;0.0;0.0;0.0;0.0;0.0;0.0;0
14544750;5966213;40;0.0013542243973709;0.0021861082545928;-1.403756014873946e-05;0.0001121599056007;0.0021173432736506;0.0097449909503868;0.0007349812903356;4
14547168;5967214;40;0.000918561412399;0.0012701281209775;2.838127372436021e-06;3.969064754082276e-05;0.0010575818162468;0.0060243115180216;0.0002520975273691;4
14547185;5967232;40;0.0;0.0;0.0;0.0;0.0;0.0;0.0;4
14547429;5967368;40;0.0409051133560258;0.0864719627651594;0.0011126543664199;0.0073211973277988;0.0794734353890487;0.3196922697605303;0.0296959658025576;3
14547444;5967384;40;0.0;0.0;0.0;0.0;0.0;0.0;0.0;4
14566718;6442843;36;0.0266684052690296;0.0970859223806574;0.00163361716402;0.0029891872392274;0.0662147626822672;0.223227753940698;0.0259418644408637;3
14586551;5935192;40;0.037331932995378;0.0827929872913284;0.0011162961520554;0.007104407219332;0.0741785549153165;0.2992746235890421;0.0290767826098018;3
14593226;5936757;43;0.0344270327333685;0.0823215036951816;0.0012284947506736;0.0065607545988504;0.0731197646462131;0.2965529358475221;0.0293254230122087;3
14597617;5928606;10;0.0;0.0;0.0;0.0;0.0;0.0;0.0;0
14630291;5936508;40;2.7155853744158173e-06;4.629870768732168e-06;1.587309449273582e-08;1.7473333568718095e-07;2.9634015714790668e-06;1.8391431453184487e-05;1.0400552132884571e-06;4
14631463;5929868;40;0.0;0.0;0.0;0.0;0.0;0.0;0.0;4
14631466;5929889;40;0.0335994550228319;0.0764805871390903;0.0010713446079857;0.0066976662465457;0.0688881293772861;0.2766843312235006;0.0280166397125635;3
14631589;5930310;40;0.0;0.0;0.0;0.0;0.0;0.0;0.0;4
14631592;5930327;40;0.002021257306168;0.0039218637412916;5.339595702607995e-05;0.0002027041044021;0.0026267158466435;0.0143535103226976;0.0010320369987829;4
14639054;5931778;10;1.3493625071241704e-06;1.5050805876587157e-06;-2.6131853016838712e-08;2.8635849743922284e-08;6.810283925914938e-08;4.273991794620965e-06;7.695070120737496e-08;0
14641689;6306115;32;0.0267227600304308;0.09349657684532;0.0017579913571017;0.0027956978395601;0.0662210747633892;0.2118354230756124;0.0262338388066205;3
14645527;5931853;10;0.0017539093850601;0.0022455336646145;5.367065679478686e-05;8.331283520867179e-05;0.0006429700758981;0.0055986486627852;0.0002414302257976;0
14645532;5931836;10;0.0;0.0;0.0;0.0;0.0;0.0;0.0;0
14646638;5929754;10;0.0427634701190143;0.0751145878895879;-0.0092102373707393;0.0083375926163671;0.065644119457816;0.1674009979564788;0.0312024844373435;3
14646644;5929728;10;0.0;0.0;0.0;0.0;0.0;0.0;0.0;0
14654690;5966903;32;0.0;0.0;0.0;0.0;0.0;0.0;0.0;4
14655217;5966554;32;0.0137147140818744;0.0791967571982639;0.001758757404869;0.0025429844316355;0.0655108131988039;0.1652516879114133;0.025793126581059;3
14655236;5966542;32;0.0;0.0;0.0;0.0;0.0;0.0;0.0;4
14681224;5108498;10;0.0;0.0;0.0;0.0;0.0;0.0;0.0;0
14682664;5939956;54;0.030728844233914;0.0860706521876989;0.0017637672630261;0.0038920832440469;0.067029080991666;0.3240809580125956;0.0316339967372614;3
14685381;5124992;45;0.0015929603308568;0.0034267886216978;8.619557022134192e-05;0.0001045676773091;0.0031803063523463;0.014009368453867;0.0013505051464006;4
14687871;5126079;57;0.0022539541614548;0.0045737011409454;6.748631524521623e-05;0.0002332202027066;0.0042396998049401;0.0211976497378004;0.001674172855608;4
14688193;5114869;10;0.0;0.0;0.0;0.0;0.0;0.0;0.0;0
14689757;5216559;57;0.0039367566739189;0.0102648670472659;4.298385316776257e-05;0.0004110045700115;0.0095432812732223;0.0441232776019497;0.0043194269419476;4
14691096;5120906;11;0.0021564986070254;0.0024645694622911;9.73388473345574e-05;0.0002630795961657;0.0024645694622911;0.0075025935444653;0.0006831452148518;0
14691394;5116640;51;0.0009394214988788;0.0022860756295813;6.565688437797776e-07;9.62946414599498e-05;0.0021199680132792;0.0093451830659007;0.000910981975617;4
14691970;5944596;40;0.003165032922427;0.0044714089432828;1.8781689211572062e-05;0.0001484781911223;0.004247252966445;0.0210704728063614;0.0010400419256181;4
14691977;5944616;40;0.0;0.0;0.0;0.0;0.0;0.0;0.0;4
14692228;5944181;40;0.0355931507415386;0.0733109741011932;0.0021251233814191;0.0046412804047143;0.0573769975673973;0.2923500812024758;0.0294930817272027;3
14692235;5944201;40;0.0;0.0;0.0;0.0;0.0;0.0;0.0;4
14692356;5119184;40;0.0006469334871688;0.0011515621645958;2.634536307405409e-05;3.795601439247304e-05;0.0010586847877387;0.004842215281731;0.0004094548620364;4
14693406;5120080;40;9.597969071704732e-05;0.0017023867462181;1.1356616699171074e-05;4.667344887611673e-05;0.0016974527690008;0.0023867305716501;0.0003649657100483;4
14694631;5939708;40;2.040904120853732e-06;4.629870768732168e-06;-5.926705492367694e-08;8.673109817355777e-08;4.724432366621541e-07;1.3860328423716556e-05;7.983908628074229e-07;4
14704841;5148879;45;0.004480552481378;0.0091520519272392;0.0002352412903528;0.0003547230257957;0.0084786909450252;0.0395536063106983;0.0038328898234868;4
14711152;5167043;12;0.0062245294262833;0.007115041429775;0.0002733538569743;0.0006484855244472;0.0058197670485495;0.0223029433636942;0.0016452984465881;0
14713014;5155516;11;0.0021689683089571;0.004181045435941;-2.0850265371579056e-05;0.0003451244182739;0.0025239517089287;0.0075852297464615;0.0007253244746469;0
14715550;6088350;36;0.0;0.0;0.0;0.0;0.0;0.0;0.0;4
14715666;6088299;36;0.0141376898680191;0.0810183599804173;0.0014425606613344;0.0023481297238807;0.0657055908758697;0.1704779128198711;0.0246459625195064;3
14715674;6088297;36;0.0;0.0;0.0;0.0;0.0;0.0;0.0;4
14728441;5153591;57;0.0013369602251751;0.0033577942143518;3.4823017904174205e-05;0.000242007092891;0.0026117656901244;0.0134815306245974;0.0011837073584163;4
14732875;5120025;48;0.0009347710573773;0.0034015689997376;7.0895870623828645e-06;0.0002565915526726;0.003377721443187;0.0087550900636428;0.0008503595979103;4
14733345;5119615;5;1.5767690820833555e-05;1.6253474594824098e-05;-2.466648848447387e-07;2.433349575680664e-07;3.452953675770028e-07;3.5266331009439115e-05;3.503523256189241e-07;0
14737591;5256177;40;0.0100193957440941;0.0137469590987611;4.080729794105103e-05;0.0009360011791997;0.0106052731636177;0.0678921879206477;0.0038529778664742;4
14746376;5937623;42;6.1052047648438095e-06;1.3889612306196504e-05;-1.5127547472325534e-07;4.804041434301069e-07;8.606050128576353e-06;4.237527827231984e-05;2.3410221078080664e-06;4
14748246;5939966;42;0.0016045111767478;0.0023418713737609;1.7550764725690676e-05;7.523982629667933e-05;0.0021141431901209;0.011101327929378;0.0005998476971503;4
14748261;5939985;42;0.0;0.0;0.0;0.0;0.0;0.0;0.0;4
14749183;5939793;42;0.0318361960696358;0.0711633081396015;0.0020302993636955;0.004356019361344;0.057393954247215;0.2811770024199576;0.029476255465056;3
14749192;5939807;42;0.0;0.0;0.0;0.0;0.0;0.0;0.0;4
14757866;5094736;31;0.0007098368076508;0.0042499584417353;-3.689078103201881e-05;0.0002586528354409;0.0042251289986713;0.0058682277048524;0.0007790850568005;4
14775265;5281302;10;0.0;0.0;0.0;0.0;0.0;0.0;0.0;0
14777992;5312444;46;0.0;0.0;0.0;0.0;0.0;0.0;0.0;4
14780118;5223296;10;0.0;0.0;0.0;0.0;0.0;0.0;0.0;0
14781566;6239944;36;0.0240644860754939;0.0929397910340996;0.0015420227529127;0.0028725294641668;0.0662199410893539;0.2101964205031503;0.0254596377459292;3
14784514;5317902;57;0.004883421508966;0.0156715767076309;2.656216619171733e-05;0.0006062413275247;0.0133896540045556;0.0607466015082399;0.0063946587822355;4
14788124;5073023;48;0.0004276006336442;0.0050975467605583;2.796772138838682e-05;0.0002094226207097;0.0042552854966232;0.0064855039495498;0.0008327330878494;4
14794648;5911150;56;0.0230146897163597;0.0698273249041103;0.0014530111997608;0.0032378231688666;0.0574055151899852;0.2743746064458901;0.0285418151480292;3
14811408;5095710;9;0.0021044971101593;0.0023834815671967;0.000108380722036;0.0001089982668707;0.0007845553528478;0.0064028969800974;0.0003554210269715;0
14813848;5352131;19;0.0017040798854625;0.0018463167071424;-1.5182628138204548e-05;1.4568248491963968e-05;3.6526846041904336e-05;0.0074370716601149;8.465347723764897e-05;0
14815788;5077338;6;0.0;0.0;0.0;0.0;0.0;0.0;0.0;0
14818722;5899023;42;5.424376248590957e-06;6.595185007622512e-05;3.237921781599549e-07;1.7851730652772043e-06;6.466928617969339e-05;9.474749794475236e-05;1.3576315461973774e-05;4
14819262;5898892;42;0.0016307892875866;0.0022651522255139;1.4195384927928843e-05;0.0001212751795007;0.0021195847983245;0.0111052602189476;0.0005261927292496;4
14819283;5898898;42;0.0;0.0;0.0;0.0;0.0;0.0;0.0;4
14819527;5898861;42;0.0275307152494921;0.0669118863840796;0.0019792623644909;0.0042055308576745;0.0574411328545814;0.2597874308361667;0.0291367945136198;3
14819550;5898864;42;0.0;0.0;0.0;0.0;0.0;0.0;0.0;4
14820198;5111814;14;0.0036670350416431;0.0067903200286802;5.802262866709538e-06;0.0007241481271659;0.0043093155225242;0.0142153182202013;0.0009933790870646;0
14820550;5111660;60;0.0003011716098304;0.0059443339562066;1.6445454347748978e-05;0.0002066210178699;0.0042830890312089;0.0078035353046309;0.0009613610398505;4
14832043;5251213;33;0.0010722794897554;0.0026485321118525;-8.598305554782343e-05;0.0001188001558564;0.0026156915276269;0.0082599567066726;0.0009579655804399;4
14851368;5442044;19;0.0;0.0;0.0;0.0;0.0;0.0;0.0;0
14853036;5440107;56;0.00970817170015;0.0249980432742492;0.0001911867409911;0.0008062775054809;0.0233423254214313;0.0978029669569867;0.0087499988480123;4
14858262;5387194;48;0.0074292307603381;0.0176108198936016;-2.9466189451643947e-05;0.0007454430962137;0.0148504060657795;0.0700768085141847;0.0068639646985735;4
14859458;5387013;48;0.0;0.0;0.0;0.0;0.0;0.0;0.0;4
14868766;6178082;31;0.0092972919451279;0.0108658003693041;2.1152301132574145e-05;0.0001814542351298;0.0019360087454825;0.0518860078000469;0.0006357378878977;4
14871759;5436265;11;0.0004262642176082;0.0008884558064885;8.794783383660864e-05;0.0001136739420233;0.0006142337328611;0.0017856310643607;0.0003288776067814;0
14884746;5502079;57;0.0006098612266662;0.0017960222235756;3.971473661658605e-05;3.727325250789791e-05;0.0017951060552663;0.0075902791341284;0.0007992571829232;4
14885169;5501284;51;0.0053189373246419;0.0242280285035629;0.0003231104823435;0.0008077912705279;0.0242280285035629;0.0606076250516682;0.0066131752140035;4
14885173;5501419;44;0.0;0.0;0.0;0.0;0.0;0.0;0.0;4
14885177;5501437;44;0.0092459633997305;0.0283419132205691;-0.0003582004384321;0.0013148133123041;0.0265352696303583;0.0974495709421174;0.0114166484817726;4
14886199;5475933;10;0.0;0.0;0.0;0.0;0.0;0.0;0.0;0
14892637;5878167;40;0.0510083001681457;0.0661051189752546;0.0010998552220645;0.0026037269338266;0.0457871429429061;0.3403103757407712;0.0171298601826448;3
14892898;5878133;11;0.0;0.0;0.0;0.0;0.0;0.0;0.0;0
14892940;5877928;11;0.0;0.0;0.0;0.0;0.0;0.0;0.0;0
14892942;5877953;11;0.0293636246827052;0.0308675542021456;0.0002696563415821;0.0004494827203497;0.0016167218413;0.0974405904884463;0.0009639726119518;0
14894250;5878941;38;0.0;0.0;0.0;0.0;0.0;0.0;0.0;4
14902823;5263951;60;0.0002745674810641;0.0010488682169421;4.846676037449331e-06;3.5554854811597115e-05;0.0010488682169421;0.0039991568078657;0.0004372264301714;4
14903668;5264240;27;0.0003620409671949;0.0023217229105849;4.687635777591699e-05;0.0001189711371315;0.0021145349160576;0.0039499449072786;0.0006684164785769;0
14904765;5264878;16;0.0057610401971845;0.0093346872314985;9.912629120147252e-05;0.0009173333829849;0.0043513404165535;0.0237223458586456;0.0014079316962298;0
14912143;5543018;21;0.0;0.0;0.0;0.0;0.0;0.0;0.0;0
14945448;5625185;23;0.0001934108203543;0.0003415975020682;-1.2046437663270284e-05;1.4722090523545508e-05;0.0002127369656337;0.0010386080254197;9.742968157090508e-05;0
14949250;5578628;47;0.0219623996751057;0.0311353549559829;0.0006614471504137;0.0011048342814695;0.0286674030569816;0.1698477044895406;0.0114649639692665;4
14949492;5578371;4;0.0005994661344476;0.000866164800591;0.000257188156887;0.0003064634887989;0.0007791562850513;0.0013869562450521;0.000348643456948;0
14950904;5677276;23;0.0008441640989994;0.0009176009176009;-7.582878640318089e-06;6.875848450440519e-06;1.9221928380500982e-05;0.0040558616913037;5.103897065036573e-05;0
14969703;5874755;56;0.0134938389827644;0.0410644259713048;0.0002340175492973;0.0019035849359038;0.0329400557776789;0.142213981124774;0.0133818438830394;4
14970753;5687232;23;2.7547760463394603e-05;2.934907145934495e-05;-7.577135161975338e-09;6.151250066205986e-07;2.1918681081460574e-06;0.0001321676420842;7.820308985130802e-07;0
14970833;5687637;23;0.001660390317298;0.0018079143079143;-1.5150613348245817e-05;1.377162474967563e-05;3.781731455983336e-05;0.0079779649195583;0.0001020051415652;0
14972684;5692628;10;0.0;0.0;0.0;0.0;0.0;0.0;0.0;0
14987427;6246255;36;0.0080868263118429;0.0100901633032242;7.257759487783077e-05;0.0004156977414421;0.0071477119331458;0.0494209075230038;0.0015647394855262;4
14989106;5721588;24;0.0030704900928674;0.0035543616927216;3.8298094247786575e-05;0.0001707389981689;0.0027680394438284;0.0153461144402018;0.0006202621274589;0
15015729;5925067;4;0.00385553184178;0.0039057111071424;-3.067899218983565e-05;3.178148001306861e-05;4.23080098147662e-05;0.0077113740002938;3.458988467507041e-05;0
15015884;5925290;4;0.0023266024476577;0.0023570584775296;-1.86200119653319e-05;1.928865156402088e-05;2.5677954609088383e-05;0.0046533943223548;2.099357958408179e-05;0
15016723;5924212;4;0.0030913864558388;0.0031317124801544;-2.4654613054781685e-05;2.554034856633751e-05;3.400002905616347e-05;0.0061830228593963;2.7797492881022253e-05;0
15018204;5761753;25;0.0045487651998868;0.005225863223177;5.3058531935401406e-05;0.0002076802786599;0.0027309915051217;0.0231791726518349;0.0008942577644286;0
15018306;5872100;40;0.0008213342456656;0.0011515621645958;4.431714032299774e-06;3.727500134144409e-05;0.0010586847877387;0.0054435711279761;0.0002573358166487;4
15018775;5871221;40;0.0015928793888043;0.0022519782303604;9.077907789580836e-06;7.51309749287951e-05;0.0021251648888825;0.0105972394707764;0.0005198772573856;4
15018847;5871263;40;4.876865046644822e-05;7.176299691534861e-05;-1.848461975194515e-07;3.232605405402995e-06;3.0059601418588265e-05;0.0003121876075665;7.625371442420306e-06;4
15019089;5761125;25;0.0037277856108757;0.0043821128284584;6.0558203969690224e-05;0.0002034607113774;0.0027482994469689;0.0191968067262329;0.0009188634167934;0
15019095;5761182;25;0.0053689502948399;0.0060687715516333;4.557379991327229e-05;0.000212072497229;0.0027137080595434;0.0271968579799079;0.00087243113809;0
15023537;5782120;45;4.118647795908104e-05;0.0018533915081586;-4.883772090009315e-07;8.424506855266576e-05;0.0018533915081586;0.0018533915081586;0.000273200187653;4
15037465;5874287;6;0.0;0.0;0.0;0.0;0.0;0.0;0.0;0
15037937;5809368;28;0.0009310813062172;0.0027950807739167;-1.815664667673684e-05;0.0001438819742634;0.0018603007866589;0.0052891678177831;0.0003636004989109;0
15037951;5809390;28;0.001756691340192;0.0036932404896397;-2.5597147195561504e-05;0.000149831251756;0.0018626099000684;0.0095230267634762;0.0003910167025171;0
15037963;5809393;28;0.0083360201836763;0.0283913118113501;-0.0002447611837382;0.0013076913810533;0.0271343343383554;0.0534650038479541;0.0057096663850104;0
15037974;5824940;39;0.0147092586467883;0.0327660507694775;-0.0003720763323357;0.0020245623054685;0.0307977648214674;0.109413867466321;0.0095182215080165;4
15038525;5825216;15;0.0417818027310364;0.0432972660992324;0.0002315339500221;0.00062525159002;0.00252192063462;0.1618919176703871;0.0012438492718644;0
15039136;5869645;56;0.0130391353343642;0.0400921344847752;0.0002147028249932;0.001858232884452;0.0318629457037103;0.1379171000449442;0.0130247427105151;4
15039876;5273715;60;0.001868462436474;0.0068644264158751;5.31052653668105e-05;0.0002031361460351;0.0063589591533643;0.0191208928443249;0.0016131719818072;4
15040599;5809451;28;3.5320070929371006e-05;3.825180361701939e-05;-1.4963503533569136e-08;1.124569737822626e-06;7.633226412662757e-06;0.0001872789156575;2.261358291991971e-06;0
15042706;5964088;33;0.0001011777598178;0.0008090612235535;1.5323518514866266e-05;2.590244072044572e-05;0.0008050807807956;0.001596923931136;0.0002589224203535;4
15042710;5964097;33;0.0002324612067777;0.0019084538541821;3.630473019858624e-05;6.107224553040783e-05;0.0019044734114242;0.0037630610429203;0.0006124310077427;4
15042723;5964072;33;0.0017578923667062;0.002027811886088;-1.4897807565481244e-05;1.6042905747412314e-05;3.812184983072696e-05;0.010131714666808;0.0001430742743237;4
15045091;5876681;35;0.0158447235034689;0.0358506474169695;-0.0009585116865225;0.0017563505161919;0.0272017042708165;0.1154622708793853;0.0113949886166509;4
15046703;5970289;33;1.015849975220645e-06;1.966126910215176e-06;8.671167682362351e-09;6.06249471720041e-08;1.3027197838958251e-06;6.189327082784609e-06;3.590130012227604e-07;4
15049183;6007897;4;0.0003780156086679;0.0003860162500389;-3.589954171318712e-06;5.551251357487899e-06;8.301182510320605e-06;0.0007560966039343;4.971742519297046e-06;0
15050290;5875432;35;0.0031081083104257;0.009377210601464;0.0001706648314818;0.0002556819965393;0.0077851570551329;0.024759469832252;0.0028026494707043;4
15050304;5875415;35;0.0;0.0;0.0;0.0;0.0;0.0;0.0;4
15050310;5875452;35;0.0;0.0;0.0;0.0;0.0;0.0;0.0;4
15050312;5875445;35;0.0;0.0;0.0;0.0;0.0;0.0;0.0;4
15050326;5875472;35;0.0025187040449613;0.0036415155508586;1.3102095043981089e-05;0.0001487723630107;0.0017754130553631;0.0154545817292031;0.00069299853867;4
15050346;5875447;35;0.0;0.0;0.0;0.0;0.0;0.0;0.0;4
15054149;6001785;4;3.0653867514780585e-05;3.145803056344282e-05;-4.906538109928333e-07;5.071466681069529e-07;6.764970466814743e-07;6.131771253157082e-05;5.530586879971644e-07;0
15063509;5875215;9;0.0001340109456497;0.0002862686472216;1.052179437820441e-05;2.3574727110498396e-05;0.0001759261288248;0.0004333443515278;5.391034225212013e-05;0
15063605;5875283;9;0.00153494520444;0.0015627133013845;-7.212341382302434e-06;8.733736589179814e-06;1.6362275124699515e-05;0.0046052008355822;1.9332500974892447e-05;0
15063644;5875236;9;0.0007868491359446;0.0008018335836069;-3.833260397522879e-06;4.51939050804993e-06;8.596901372289454e-06;0.0023607475507777;1.0246592234749692e-05;0
15066076;5875498;9;3.908608257373082e-05;4.1313110266487526e-05;-4.5991811054010635e-07;6.198625244069e-07;9.29515276722133e-07;0.0001173162022822;1.2290312033752894e-06;0
15071090;5294157;50;0.0;0.0;0.0;0.0;0.0;0.0;0.0;4
15071158;5294320;50;0.0013347351733489;0.0023023493883004;3.424185229606545e-05;6.515551350527878e-05;0.0021174876862867;0.0108920298385522;0.0007689007069209;4
15079042;5863137;22;0.0;0.0;0.0;0.0;0.0;0.0;0.0;0
15079069;5862583;22;0.0008934173417572;0.0011182639961938;-1.3326901638563144e-05;2.6536900630194617e-05;0.0002523834676879;0.0042245683258857;0.0001141564946426;0
15086972;5313124;60;0.0;0.0;0.0;0.0;0.0;0.0;0.0;4
15106268;6329597;40;0.0065039392756946;0.0093436904529792;0.0001568353468317;0.0003966082391276;0.0071928256968745;0.0444401306389512;0.0026593052059236;4
15172182;6074121;4;0.0002308294348222;0.0002356075414074;-2.0542746267556064e-06;3.5819892541684418e-06;5.066681005874815e-06;0.0004616979356332;3.002992116913839e-06;0
15172342;6074214;4;0.0013223676044159;0.0013379493624014;-1.0393139864784453e-05;1.0967039238234805e-05;1.557413784922701e-05;0.0026448406855797;1.1810241986859543e-05;0
15173920;6097588;4;0.0007756405862592;0.0007857953884493;-6.208374314176535e-06;6.431311447271214e-06;8.56166715110815e-06;0.0015513443408532;6.999780124948247e-06;0
15214321;6255533;39;0.0059271160646138;0.0086424385216691;0.000139599100995;0.0003727737494818;0.0072327454427708;0.0397805666714102;0.0023336776072343;4
15236655;6156675;37;0.0035218741571607;0.0078055991073574;-9.177710158666878e-06;0.0004401201120918;0.0069473450912531;0.0224549624341307;0.0011063969706895;4
15242871;6184336;40;0.0052597293441666;0.0080417867505984;0.0001365906861858;0.0003332738485089;0.0063224803585187;0.036091896311061;0.0022137912524268;4
15246557;6169273;36;0.000901608549955;0.0011500122828131;-8.79688022880317e-06;1.0952946715644804e-05;4.9345926406935007e-05;0.0054391767641158;9.432754496765136e-05;4
15246565;6169271;3;1.4306225331493832e-06;1.5498817827670194e-06;-1.2150627568477724e-07;1.2150627568474304e-07;1.2824735388606362e-07;2.483868020222231e-06;9.926033920694124e-08;0
15246565;6169298;3;0.0011054954546946;0.0011500122828131;-4.5724102690576174e-05;4.572410269056322e-05;4.9345926406935007e-05;0.0019158681408846;3.737259336764185e-05;0
15247056;6164183;36;1.1921854442911525e-07;1.5498817827670194e-06;-1.829056060289988e-08;4.428233665048627e-08;1.3068692313975331e-06;2.483868020222231e-06;3.964400660108949e-07;4
15256985;6163981;33;0.0;0.0;0.0;0.0;0.0;0.0;0.0;4
15309414;6136435;40;0.0017865947301082;0.0026446936595164;5.737949733369247e-05;9.2061971741015e-05;0.0011093451204242;0.0123801429461674;0.0007998610845252;4
15412739;6132359;16;0.0015389731729839;0.0017639820957523;-4.757698385669372e-05;6.666679485815521e-05;0.0007837051016363;0.0062698481897716;0.0002974875510164;0
15486047;6096027;35;0.0007305443263901;0.0009891223624532;2.804998877115969e-06;5.824323257774503e-05;0.0009891223624532;0.0047606595170024;0.0003374083404886;4
15613228;5953875;31;0.0;0.0;0.0;0.0;0.0;0.0;0.0;4
15809137;5716629;50;7.0927136895802064e-06;3.821315296725133e-05;-2.573791179694815e-07;1.5616169618315249e-06;2.1707984196587503e-05;6.63830362483301e-05;6.150411575543839e-06;4
15813858;5663999;52;3.932731058490933e-06;4.776644120906416e-05;-2.451435183795126e-07;1.8548502737873677e-06;3.9333458125628224e-05;6.527267405058253e-05;8.15271374314169e-06;4
15817206;5760833;49;9.669626916506575e-06;2.407225528145281e-05;-2.432016077129936e-07;1.072426589116151e-06;2.2291005897563275e-05;7.744795883498051e-05;5.376828169757594e-06;4
15819399;5854539;46;4.130361005690311e-06;1.4443353168871684e-05;-1.825557855321697e-07;2.793848057539236e-07;1.4144718986276574e-06;3.495947629105133e-05;3.083653990160595e-06;4
15831650;5930771;51;1.7225877428734378e-06;3.570083414998992e-06;1.7791455496405862e-08;1.92530984756218e-07;2.407225528145281e-06;1.3414116000963124e-05;7.48930910718436e-07;4
15831733;5792772;46;2.1586966622837176e-05;5.295896161919618e-05;-4.970478034649753e-07;2.582083422856177e-06;4.497590977832498e-05;0.0001645246815271;1.10655192462817e-05;4
15880634;6109300;16;0.0;0.0;0.0;0.0;0.0;0.0;0.0;0
15880657;6109308;16;1.3132520036915988e-05;1.535380934407247e-05;-3.033091366467256e-07;2.751725256267824e-07;6.129255533323439e-07;5.2835140507663614e-05;1.4173644587878156e-06;0
15880731;6109333;16;0.0;0.0;0.0;0.0;0.0;0.0;0.0;0
15883552;6206009;43;0.0;0.0;0.0;0.0;0.0;0.0;0.0;4
15883980;5698441;55;7.309111878722891e-06;4.776644120906416e-05;-2.996127363507361e-07;1.7401487603937089e-06;3.652246376448291e-05;8.36406789661851e-05;8.589096441907768e-06;4
15888604;5653286;55;3.933942532546235e-06;5.095087062300177e-05;-2.491299976543516e-07;1.8755196717781812e-06;4.532888190071115e-05;7.539599102504375e-05;9.37441464929729e-06;4
15893530;5884466;49;1.2964018536351964e-05;3.821315296725133e-05;-1.8743497422042817e-07;1.4399775283884489e-06;1.928857916487205e-05;0.0001019061583218;6.6234617775052695e-06;4
15898499;6044891;32;9.723207663010866e-06;1.7059788160080522e-05;4.043701901647097e-07;6.012353099016606e-07;1.273111176110642e-05;6.185421464983047e-05;5.001997468793834e-06;4
15914719;5935078;53;1.1394838902368656e-05;2.2291005897563275e-05;1.637444619536369e-07;1.8034280303200988e-06;1.72697349998719e-05;9.34369526935334e-05;5.906215765238248e-06;4
16386313;8152509;45;0.0;0.0;0.0;0.0;0.0;0.0;0.0;4
16495846;8111326;45;6.392722609496255e-06;1.0896451025900864e-05;-3.495207787033231e-08;5.988458012673237e-07;9.111409318401367e-06;4.44752368700569e-05;1.7577516469706562e-06;4
16654249;8062767;45;1.1485050751637824e-05;1.964713741207906e-05;-1.5320395905402832e-08;1.1417962473147238e-06;1.867963033011577e-05;8.107581750423578e-05;3.763865033103314e-06;4
16658588;7825347;37;7.609280232419636e-06;1.4656455794570128e-05;3.6961394574649517e-07;6.416786074244555e-07;6.582018532938952e-06;5.531764868414709e-05;4.980230827955306e-06;4
16672610;7935844;37;9.322173584783088e-07;1.7861034010980965e-06;-2.1874926366478435e-08;3.22895675310108e-08;2.3622161833107707e-07;5.883235461982257e-06;2.5776476671671664e-07;4
16678098;7934897;37;1.553399504905873e-05;1.9697618649522105e-05;1.22678978083059e-07;8.242802287708112e-07;5.004744845281144e-06;9.60511212380376e-05;2.835741050339596e-06;4
16678108;7934903;37;4.538524693639897e-06;8.037465304941434e-06;-7.933257336641307e-08;1.6379786223216797e-07;1.062997282489847e-06;2.824160825306713e-05;9.788962360172343e-07;4
16678128;7934887;37;1.932188391551454e-06;2.679155101647145e-06;-7.922104776623062e-09;9.040169202377375e-08;4.970965388811178e-07;1.1861267042064538e-05;2.628139084032572e-07;4
16744222;7981748;40;2.5530869868526678e-05;3.572206802196193e-05;2.847676457384508e-07;2.093533948260699e-06;3.572206802196193e-05;0.0001692794177596;8.03509276130999e-06;4
16759012;7987037;26;0.0;0.0;0.0;0.0;0.0;0.0;0.0;0
16760438;7988094;42;6.871088840913212e-06;1.867963033011577e-05;-2.001918450357052e-07;3.9655089525070667e-07;2.828943797255315e-06;4.912125602549586e-05;3.1997008618142647e-06;4
16763619;7991131;42;2.0120840398783062e-05;3.2149861219765736e-05;-1.447307293031017e-07;1.3288140606086955e-06;1.6707038271730834e-05;0.0001320616701742;3.224384615951024e-06;4
16763709;7991029;42;1.2966187694463929e-05;1.964713741207906e-05;-6.5894788418736e-08;8.841631859283894e-07;8.065020201052885e-06;8.504502236261013e-05;2.020907674889872e-06;4
16791136;7565279;22;0.0;0.0;0.0;0.0;0.0;0.0;0.0;0
16803286;7651626;27;4.824168313347182e-06;6.8712623196007335e-06;1.4867959006475016e-07;3.599528989391684e-07;6.8712623196007335e-06;2.7913694791848754e-05;2.3634105865284907e-06;0
16885657;8016361;42;7.531261877002794e-06;1.0896451025900864e-05;6.8967539858874565e-09;5.512173130688353e-07;5.3852099941938e-06;5.002459591557671e-05;1.691886571657555e-06;4
16937803;8043714;7;0.0;0.0;0.0;0.0;0.0;0.0;0.0;0
17338536;8061298;42;0.0;0.0;0.0;0.0;0.0;0.0;0.0;4
17611091;6457086;19;0.0;0.0;0.0;0.0;0.0;0.0;0.0;0
17626125;6547885;19;0.0;0.0;0.0;0.0;0.0;0.0;0.0;0
