x;y;life_span;mean_SpectralNorm;max_SpectralNorm;trend_SpectralNorm;mean_DeltaSpec;max_DeltaSpec;n_role_changes;EvolutionType;index_right;Name;Name_en;dist_to_station
2280757;6777228;46;2.8473101018245293e-15;1.7555366239894496e-14;6.70606390975357e-17;2.2440975368771253e-15;1.668338772015081e-14;0;0;1122;Центральная;Tsentral'naja;0.55048819111792
2284652;6795827;35;3.4297528018696793e-15;1.760540376569845e-14;4.9589068072950135e-17;2.4797799191976033e-15;1.5387870753552485e-14;0;0;1123;Северная-330;Severnaja-330;0.27844327955101766
2291150;6779588;11;2.487610340726651e-15;1.0610368425179558e-14;1.35173999853094e-16;2.324725130203763e-15;9.524429835430843e-15;0;2;120;Калининградская ТЭЦ-2;Kaliningradskaja TETs-2;0.4781750532285547
2291902;6779172;3;2.2954598629412593e-15;2.7047227246877505e-15;-3.974469864338242e-17;6.138942926197367e-16;6.536389912631496e-16;0;2;121;Прегольская ТЭС;Pregol'skaja TES;0.5131254222872956
2366458;6937814;50;2.401827627690772e-15;1.4418302613822976e-14;6.634231453775328e-17;1.841527183313274e-15;1.275823481531417e-14;0;0;1127;Клайпеда;Klajpeda;0.631952189344655
2439801;6840607;55;4.960084222205972e-15;3.1534147344914105e-14;1.6510085938903404e-16;3.750384954718094e-15;2.8281070738372877e-14;0;0;1124;Советск-330;Sovetsk-330;0.4440479832465459
2456130;6843516;10;4.764399614402049e-15;1.9181817256221076e-14;1.8512702429879432e-16;4.5623784559511604e-15;1.701631898802549e-14;0;2;1125;Битенай;Bitenaj;0.2272135985323498
2531612;6846850;36;3.747150768746871e-15;1.814222616833705e-14;4.570654256943363e-17;2.7685384811725586e-15;1.5878489168977475e-14;0;0;1126;Юрбаркас;Jurbarkas;0.338361538617633
2671680;6821774;55;2.2275006158816517e-15;1.4744036733774794e-14;6.960146908082375e-17;1.7057132122106104e-15;1.2863917138872104e-14;0;0;1146;Каунас;Kaunas;0.5886288554546273
2699014;6800591;33;4.3757754954960045e-15;2.1081850533653978e-14;4.743764087664664e-17;3.2677606156376646e-15;1.8869821204492847e-14;0;0;122;Круонио ГАЭС;Kruonio GAES;0.47038531111472287
2971627;7367545;55;0.06039707410919592;0.16590461090431344;0.0009560890199562581;0.013513367598812926;0.10699460862980159;0;0;915;Тарту;Tartu;0.07123377150861275
2995109;7733747;19;0.06047524246302479;0.07295684218967588;-0.0015361302911183455;0.0025693756204507637;0.015161663993254283;0;2;916;Кюми;Kjumi;0.6335629111171629
3040776;7067808;40;0.09309026113117544;0.26466226980479834;-0.0021786504428867788;0.02231699965120194;0.2019662792475259;0;4;914;Резекне;Rezekne;0.16474950781967207
3106459;7512666;57;0.15856736445410857;0.6996285493430905;-0.0014421573391921268;0.06129022753962436;0.6749672850254451;0;4;190;Виру;Viru;0.47809706164750976
3106459;7512666;57;0.15856736445410857;0.6996285493430905;-0.0014421573391921268;0.06129022753962436;0.6749672850254451;0;4;86;Эстонская ГРЭС;Estonskaja GRES;0.47809706164750976
3120359;7804319;42;0.05714202713248201;0.07206626770955046;1.0191365407748963e-05;0.003997174601490642;0.01930742067223966;0;0;917;Юлликяля;Jullikjalja;0.17710477102332334
3126463;6534436;29;0.08096594253646634;0.08637085786007348;8.171722988878102e-05;0.0016832480670350579;0.00822553569813382;0;0;911;Белорусская;Belorusskaja;0.30962099449185676
3129551;7527716;3;0.7070271567473556;0.7070321797746552;-3.8055542617190095e-06;3.8055542617154714e-06;7.457973375313287e-06;0;1;87;Прибалтийская ГРЭС;Pribaltijskaja GRES;870.5670117574293
3129576;7527616;3;0.0007512786434852528;0.0007687592235283866;8.781572759292027e-06;2.62208700647006e-05;3.5002442823990165e-05;0;2;87;Прибалтийская ГРЭС;Pribaltijskaja GRES;790.8905878568387
3129649;7527513;3;0.0006313264637913038;0.0006460160238890201;7.3794714180919985e-06;2.2034340146574413e-05;2.9413811564664373e-05;0;2;87;Прибалтийская ГРЭС;Pribaltijskaja GRES;674.0011437385106
3129660;7527578;3;0.0024251001467509403;0.00248082406994169;2.7788257405206717e-05;8.358588478612431e-05;0.00011137414219132341;0;2;87;Прибалтийская ГРЭС;Pribaltijskaja GRES;700.2573995043833
3129678;7527689;3;0.01994584201691722;0.020307889373540628;0.00015184197864115477;0.0005430710349351164;0.0006949130135762253;0;2;87;Прибалтийская ГРЭС;Pribaltijskaja GRES;756.9275369282954
3129683;7527721;3;0.0004216012269822982;0.00042936282893372784;3.29746969408008e-06;1.1642402927144444e-05;1.493987262122349e-05;0;2;87;Прибалтийская ГРЭС;Pribaltijskaja GRES;775.6603139005165
3130044;7527225;3;0.10203295934410565;0.10203368114125101;-5.471149240855051e-07;5.471149240876549e-07;1.0711615879011038e-06;0;2;87;Прибалтийская ГРЭС;Pribaltijskaja GRES;193.36736064190885
3130218;7527224;3;0.0020668229970478903;0.0021149133629170254;2.4158754792884466e-05;7.213554880370243e-05;9.629430359658041e-05;0;2;87;Прибалтийская ГРЭС;Pribaltijskaja GRES;54.6172606565257
3130230;7527171;61;0.12394037967031143;0.7065123013619615;-0.0017936642930245247;0.043036139181216404;0.6844513311220226;0;4;87;Прибалтийская ГРЭС;Pribaltijskaja GRES;0.578067270273332
3135400;7267470;25;0.1278816072375971;0.38681239382657245;-0.009203140061243759;0.01826946763156624;0.21170659604093123;0;4;741;Великорецкая;Velikoretskaja;0.2634966595293276
3158274;7278173;55;0.10197189237529772;0.2527648241677352;0.0015271232252880614;0.02240862209578666;0.14421774266091575;0;4;744;Псков;Pskov;0.41086761893686247
3172988;6897210;49;0.04838912887272455;0.29306067273265196;0.0020011184051351018;0.013137585151449886;0.2930606727326433;0;4;913;Полоцк;Polotsk;0.5213514077436923
3184930;7535368;37;0.09783127092923324;0.13094428905449756;-6.957677393795735e-05;0.01315837380373207;0.05713686507248433;0;0;759;Кингисеппская;Kingiseppskaja;0.33559030174073773
3210411;7818902;74;0.2713852091610603;0.9480665525536622;-0.013189969230743434;0.05606241705629059;0.5746493778235421;0;4;24;Светогорская ГЭС-11;Svetogorskaja GES-11;0.3377791591124697
3212192;7816483;30;1.1411916983644943e-16;2.72842073614705e-16;4.05414193579005e-19;8.778576269565595e-17;2.646542648836494e-16;0;0;24;Светогорская ГЭС-11;Svetogorskaja GES-11;3004.1307130168884
3219080;7747520;42;0.13633598498568245;0.16741748240299234;-2.7435053678967305e-05;0.009252013772553785;0.03877873189417158;0;0;789;Выборгская;Vyborgskaja;0.23788932324198578
3230542;7605524;41;0.04247574159201048;0.07371465778685761;-0.00041900767541850015;0.005891344519564579;0.04535268419395333;0;0;1844;ОРУ Ленинградская АЭС 750 кВ;ORU Leningradskaja AES 750 kV;0.40350278699476966
3235094;7604851;7;0.04671463602089141;0.053158343640525865;0.0023307026610237818;0.004015171029537651;0.00922539588948073;0;2;770;Копорская;Koporskaja;0.2362942455007062
3235814;7608874;49;0.09860743259568815;0.14564873973507336;-0.0010590185445873816;0.010448310228692784;0.046401628277716475;0;0;1843;ОРУ Ленинградская АЭС 330 кВ;ORU Leningradskaja AES 330 kV;0.46218650090554136
3244544;7787666;30;0.07553940163293994;0.10337591520109687;-0.0016074040990754794;0.004393124688087646;0.024590305377655358;0;0;767;Каменногорская;Kamennogorskaja;0.5436922117605588
3324985;7678562;9;0.053373575778113566;0.06975052622448034;-0.0021645675807830185;0.004157255554054938;0.01623159009189165;0;2;764;Зеленогорск;Zelenogorsk;0.19852828543213896
3327548;7432598;8;0.03969521239239954;0.04854864521474403;0.001894720223437456;0.004884655405383173;0.017675435673767066;0;2;750;Лужская;Luzhskaja;0.6730005202881586
3335700;7227268;28;0.12000100978360341;0.37842961522687774;-0.0032529681837129747;0.030111638830192758;0.37842961522686974;0;4;1874;ОРУ Псковская ГРЭС 330/110 кВ;ORU Pskovskaja GRES 330/110 kV;0.20065422907925082
3350182;7635976;21;0.08754088606611983;0.1121287097238912;-0.002420284771710381;0.005330382727376491;0.027143694552723363;0;2;29;Северо-Западная ТЭЦ;Severo-Zapadnaja TETs;0.12585277266048248
3351167;7635289;35;0.05622905252250202;0.10273063988529856;-0.0017458458502212237;0.005405971865221623;0.03969826226798013;0;0;757;Северная;Severnaja;0.5478111079785504
3354309;7556449;47;0.09770584370188662;0.15878109026434972;-0.0010738687988469627;0.015191991804740138;0.13349465160012366;0;0;765;Гатчинская;Gatchinskaja;0.33866871707645135
3355302;7039473;49;0.06745232373070895;0.3956495852274212;0.0029360001834712627;0.018266152745072737;0.3956495852274096;0;4;748;Новосокольники;Novosokol'niki;0.4518610509107372
3356808;7546128;3;0.4952619732453601;0.7065349864116356;0.3166712323541939;0.3166712323541756;0.632865889917876;0;1;765;Гатчинская;Gatchinskaja;10619.233934474629
3357061;7546568;3;0.01950301563278761;0.021280573144437712;0.0015820179017716483;0.0015820179017716953;0.0021686367314069158;0;2;765;Гатчинская;Gatchinskaja;10257.094422968787
3363683;7610741;37;0.06282365001581297;0.09541359925327082;-0.0008788639722630384;0.006495297606226179;0.027718235397918588;0;0;760;Западная;Zapadnaja;0.47944694096420765
3366538;7632956;42;0.020487271368316025;0.033103843509117666;-0.00029874848476680926;0.00155111599292522;0.007406538498934804;0;0;471;Приморская;Primorskaja;0.5477881793535518
3367597;7625807;9;0.03005654220445319;0.03619948892070291;-0.0006310493942884898;0.00256098522451324;0.008141933937275869;0;2;768;Василеостровская;Vasileostrovskaja;0.4994233668578862
3370127;7638321;8;0.02029926038883273;0.022928700405410708;-0.0004931037511794574;0.0009682697412068819;0.001769136338087493;0;2;468;Полупроводники;Poluprovodniki;0.39276070176853345
3370139;7638527;34;0.006478516233245641;0.04826912058042263;0.0006256667045354065;0.0015742529530750286;0.04603807902958357;0;0;854;Полупроводники;Poluprovodniki;0.5748121442557277
3370254;7638529;34;0.03132287431195021;0.04612444704793742;-0.0003490721278419619;0.002251695232201761;0.009756671773667777;0;0;854;Полупроводники;Poluprovodniki;115.493909836567
3370262;7638519;34;0.08110833882591628;0.702288509856142;0.009459645897551265;0.02226236182864968;0.683050951615117;0;4;854;Полупроводники;Poluprovodniki;123.76116034262698
3370897;7644238;48;0.013758737492479266;0.04614850663440087;0.0008285227797120919;0.001248270416655636;0.04348090313448509;0;0;472;Парголово;Pargolovo;0.4516879574838066
3370933;7644110;48;0.17030909995147983;0.7041364830205299;0.012408083092484751;0.01807243591150727;0.4440447647613106;0;4;472;Парголово;Pargolovo;132.96723213525115
3371040;7644148;48;0.028803718315895444;0.06817893267193105;-0.0007738325153006796;0.0022120189703648298;0.02617594941351363;0;0;472;Парголово;Pargolovo;169.26791019552974
3373113;6838997;51;0.09131045094392544;0.23332985525371516;-0.002364016061818181;0.011589906127678892;0.10679571359609259;0;0;912;Витебск;Vitebsk;0.10468032462196564
3373367;7634008;11;0.6594894225461055;0.7050704212879118;0.01820559762875287;0.01680716720104375;0.16720353789780795;0;1;462;Проспект Испытателей;Prospekt Ispytatelej;188.27348438577502
3373371;7634000;3;0.017947131020517;0.017952143006954684;-6.519849958219025e-06;7.517979656528062e-06;1.4037829614742953e-05;0;2;462;Проспект Испытателей;Prospekt Ispytatelej;195.74857783069191
3373375;7634006;3;0.01661779817044239;0.016622438922157003;-6.036928720432486e-06;6.9611275719198146e-06;1.299805629234943e-05;0;2;462;Проспект Испытателей;Prospekt Ispytatelej;189.39200754715628
3373392;7634003;11;0.013840425650267617;0.0151121819438536;-0.00012214533507641986;0.000415608280097521;0.001167518409155117;0;2;462;Проспект Испытателей;Prospekt Ispytatelej;191.6711113410285
3373392;7634195;11;0.059541347542996496;0.05962355890687388;2.2503513864312665e-05;5.565529433420313e-05;0.00020924261542724226;0;2;462;Проспект Испытателей;Prospekt Ispytatelej;0.5855963282915697
3374372;7650872;15;0.7598269857385064;0.9391519936728682;-0.03771726489513101;0.07010210934862277;0.5448081519001395;0;1;751;Парнас;Parnas;6443.7126665572405
3374722;7650834;15;0.73830419053603;0.9999280274148376;-0.07716835842695191;0.07122845042933161;0.9753828249838928;0;1;751;Парнас;Parnas;6121.921314158675
3375267;7647384;7;0.5281020177319774;0.6232597289820148;0.04448267100831804;0.10311238131612249;0.4873957852447011;0;1;751;Парнас;Parnas;4724.781304649013
3375726;7631431;59;0.1134928598960397;0.6654264862350788;-0.006611238946791633;0.04519506649043732;0.597665977934755;0;4;1145;Завод Ильича;Zavod Il'icha;213.5324747318082
3375827;7645339;3;0.002742349131578808;0.0030031233437686215;-0.00023866143720838016;0.0002386614372083735;0.00030499976215269406;0;2;751;Парнас;Parnas;4778.457294542564
3375834;7645322;3;0.13885937554818398;0.1437600135794512;0.0015464929478246762;0.0073509570469008495;0.008897449994726359;0;2;751;Парнас;Parnas;4780.807832905135
3376227;7590904;7;0.03974757116227429;0.04498199444637095;0.00135947209912052;0.004187190527218669;0.011038081296077307;0;2;752;Пулковская;Pulkovskaja;0.2520462245688247
3377029;7617893;39;0.022216918288562575;0.03427661121669337;-0.0003234319666994352;0.002327558674384698;0.010460604465637652;0;0;463;РП-9;RP-9;0.4163917976576685
3377803;7608767;75;0.18167770480267437;0.7820671561590589;-0.006012561044708925;0.05026411546101399;0.4827224293663335;0;4;465;Чесменская;Chesmenskaja;0.35976832863523867
3378215;7608685;10;0.02151301451419223;0.03159249266253922;-0.0013779124937457097;0.002148052134790091;0.00828107535478791;0;2;1147;Чесменская;Chesmenskaja;0.5415942467525082
3379514;7647979;6;0.020904583585918447;0.02372635634214254;-0.0007826882561688894;0.0009725187843448336;0.0017291967737788697;0;2;751;Парнас;Parnas;543.9029635497802
3379540;7648026;6;0.02247592744010817;0.02575297129810163;-0.0009509477953099085;0.0010926389581640856;0.0018523935915983648;0;2;751;Парнас;Parnas;548.2744042521808
3379653;7619063;11;0.024156615656076096;0.03201960651700928;-0.0008820827612410697;0.0022485953879760323;0.00885603455301743;0;2;754;Центральная;Tsentral'naja;0.20001024937286369
3379981;7647700;6;0.004027444553481731;0.004604987964771159;-0.00016349418617429606;0.00019637167050392916;0.0003416290981645446;0;2;751;Парнас;Parnas;0.49553911194433786
3381413;7629108;10;0.028947973538267984;0.03804769241218175;-0.0013083688173318548;0.0021471344544414417;0.007914121404168133;0;2;1141;Волхов-Северная;Volhov-Severnaja;0.2824873962985524
3381625;7628797;65;0.24679332345152907;0.9781295286459547;-0.014408990282424606;0.03441927643156546;0.6231835241531761;0;4;853;Волхов-Северная;Volhov-Severnaja;0.21691454382183437
3387883;7604761;20;0.028462133109702397;0.03486768665347272;-0.00015081783105228485;0.0017177621771991007;0.009228215393571802;0;2;27;Южная ТЭЦ-22;Juzhnaja TETs-22;2048.352071049806
3387947;7604822;11;0.022597578487062134;0.02996323029273477;-0.001229492096880365;0.0016030733518705767;0.006759690198569784;0;2;27;Южная ТЭЦ-22;Juzhnaja TETs-22;1977.616507964543
3389266;7605182;11;0.01604206730389194;0.022952354654823;-0.001115131934609136;0.0014417293530415974;0.006282131978579145;0;2;27;Южная ТЭЦ-22;Juzhnaja TETs-22;665.6883634049138
3389589;7605395;11;0.001946754955762621;0.002789147015190447;-0.00013537753045132894;0.0001771791489449649;0.0007697708473669931;0;2;852;Южная;Juzhnaja;423.6890226248527
3389694;7605806;42;0.10087066115941543;0.17701929326967025;-0.0016877407022460272;0.014771689560542025;0.062014780085300286;0;0;852;Южная;Juzhnaja;0.5417488150896685
3389914;7605029;44;0.005565272318538785;0.009975522552669954;1.8009409654139742e-05;0.0007734283493752453;0.004458211046471872;0;0;27;Южная ТЭЦ-22;Juzhnaja TETs-22;0.3954401208627892
3390418;7605975;11;0.06233599173355567;0.09347169936467406;-0.005048187092414572;0.006250887627743937;0.02514731040184101;0;2;756;Южная;Juzhnaja;0.4152982662589535
3390789;7629083;13;0.02423600830283033;0.03061669881669947;-0.0011078791651290387;0.0013226272660863561;0.0061278157780736;0;2;753;Ржевская;Rzhevskaja;0.5454422894612043
3392756;7646439;49;0.07423790739016392;0.14459113577339872;-0.002134059004059596;0.0077480911810883695;0.10117788406634644;0;0;1856;ОРУ Северная ТЭЦ-21 220/110 кВ;ORU Severnaja TETs-21 220/110 kV;0.35858410276654806
3395928;7612723;15;0.01717151226193988;0.021132059544560395;-0.0006495975333961853;0.000896873908318823;0.004229501314809267;0;2;761;Октябрьская;Oktjabr'skaja;0.2629905889436292
3395941;7592206;11;0.016721877414606005;0.025343796399080732;-0.0013061090662929511;0.0016999653203829928;0.00686892970812622;0;2;464;Славянка;Slavjanka;0.5287655434700689
3398058;7597567;7;0.019696829001828904;0.023918912933127166;-0.0013663299567483987;0.001825807488738761;0.006290185520428922;0;2;758;Колпино;Kolpino;4840.821784269386
3398109;7597638;7;0.019632073865340806;0.02521721221088282;-0.0018761819176933252;0.002247751992946512;0.007019537069373343;0;2;758;Колпино;Kolpino;4808.471639955598
3398399;7597817;53;0.030460502379113387;0.11219392775013717;-0.0007411980471072247;0.0064603582751299035;0.08847060587237943;0;0;758;Колпино;Kolpino;4578.926157917212
3398402;7597792;11;0.0017651148608546926;0.003465723454916837;-0.00024811948803174304;0.0002940068301691211;0.0008885068869835431;0;2;758;Колпино;Kolpino;4568.5929683501545
3398402;7597796;53;0.0007360117900269523;0.0027926940997483733;-1.8320498231414683e-05;0.00016006272024003107;0.0022197069932430565;0;0;758;Колпино;Kolpino;4569.780214502495
3398405;7597770;11;0.15289409918384966;0.309459177317631;-0.024978070822791385;0.029455141436015415;0.07880652614406555;0;2;758;Колпино;Kolpino;4559.251121078819
3398427;7597820;53;0.0008529688639245998;0.0032364714068833776;-2.1231744891491873e-05;0.00018549773045730469;0.0025724329119818368;0;0;758;Колпино;Kolpino;4553.144096584094
3398431;7597772;11;0.0019064721395828008;0.003743272099073595;-0.00026798986383867393;0.0003175520432098409;0.0009596619820203831;0;2;758;Колпино;Kolpino;4534.980147460247
3401852;7592255;63;0.1572981387421385;0.4752893606790892;-0.003718422804495681;0.041349529254266555;0.2625428107539909;0;4;466;Колпинская;Kolpinskaja;0.15095992834585703
3401968;7916555;24;0.04800657660074977;0.05121987436570795;-0.0002968262207562949;0.0004564986575380387;0.0026848509742152804;0;2;992;Сортавальская;Sortaval'skaja;0.48277776431594355
3402765;7596438;39;0.027445165690659665;0.04694977718155565;-0.00036655363251501127;0.0030365409577058147;0.013870479261406617;0;0;758;Колпино;Kolpino;0.33745189150937227
3402998;7616091;8;0.046349896893277606;0.05729500364210114;0.00027903075536514493;0.011576329411178709;0.023178854039517298;0;2;755;Восточная;Vostochnaja;2953.103702796484
3403262;7619032;57;0.21067101020608064;0.6543012443028468;-0.004610048122319405;0.03815320799719234;0.4372211862088156;0;4;755;Восточная;Vostochnaja;0.5221885172173074
3403546;7618359;3;0.01919853112130788;0.026807683035918066;-0.006134086815176861;0.006134086815176474;0.010559282113477602;0;2;755;Восточная;Vostochnaja;730.5075552516232
3403810;7617903;3;0.0007613507974741509;0.0010613587998610937;-0.0002425616621586427;0.0002425616621586275;0.0004149006828435735;0;2;755;Восточная;Vostochnaja;1254.979161053757
3403832;7617906;39;0.016157588142913168;0.02739252894248135;-0.0002178276598030536;0.0017615523226976492;0.008061687379620049;0;0;755;Восточная;Vostochnaja;1262.0545995634589
3403832;7617908;39;0.0001561592796254024;0.0002656439872554588;-2.126803683992189e-06;1.7133474600455656e-05;7.849904638729179e-05;0;0;755;Восточная;Vostochnaja;1260.2701540063897
3403840;7616742;8;0.010873456490085297;0.027242956695672275;-0.002310593229926714;0.0037726594429654424;0.010799422193275624;0;2;755;Восточная;Vostochnaja;2361.934794247192
3408154;7562952;46;0.13478158448736713;0.2782437450218446;-0.0023517734512868123;0.020439172709263008;0.14183696609732127;0;4;850;Ленинградская;Leningradskaja;0.4509482564682322
3426976;8436448;44;0.29018391084880385;0.39645481759299983;0.0021571453270566574;0.03948862167295601;0.3505099589113318;0;4;999;Костомукша;Kostomuksha;0.27045652234028017
3450245;7394108;37;0.061196034524338014;0.09294053211150645;0.0004036163744052885;0.006297980144812911;0.02747884117728902;0;0;747;Юго-Западная;Jugo-Zapadnaja;0.43182011259908093
3455074;7929720;36;0.08519610483219975;0.0930283062860536;1.8757558150053594e-05;0.0013984386903521772;0.01449916784684245;0;0;991;Ляскеля;Ljaskelja;0.4239084929793537
3475599;7407017;10;0.0269380917565669;0.03987853821109249;-0.0018686478591402064;0.0026512836996745604;0.011882458184858918;0;2;28;Новгородская ТЭЦ;Novgorodskaja TETs;0.23943569224299258
3480548;7401221;34;0.05225821694903549;0.10845264818904728;-0.0013750404447214351;0.008188886684890494;0.04019858584833935;0;0;851;Новгородская;Novgorodskaja;0.1325996239820999
3481188;7401200;14;0.03942795636107852;0.05685494105281775;-0.002699763213461674;0.002990292789134706;0.012740544002877316;0;2;742;Новгородская;Novgorodskaja;0.4104478027345899
3494831;7289882;25;0.06483552196356543;0.10048329339783038;0.0007084651286975704;0.005465050946341976;0.031805948761348;0;2;745;Старорусская;Starorusskaja;0.4665033025144724
3517839;6631071;39;0.05184766970076525;0.0919709042377376;-0.0006708764054335425;0.0023319897205561118;0.0157318375283588;0;0;910;Кричев;Krichev;0.3254661281939579
3525984;7490478;58;0.1443616594264752;0.5357649567036419;-0.004721774738525319;0.023813477602601427;0.32523262176877477;0;4;746;Чудово;Chudovo;0.33530930501310013
3525984;7490478;58;0.1443616594264752;0.5357649567036419;-0.004721774738525319;0.023813477602601427;0.32523262176877477;0;4;1011;Чудово;Chudovo;0.33530930501310013
3567176;7549268;52;0.13424882119923198;0.3376790869708893;-0.002088263688272428;0.012221266170389383;0.09484746721140488;0;4;1879;ОРУ Киришская ГРЭС 330 кВ;ORU Kirishskaja GRES 330 kV;0.4358607227703493
3572078;6797147;53;0.0554343148967224;0.14649955105482182;-0.0015725953692060923;0.007225908221686146;0.0608304083069586;0;0;460;Смоленск-1;Smolensk-1;0.3175364238057263
3579375;6779179;51;0.1647993373838811;0.431095030615958;-0.0034027621539680568;0.019085471189980073;0.19602553704768902;0;4;772;Талашкино;Talashkino;0.4490366676640509
3592836;7093940;41;0.1220280368273336;0.3144310629645549;-0.003687285734555691;0.01041653325380169;0.10799438659448715;0;0;589;Андреаполь;Andreapol';0.6271411484246171
3603955;6852095;47;0.07066300283076431;0.19524095991691603;-0.001710310975896604;0.008700859708737949;0.08602428406851662;0;0;457;Литейная;Litejnaja;44382.15884042229
3603974;6852128;47;0.07757825730093863;0.1841594151319705;-0.0022588963153586565;0.009299683053486113;0.06064957326394803;0;0;457;Литейная;Litejnaja;44371.505932089734
3603984;6852125;47;0.10275773624420795;0.2664299339863848;-0.0027027995074378947;0.012346368548669471;0.0969006712026165;0;0;457;Литейная;Litejnaja;44361.07984138207
3604003;8842923;36;0.13571757475805835;0.21806708154451743;0.006249290172973506;0.014414839441178898;0.1477938380571588;0;0;101;Княжегубская ГЭС-11;Knjazhegubskaja GES-11;0.4338061425687666
3604564;8844675;14;0.26565876897868157;0.27777390142486114;0.0008979895151170438;0.007861834129618255;0.03244094567892891;0;2;1005;Княжегубская;Knjazhegubskaja;0.4958145626654493
3605501;7989025;43;0.10329353468189797;0.256938146854649;0.00038162850575920693;0.009752409996426369;0.21864306541286713;0;4;990;Суоярви;Suojarvi;0.3526098851995698
3608617;6925715;47;0.19148591394075862;0.46020437733414504;-0.004552500946151013;0.01981246362627197;0.1574946349093515;0;4;1853;ОРУ Смоленская ГРЭС 220/35 кВ;ORU Smolenskaja GRES 220/35 kV;0.051881114288348365
3613601;8955512;9;0.10879762928786609;0.14887964039212767;0.014165131696274098;0.025567248571388073;0.10532659893756235;0;2;1876;ОРУ Кольская АЭС 330/150/110 кВ;ORU Kol'skaja AES 330/150/110 kV;1153.2459854433646
3614199;8956288;9;0.009023939622448608;0.012332236343328442;0.001167319510623391;0.002130180620745655;0.008764095025356534;0;2;1876;ОРУ Кольская АЭС 330/150/110 кВ;ORU Kol'skaja AES 330/150/110 kV;226.55787636134139
3614423;8956321;50;0.2014459880930529;0.30690031809665214;0.0062302184344158245;0.015155234548735396;0.1438719349918208;0;4;1876;ОРУ Кольская АЭС 330/150/110 кВ;ORU Kol'skaja AES 330/150/110 kV;0.3585257194178977
3630838;7655356;9;0.001254198278943383;0.0019846553594755883;-8.096647244859423e-05;0.00016452399458618424;0.0007212027014255338;0;2;763;Сясь;Sjas';1093.1903181044088
3630872;7655381;9;0.0010101780466756397;0.0015987971137856136;-6.523522267623617e-05;0.0001325722392167441;0.0005811794995085992;0;2;763;Сясь;Sjas';1058.3632115664263
3630967;7655353;9;0.051404713588872844;0.08110629665307999;-0.0032992936077238127;0.006700065372591904;0.02931141480578333;0;2;763;Сясь;Sjas';964.4946190606718
3630988;7655325;9;0.05140935042546951;0.08109944101620746;-0.0032985144419994963;0.006697731933940401;0.02929909937213565;0;2;763;Сясь;Sjas';945.4831816573517
3631651;7655782;9;0.002883305317608053;0.004562569928270138;-0.00018613568881281425;0.0003782280014481727;0.0016579895053319806;0;2;763;Сясь;Sjas';469.0436647013832
3631656;7655786;9;0.008302194394814638;0.00908999762945218;0.00010715828557576758;0.0016615789126556261;0.006594826447684566;0;2;763;Сясь;Sjas';469.3270262796523
3631656;7655846;51;0.0027364787963364045;0.009439858459098673;0.00010308505708382075;0.0007125953944745347;0.007863839450898979;0;0;763;Сясь;Sjas';519.2156638590545
3631678;7655842;9;0.0029837117649625655;0.004722286109749472;-0.0001926819752513713;0.00039157191265453204;0.0017166004705263939;0;2;763;Сясь;Sjas';504.4770761853844
3631682;7655845;9;0.00501616481668638;0.005429304923073658;6.107062338045163e-05;0.0008953054553747421;0.0035558944960804566;0;2;763;Сясь;Sjas';505.10122628692176
3631696;7655880;60;0.001489905759935006;0.004094039091995702;1.6958931678261595e-05;0.00037783774104837165;0.0030934222896291906;0;0;763;Сясь;Sjas';529.5280849932179
3631697;7655813;51;0.1382029334575496;0.34483717204172665;-0.0006380767644948304;0.032778984662972736;0.2503660241330336;0;4;763;Сясь;Sjas';469.8671175944049
3631713;7655867;60;0.1609303787801041;0.5502158746242084;-0.0020555698798976067;0.03853287276836592;0.250828949521958;0;4;763;Сясь;Sjas';510.4405503058453
3631930;7655405;51;0.14292599005913315;0.325643476492726;-0.001137816294863509;0.011693008266216743;0.09313348701451013;0;4;763;Сясь;Sjas';0.09378384784465676
3632192;7655512;51;0.0070222934488644445;0.018090519348974488;0.00020263961434046057;0.0014492543557549085;0.01225563987156136;0;0;763;Сясь;Sjas';282.9139840925696
3632204;7655502;51;0.0008674485630573938;0.0022295430449479283;2.470494504115795e-05;0.0001807450228567914;0.001511108487769769;0;0;763;Сясь;Sjas';290.56951387764985
3632210;7655494;51;0.0012236876617131205;0.004548558118004203;-3.0262650537356544e-05;0.00021367796340249733;0.0043881656657263745;0;0;763;Сясь;Sjas';293.710656931393
3632211;7655537;51;0.001236081984295142;0.0031770160311952837;3.520362911288404e-05;0.00025755494448784113;0.002153273470722212;0;0;763;Сясь;Sjas';310.3669656956719
3632233;7655460;51;0.07172986899165738;0.2637003245277098;-0.0017324706796017152;0.012389902728881312;0.2521912711924448;0;4;763;Сясь;Sjas';307.8578564775886
3632261;7655484;51;0.001150013824728556;0.004274705778240078;-2.8440645092528263e-05;0.00020081318104384126;0.004123969979169099;0;0;763;Сясь;Sjas';340.20319074777365
3641686;6492485;46;0.06443929353693569;0.1091634552389469;0.00020624014053051206;0.005286699233378947;0.06711161350851508;0;0;459;Найтоповичи;Najtopovichi;0.5130831609819836
3647081;6841612;47;0.06458683092195405;0.17364690204052866;-0.001661176223200924;0.007870796538628285;0.07038373553706198;0;0;457;Литейная;Litejnaja;0.42006100765554033
3650151;6673630;46;0.08948670988664094;0.18338813628013434;-0.001042644266592006;0.00858085162062142;0.08393725208374354;0;0;771;Рославль;Roslavl';0.4871839990225789
3652214;7674933;17;0.04682562912134321;0.08564862778009492;0.006138842596221947;0.01275975749611764;0.07082978389163384;0;2;475;Юги-тяговая;Jugi-tjagovaja;0.11033426602723637
3652891;7025837;47;0.19636253402633516;0.46322213049193856;-0.0031852753624475767;0.02033983219431488;0.1185145634066394;0;4;592;Нелидово;Nelidovo;0.35900841175416087
3654117;9043637;50;0.15957828212749642;0.22314264548518561;0.004101183287869876;0.011868801168042247;0.14634874577547569;0;0;1007;Мончегорск;Monchegorsk;0.4360443216864216
3654334;7672402;17;0.25041142320959675;0.4579275613285979;0.03282027779709061;0.06815702592412504;0.3786966007877454;0;1;480;Юги;Jugi;0.6382373530889397
3680004;7700208;25;0.03549206890241458;0.08029216768361759;0.0035246884838364273;0.0074255032203416615;0.06029624900179424;0;2;473;Паша-тяговая;Pasha-tjagovaja;0.520320557032646
3682034;9218127;53;0.1520459762597755;0.2882173725993123;0.006449975021592888;0.013940847280956783;0.2817480292776547;0;4;1008;Выходной;Vyhodnoj;0.33426232376493237
3683788;8694986;36;0.16583110606786;0.25080237874237643;0.006195445119252083;0.015587967558626716;0.16503884899298174;0;4;1004;Лоухи;Louhi;0.5159693768387903
3685185;5422090;55;0.008431665511910272;0.1759504037631081;0.000797132275539048;0.005550948237275332;0.1759504037631057;0;0;1641;Донузлав;Donuzlav;0.2762679871162096
3686979;8698176;12;0.259259404732942;0.266555516347573;-0.0005827478982157096;0.005550791977160422;0.017145304843046633;0;2;1003;Лоухи;Louhi;0.5361434118105917
3687652;7697212;25;0.14960437852987762;0.3382475293480906;0.014840730132392716;0.03123529357166215;0.2539966188324987;0;4;479;Паша;Pasha;0.38158936068703225
3698442;9226315;3;0.2256600057754281;0.22767209689313728;-0.0018059656619308082;0.0030181366765637263;0.004824102338494479;0;2;1010;Мурманская;Murmanskaja;0.33615546888299874
3699454;7367409;45;0.06495147381126969;0.14488339325391106;-0.0009286778295730534;0.008819492958566627;0.06310622215807116;0;0;743;Окуловская;Okulovskaja;0.5368393159039475
3700880;6703028;40;0.13309802280509092;0.15570097820501086;0.001562250634490926;0.005833073366236377;0.029032697994774245;0;0;1902;ОРУ Смоленская АЭС 750/500/330 кВ;ORU Smolenskaja AES 750/500/330 kV;0.4499024334323761
3701493;9077169;32;0.18398516937760584;0.2035680520515964;-0.00028640338446212535;0.00815692396847681;0.033626829270239356;0;0;1009;Оленегорск;Olenegorsk;0.5103136275992051
3707652;7736689;17;0.0785781580600894;0.14020904171551668;0.00979245987590453;0.020283509676649172;0.11204745820824451;0;2;478;Заостровье;Zaostrov'e;0.5145203019358684
3707735;7736586;17;0.0073864516490137295;0.013183320090846162;0.0009208575868948353;0.0019092697766446144;0.010535820620791638;0;2;476;Заостровье-тяговая;Zaostrov'e-tjagovaja;0.4081296356869083
3712501;7735918;17;0.22300177799008528;0.40720432503777465;0.029135911061483173;0.060549148999512484;0.3359779110281972;0;4;476;Заостровье-тяговая;Zaostrov'e-tjagovaja;4812.993432549405
3712517;7735936;17;0.003523223207786269;0.006434857079834532;0.0004604441027743428;0.0009577346701996008;0.005309309671177204;0;2;476;Заостровье-тяговая;Zaostrov'e-tjagovaja;4826.381673859169
3712524;7735942;17;0.003449362958889435;0.005959573504899982;0.000401625758987401;0.0008271016378400642;0.004543547578170117;0;2;476;Заостровье-тяговая;Zaostrov'e-tjagovaja;4832.5146484789475
3712529;7735905;17;0.0040676314137395005;0.007429170749957937;0.0005315918936321978;0.0011057237650801482;0.006129703833700732;0;2;476;Заостровье-тяговая;Zaostrov'e-tjagovaja;4842.535198030438
3712558;7735963;17;0.09559136652415183;0.16510232623334747;0.011124025185672575;0.02288364308548163;0.12586025266702539;0;2;476;Заостровье-тяговая;Zaostrov'e-tjagovaja;4863.478502364691
3712580;7735949;17;0.0027587159187654193;0.004766320765012632;0.00032121043448020333;0.0006614956100418562;0.00363381794869198;0;2;476;Заостровье-тяговая;Zaostrov'e-tjagovaja;4887.10331658371
3712828;6916654;41;0.12191758166245287;0.3151189211528034;-0.003695828315853885;0.010416505813676761;0.11001963563973174;0;0;456;Компрессорная;Kompressornaja;0.43828758765154135
3715395;6829853;57;0.13421363373508066;0.2783872783705721;-0.002999632739191818;0.016120741111069984;0.14418228366001468;0;4;33;Дорогобужская ТЭЦ;Dorogobuzhskaja TETs;0.2898574146683259
3716353;5619238;59;0.014906549085579155;0.3343849460989195;0.0013270793018705781;0.009830758045936007;0.334384946098915;0;4;1663;Новокаховская;Novokahovskaja;0.39309348844308734
3716353;5619238;59;0.014906549085579155;0.3343849460989195;0.0013270793018705781;0.009830758045936007;0.334384946098915;0;4;1662;Новокаховская;Novokahovskaja;0.39309348844308734
3722444;8968598;32;0.1243738966096595;0.134869478703182;-0.00019745322726414118;0.004480739842918534;0.017490014994496247;0;0;1006;Титан;Titan;0.4430646002354285
3726665;7571658;50;0.12802869182032603;0.41021738342300756;-0.002594314989623648;0.01178048992489809;0.0973140312977574;0;4;766;Тихвин-Литейный;Tihvin-Litejnyj;0.6364559506822212
3726665;7571658;50;0.12802869182032603;0.41021738342300756;-0.002594314989623648;0.01178048992489809;0.0973140312977574;0;4;893;Тихвин-Литейный;Tihvin-Litejnyj;0.6364559506822212
3729406;6346008;34;0.08022332650677794;0.08711869276993187;7.856162727441256e-05;0.003016736460327557;0.016769915756281686;0;0;909;Шостка;Shostka;0.38652659499996966
3730269;7754594;41;0.03927322539767379;0.11272699500987408;0.0020955397707836465;0.007979700697223;0.084131945758639;0;0;469;Лодейнопольская;Lodejnopol'skaja;0.40220345407719615
3732699;7747515;41;0.1065689105296873;0.28840906335367117;0.0048213400190280494;0.021350056644379285;0.21510772188858412;0;4;469;Лодейнопольская;Lodejnopol'skaja;7484.8565021607865
3732743;7747475;41;0.002335260239619821;0.006699048901185255;0.00012433048953407926;0.0004736576426371867;0.004996943145316244;0;0;469;Лодейнопольская;Lodejnopol'skaja;7537.029278086851
3732804;7747525;41;0.09239375135379684;0.2206796199511198;0.00308665165560843;0.018228111907968324;0.1647281539546441;0;0;469;Лодейнопольская;Lodejnopol'skaja;7510.188252696365
3732834;7747505;41;0.0018397840434520056;0.005283410595506097;9.838003749879159e-05;0.0003744248733130795;0.003944441748802202;0;0;469;Лодейнопольская;Lodejnopol'skaja;7539.171530940145
3740716;5314582;3;0.06779864366486885;0.06865521373772551;-0.00018232637285504514;0.0012848551092849922;0.0014671814821400897;0;2;175;Балаклавская ТЭС;Balaklavskaja TES;0.5324974564163794
3741545;5317553;51;0.007464374733665453;0.16491880145321677;0.0007407346131215256;0.005959788438551645;0.16491880145321433;0;0;1655;Севастополь;Sevastopol';0.3642637798634934
3744893;5544370;54;0.008531013883315366;0.1751327749485099;0.0008189499704663449;0.005634122652593581;0.17513277494850754;0;0;1649;Титан;Titan;0.07255136066321033
3746055;5415856;24;0.01953266405116642;0.1559151489118998;0.003502665855268857;0.011974898592660555;0.15591514891189773;0;0;1653;Западно-Крымская;Zapadno-Krymskaja;0.48490083371155224
3747394;8505411;32;0.32905882926577545;0.357628989150444;-0.0004732646769798717;0.01567605530605797;0.12761647024575898;0;4;98;Кривопорожская ГЭС-14;Krivoporozhskaja GES-14;0.5064571540622648
3752067;7768291;85;0.2132139293506969;0.7839145235143311;-0.003100905953213775;0.05746921636524866;0.35484869986858364;0;4;1857;ОРУ Нижнесвирская ГЭС-9 220 кВ;ORU Nizhnesvirskaja GES-9 220 kV;0.36602363260966675
3759288;6183286;33;0.08380498775485039;0.09094511439409136;7.880757701082652e-05;0.0030876842368086524;0.017506482918218158;0;0;908;Североукраинская;Severoukrainskaja;0.3151007763979045
3761753;5509860;59;0.011114055057930934;0.24856367392910894;0.0009897339304564853;0.007298325640972288;0.24856367392910558;0;0;1644;Красноперекопск;Krasnoperekopsk;0.4372536669595084
3763389;5510073;48;0.0017240233091177094;0.03139775377727435;0.00018257571457158656;0.0011380763304412638;0.03139775377727392;0;0;1648;Сода;Soda;0.46953301441683076
3769768;5342230;37;0.009624320307044255;0.13701114111232734;0.0012478357743332669;0.006519505595355298;0.13701114111232532;0;0;1640;Бахчисарай;Bahchisaraj;0.5317151491590274
3781621;7949004;45;0.15608885222517263;0.30716597556018455;0.00041125106007510826;0.015358146776377141;0.23442392865230502;0;4;993;Петрозаводск;Petrozavodsk;0.4231730735903813
3781621;7949004;45;0.15608885222517263;0.30716597556018455;0.00041125106007510826;0.015358146776377141;0.23442392865230502;0;4;749;Петрозаводск;Petrozavodsk;0.4231730735903813
3782481;7773846;25;0.013652881118617084;0.029046076672921334;0.001211474043216403;0.0025426438771175;0.020823684596704112;0;2;474;Яндеба-тяговая;Jandeba-tjagovaja;0.3569287875249225
3782523;7775379;25;0.08031421811248361;0.17072250561696375;0.007114920110696239;0.014918805181829059;0.12235392193987026;0;0;477;Яндеба;Jandeba;0.6486719116226088
3788776;5377645;59;0.005144697688272941;0.11548383687688461;0.000458099150966406;0.0033956380326473357;0.11548383687688314;0;0;174;Симферопольская ТЭЦ;Simferopol'skaja TETs;0.5052360244522881
3789953;6542813;48;0.15668960029357343;0.2397014919060517;-9.44602207564748e-05;0.012005455112404669;0.1031949246122788;0;0;855;Новобрянская;Novobrjanskaja;0.35841163407148363
3789953;6542813;48;0.15668960029357343;0.2397014919060517;-9.44602207564748e-05;0.012005455112404669;0.1031949246122788;0;0;849;Новобрянская;Novobrjanskaja;0.35841163407148363
3791185;5476671;43;0.016796166532893394;0.27671413549853907;0.0019416028274436828;0.011269915301146103;0.2767141354985354;0;4;1654;Островская;Ostrovskaja;0.37303900436370235
3794772;7288162;56;0.11347197595108742;0.5539778565537853;-0.005992750929990316;0.01591778186498282;0.14522886415387942;0;4;773;Бологое;Bologoe;0.4200238699136035
3795596;6571736;57;0.08344843964926493;0.22284211342849888;-0.001717158334470504;0.010595677991248716;0.13469315359440076;0;0;454;Брянская;Brjanskaja;0.33589083230275335
3800488;7785091;34;0.006388247440227447;0.015208607861497015;0.0003680328712932553;0.0011163903357726886;0.010688096356265078;0;0;470;Подпорожская;Podporozhskaja;0.6922546138931391
3800578;7784881;34;0.07279564377246117;0.1803255922385459;0.004493961843434117;0.013390439102948843;0.1299053185590751;0;0;470;Подпорожская;Podporozhskaja;228.740152174443
3800652;7784888;34;0.048419759757485914;0.10254750252174019;0.0019497586034907843;0.008085769288023303;0.07003204649444467;0;0;470;Подпорожская;Podporozhskaja;261.05302951089027
3800669;5417511;51;0.007563728454949391;0.1466271604501742;0.000761848376196044;0.004999368639393937;0.1466271604501723;0;0;1651;Элеваторная;Elevatornaja;0.18252301331867438
3800676;7784846;34;0.0018938668359987454;0.004325782063948498;0.00010138077980574548;0.0003130186221788218;0.0029558355259429957;0;0;470;Подпорожская;Podporozhskaja;308.919420912451
3800830;7554921;60;0.07190007686437024;0.40414547490548525;-0.0025447829115716023;0.017305373855035278;0.18090718508786613;0;4;467;Пикалёвская;Pikalevskaja;0.4264397373398583
3803375;7022105;36;0.07973033116699385;0.15777140351019153;-0.0007945170943961673;0.004930782074638445;0.045926876332504196;0;0;594;Победа;Pobeda;0.587215709649067
3805230;8306325;56;0.15162740935915733;0.26316902103202466;0.004201253925195776;0.009580017069560258;0.13721173474193465;0;0;1859;ОРУ Ондская ГЭС-4 220/110 кВ;ORU Ondskaja GES-4 220/110 kV;0.47084693745756623
3805719;7787144;70;0.2064664603959467;0.9880840546755776;-0.00815090579161967;0.046945368563230234;0.6347154270984035;0;4;1858;ОРУ Верхнесвирская ГЭС-12 220 кВ;ORU Verhnesvirskaja GES-12 220 kV;0.456226481175967
3808136;5365676;51;0.015450629279312992;0.28610585479235595;0.001554221122750016;0.009736031101655001;0.2861058547923517;0;4;1656;Симферополь;Simferopol';0.4730768441359716
3809745;5367809;3;0.05362553711777481;0.05449342626858118;-0.00011101357255832404;0.0013018337262095565;0.0014128472987679427;0;2;176;Таврическая ТЭС;Tavricheskaja TES;0.3933473010772981
3813328;8274578;16;0.09105627081974357;0.09303798970801218;-2.902433840469437e-05;0.0011439644062912777;0.003932630714013091;0;2;989;Сегежа;Segezha;0.4348173189841273
3813608;8483979;50;0.011867957552816319;0.01764028130225042;0.00021009336888606247;0.0014891167198024654;0.014606793912546745;0;0;97;Подужемская ГЭС-10;Poduzhemskaja GES-10;0.2960447445508212
3814069;8483897;44;0.1328118172194544;0.3622577189646325;-0.001824319460473868;0.03183911892676897;0.35199986805110617;0;4;97;Подужемская ГЭС-10;Poduzhemskaja GES-10;468.4504490809057
3814364;8483181;39;0.13757398054770545;0.2891016997720425;-0.00343801957693223;0.012715266426343486;0.17515650418276713;0;4;97;Подужемская ГЭС-10;Poduzhemskaja GES-10;1099.29627637203
3814432;8005572;17;5.4691554486529766e-05;0.0002074825881482893;4.109243585873729e-06;3.2616297127762275e-05;0.00020164387018723918;0;2;985;Кондопожский ЦБК;Kondopozhskij TsBK;839.2474565913842
3814443;8005576;17;0.0062755814598675986;0.02368563529099888;0.00047452897438481794;0.0037015824354265686;0.02301944727116801;0;2;985;Кондопожский ЦБК;Kondopozhskij TsBK;839.8294275595968
3814685;8004772;58;0.058169319158135176;0.43903857272335617;-0.0030516688750451405;0.02518393014456652;0.3385075406714728;0;4;985;Кондопожский ЦБК;Kondopozhskij TsBK;0.321549373572513
3816278;8005444;39;0.11916066470320302;0.14583175547961305;-0.00033105447419928087;0.0036061979400263807;0.03864479066061256;0;0;986;Кондопога;Kondopoga;0.5228669042108842
3818159;8274412;15;0.025577406595309878;0.026100600537868463;-2.5854114506660193e-05;0.00026689122507673823;0.0008746619777007664;0;2;995;Сегежа-тяговая;Segezha-tjagovaja;0.4780429367492464
3818338;7939065;51;0.09499847528203469;0.39321261884623554;-0.0021456847483784336;0.014872684260941595;0.20832575134200812;0;4;984;Петрозаводскмаш;Petrozavodskmash;0.3119690065060864
3819122;5437937;54;0.006600400917452383;0.13494769048654986;0.0006338558263409693;0.0043340021448121675;0.13494769048654806;0;0;1645;Марьяновка;Mar'janovka;0.33471165014998816
3820925;7932228;58;0.1189480836254955;0.6390053770261511;-0.002354470974965239;0.028991226843969;0.4758053626072715;0;4;983;Древлянка;Drevljanka;0.4611611444003505
3820973;8192319;18;0.02120151907742225;0.0223503218277059;-5.825135642186535e-05;0.0002351363427381397;0.0007571039487966717;0;2;996;Раменцы;Ramentsy;0.6038508524682032
3822470;6869413;41;0.08966262352159454;0.23326318252519668;-0.0027395780512970477;0.0077294317614617376;0.08190608659475532;0;0;455;Восток;Vostok;0.6119250379468263
3824626;6570312;32;0.03549766664064671;0.05061139502869088;0.0003234823701252096;0.0014214075304895568;0.015186388470828663;0;0;458;Машзавод;Mashzavod;0.3543842257984623
3824693;8010037;16;0.017652153522089722;0.018053208813643543;-2.2622366808520357e-05;0.00016500594833991633;0.0005479235581422638;0;2;987;Нигозеро;Nigozero;0.5072833111173198
3825586;5472281;59;0.020226694135191417;0.4496170168241463;0.001801826385343554;0.013169489716540325;0.4496170168241401;0;4;1652;Джанкой;Dzhankoj;0.4075063790230372
3825586;5472281;59;0.020226694135191417;0.4496170168241463;0.001801826385343554;0.013169489716540325;0.4496170168241401;0;4;1660;Джанкой;Dzhankoj;0.4075063790230372
3825704;8009411;39;0.16453215454616385;0.1945192492101266;3.19563075014454e-05;0.004700468357939961;0.0523217194337761;0;0;988;Кондопога;Kondopoga;0.4786574545099193
3827865;8196125;18;0.10005740270720564;0.11470800679281556;-0.0006150166295138642;0.001712596349610602;0.013942553626684506;0;2;996;Раменцы;Ramentsy;7873.67188754141
3827953;8196127;18;0.002192911080023884;0.002311733805445606;-6.025042095213855e-06;2.4320572946871866e-05;7.83086170375244e-05;0;2;996;Раменцы;Ramentsy;7951.77710275257
3829671;6592822;62;0.10973389168826617;0.43227747753872087;-0.0034424427678784735;0.012928057139282505;0.1158812004491171;0;4;461;Цементная;Tsementnaja;0.22808640993313242
3835574;6649516;46;0.07820050199864895;0.11918239701347559;-1.9140634854319444e-05;0.006042163400985813;0.061219155890409875;0;0;606;Литейная;Litejnaja;0.27743860607342663
3835956;8132126;19;0.01062525501365908;0.011501472440070708;-4.1465138643096105e-05;0.00012642333848791952;0.00044346105314931397;0;2;997;Медгора;Medgora;0.41982002239687566
3836504;8131492;56;0.09410430077619199;0.1763923756374709;0.0022120618764164502;0.006793665705365702;0.0873883334648422;0;0;998;Медвежьегорск;Medvezh'egorsk;0.232731198043568
3844510;8489371;54;0.16528921210426947;0.2606594341446054;0.004702505949580575;0.011246855183268433;0.167219483662661;0;4;1860;ОРУ Путкинская ГЭС-9 220 кВ;ORU Putkinskaja GES-9 220 kV;0.5687104165151848
3850415;8493530;30;0.03157218820831715;0.03285790659652639;2.0535278092825503e-05;0.000676896890866593;0.002238807969207418;0;0;1002;Кемь;Kem';0.49832298946429787
3852642;7235990;39;0.0586850112629204;0.10622052514984566;-0.0006801034284575717;0.006591825643960389;0.029496225520011063;0;0;774;Новая;Novaja;0.08871392354653498
3874508;6223746;35;0.07336714481209823;0.07970546335355326;6.86416543117384e-05;0.0027158784166927616;0.015370174851226229;0;0;907;Сумы Северная;Sumy Severnaja;0.5974529014184873
3879498;6211396;48;0.0454444720401093;0.13654835473635415;-0.001902977841803987;0.00723037918694711;0.0832563847468034;0;0;1129;Сумы;Sumy;0.6446731430612598
3879715;6549097;3;0.09551618557075786;0.09687521764029952;0.0008382017415579961;0.0020385481043124903;0.0028767498458702884;0;2;828;Белобережская;Beloberezhskaja;0.1356765650574634
3890061;5414712;51;0.010310003010262431;0.19949285777225587;0.0010381187759984601;0.006795643295974404;0.19949285777225298;0;0;1646;Насосная-2;Nasosnaja-2;0.34067176530709664
3901226;7290204;39;0.10923351750504853;0.1573729865505827;0.0004486857505003723;0.01435421620715424;0.0892052995786588;0;0;1903;ОРУ Калининская АЭС 750/330 кВ;ORU Kalininskaja AES 750/330 kV;0.46746461970787934
3904473;7289786;22;0.009205729688142495;0.011752945776280131;-2.3085800818582166e-06;0.00048637003929741446;0.0026713919001851334;0;2;775;Восток;Vostok;0.43776763307146455
3928311;5627703;47;0.014163362807169316;0.25105183886449006;0.0015265991630762936;0.009275426024523761;0.2510518388644866;0;0;1661;Мелитополь;Melitopol';0.1353210245877641
3931292;5386290;6;0.14381297747621158;0.1653288500581731;-0.000608742233485821;0.015355825177125842;0.04523081338819479;0;2;1643;Кафа;Kafa;0.1456688026644338
3936502;6915426;47;0.04454957213385522;0.0859756451142793;-0.0007382094107929679;0.0037341769851578005;0.031200389983264167;0;0;257;Дровнино;Drovnino;0.4331815323316194
3936595;6689575;45;0.10106836401276585;0.22320755246847448;-0.001148523662889746;0.00990418894617764;0.11449853918288;0;0;611;Электрон;Elektron;0.6012177709004635
3937191;5383630;61;0.0074024719207012955;0.22609791635387616;0.0006314063093220142;0.006861250934725531;0.22609791635387244;0;0;1659;Феодосия;Feodosija;0.5393287040029101
3937191;5383630;61;0.0074024719207012955;0.22609791635387616;0.0006314063093220142;0.006861250934725531;0.22609791635387244;0;0;1657;Феодосия;Feodosija;0.5393287040029101
3953111;6438381;51;0.12243013942319951;0.2198444881656345;-0.0010381016115318862;0.011367409244434907;0.11094918286968351;0;0;780;Железногорская;Zheleznogorsk;0.40133643141597075
3960120;9220394;53;0.12348713912742888;0.22672499955398284;0.0054960057114328015;0.010052004256559917;0.22158291795821977;0;4;1877;ОРУ ГЭС-15 Серебрянская 330/150 кВ;ORU GES-15 Serebrjanskaja 330/150 kV;0.46212497201381497
3961303;6328617;42;0.06952841236865008;0.11447450953966368;-0.0003933760278721167;0.003341966313234543;0.021499709237870354;0;0;1900;ОРУ Курская АЭС 750 кВ;ORU Kurskaja AES 750 kV;0.6124296606504529
3964159;6327871;46;0.17078376750844532;0.1975326330784263;0.0012033235395283528;0.012674154493167007;0.10134964923438737;0;0;1901;ОРУ Курская АЭС 750/330 кВ;ORU Kurskaja AES 750/330 kV;0.5719728048431928
3988287;5433559;40;0.0059148013264395585;0.07158477933214105;0.0007330378677157678;0.002910784769435363;0.07158477933213946;0;0;1642;Казантип;Kazantip;0.3544807174355978
3989265;6992282;42;0.04798069946919589;0.11151263526926324;-0.0013702845877509686;0.006516530714087054;0.05184004004795414;0;0;314;Грибово;Gribovo;0.29235543376784323
3993680;6993935;10;0.057057068493925334;0.07027007593355195;-0.0006630075389809744;0.004949049084061627;0.016064241331518687;0;2;313;Грибово;Gribovo;0.4403401074074695
3995847;7131858;43;0.08872816817293962;0.6967858307748634;-0.007247958127557789;0.019534594706649696;0.2495267356203289;0;4;320;Калинин;Kalinin;1135.7850131852597
3995847;7131858;43;0.08872816817293962;0.6967858307748634;-0.007247958127557789;0.019534594706649696;0.2495267356203289;0;4;1133;Калинин;Kalinin;1135.7850131852597
3995894;7130723;59;0.09132786985886608;0.36450090594782847;-0.0036520748703884097;0.02083483857593029;0.25986747277053096;0;4;320;Калинин;Kalinin;0.21993892167853854
3995894;7130723;59;0.09132786985886608;0.36450090594782847;-0.0036520748703884097;0.02083483857593029;0.25986747277053096;0;4;1133;Калинин;Kalinin;0.21993892167853854
4001968;6322933;48;0.12412481121917977;0.22653305317130942;-0.0012034309484875382;0.011529771053121309;0.13029169186377437;0;0;788;Южная;Juzhnaja;0.46663623990882036
4005941;5380352;37;0.005787733423418639;0.06479340172245893;0.0007622569355834406;0.002854186127846857;0.0647934017224575;0;0;1650;Черноморская;Chernomorskaja;0.3773206732118699
4008692;5422731;47;0.010806542573999229;0.1535601706087265;0.0011754926001817333;0.005291748763816011;0.15356017060872307;0;0;1647;Насосная-3;Nasosnaja-3;0.395864321783813
4009151;6310235;3;0.2393372783814293;0.28156323585026033;-0.05814080777158395;0.05814080777160631;0.10588535867993212;0;4;781;Курская;Kurskaja;12299.061023843613
4009220;6513318;52;0.05922307819741139;0.13736731549337808;-0.0006722104620128151;0.006624627380899683;0.05689505080231891;0;0;638;Узловая;Uzlovaja;0.35128350331129526
4017561;6301261;34;0.06283295074768494;0.07059181498384794;0.0004000835580413826;0.0026841722314627165;0.015544223650161969;0;0;781;Курская;Kurskaja;0.24954696774356622
4020678;6916574;9;0.05121690895502437;0.058612929431064685;-0.00032716732051401025;0.00251467068321533;0.010079417892470813;0;2;312;Дорохово;Dorohovo;0.24515515502088273
4026717;6532842;57;0.049243181096777514;0.12343848840885555;-0.000804962757817273;0.005985454486739406;0.07107647371368649;0;0;637;Орловская Районная;Orlovskaja Rajonnaja;0.4661064807486707
4027745;6345699;57;0.058526042141358245;0.4031270213570036;-0.0023464740792474522;0.017859105260517445;0.40312702135700335;0;4;784;Садовая;Sadovaja;0.4293888683361726
4041231;6767707;8;0.06059252591242112;0.06444487081943796;-0.0007300026839902015;0.0017773338780572975;0.006628388611890433;0;2;1910;Спутник;Sputnik;0.2709033971195363
4041722;6767820;50;0.05882865854987208;0.09913390876757987;0.00010286376541985932;0.006213823955439525;0.05187875654900852;0;0;332;Спутник;Sputnik;0.5439841360251425
4045523;6744586;46;0.037071747903871556;0.056335809454671225;-4.067733021027097e-06;0.002801693534468668;0.027669455199796238;0;0;331;Орбита;Orbita;0.3002928734959437
4049706;6771953;11;0.12569828536120015;0.18536407869401053;-0.007173766218829772;0.015041391187659242;0.04882973767493062;0;2;332;Спутник;Sputnik;8990.596085471885
4049737;6771897;11;0.11134258302733352;0.13708962849277137;-0.004242662957649516;0.007744666060674396;0.011507370384962315;0;2;332;Спутник;Sputnik;8992.612985039581
4049755;6771970;11;0.0021888089193191494;0.0027677893527425605;-0.00010502334612616849;0.0002032470614602943;0.00040953155409961285;0;2;332;Спутник;Sputnik;9041.92992678567
4049785;6771911;11;0.0026276940389914883;0.0033505475746228508;-0.00010741800436846172;0.00020028134197627753;0.0003917300012298516;0;2;332;Спутник;Sputnik;9041.748723466186
4052145;5414916;61;0.006565891361952961;0.0804856431353587;0.0005783902045933679;0.0017213286374249048;0.08048564313535696;0;0;1121;Камыш-Бурун;Kamysh-Burun;0.2966211044934171
4052145;5414916;61;0.006565891361952961;0.0804856431353587;0.0005783902045933679;0.0017213286374249048;0.08048564313535696;0;0;1658;Камыш-Бурун;Kamysh-Burun;0.2966211044934171
4053646;6074350;58;0.07950032684849985;0.2841495500021139;-0.001493638740444654;0.014592875147395296;0.2841495500021137;0;4;906;Лосево;Losevo;0.35733628349660085
4053813;6178278;15;0.0769792624418814;0.08225727066953664;-0.0007010172431934889;0.002413624223442027;0.007971828401235045;0;2;786;Фрунзенская;Frunzenskaja;0.4305305089905891
4053895;6827596;36;0.10429234827607065;0.11795556112367898;0.0004664462183492744;0.0025699517256261768;0.010103781704324744;0;0;333;Калужская;Kaluzhskaja;0.3446907141361375
4058078;6336097;28;0.0402691579859743;0.04336756295726037;2.9241827703330477e-07;0.00114189948097179;0.004746707918399373;0;0;785;Сеймская;Sejmskaja;0.39186221960162304
4059167;6971981;36;0.059565787363737174;0.1517738509434356;-0.0032505124615272;0.00777275574679493;0.04508043278229351;0;0;206;Шмелёво;Shmelevo;785.0891557734159
4059938;6971834;54;0.08039988907726399;0.6982975295988214;-0.003761857856958866;0.017805283419090743;0.5329935709201379;0;4;206;Шмелёво;Shmelevo;0.23348254674057725
4060881;6698797;69;0.28568058438233523;0.9713887483578795;-0.00973649656499538;0.028036991506404235;0.2714145815033292;0;4;2;Черепетская ГРЭС;Cherepetskaja GRES;0.43999233025014933
4065417;6077736;54;0.09938576530669035;0.2329807777220576;-0.0021527725299921884;0.011233294280585397;0.11134816842264111;0;0;906;Лосево;Losevo;12248.629873363798
4065444;6077738;54;0.0012004224954226552;0.002828320188791943;-2.651896604673019e-05;0.00013688190290139012;0.0013500616318786935;0;0;906;Лосево;Losevo;12275.13172840357
4066038;6022084;54;0.14527178261795087;0.3699022367370463;-0.00375685648977789;0.020167929299747013;0.17890773504698032;0;4;85;Змиёвская ТЭС;Zmievskaja TES;0.459858857545103
4066908;6565725;63;0.0925904962856642;0.4199668527868012;-0.002941725265880582;0.011990917969251327;0.09901751635833594;0;4;636;Мценск;Mtsensk;0.24571235258244803
4077308;6841935;39;0.03797347118946465;0.14546130684228403;-0.0009619567695738262;0.0064201881102851546;0.0991228164759512;0;0;334;Мирная;Mirnaja;0.39732285271645335
4077311;6905031;57;0.0988593487525326;0.29563536007072505;-0.002997437040138507;0.010165562659779161;0.07625543955842924;0;0;203;Кедрово;Kedrovo;0.6205793587653978
4077439;6842332;9;0.02561558959137669;0.02700761933716346;-0.00019387517099281405;0.0005848799734782559;0.002253132790893269;0;2;1941;Мирная;Mirnaja;0.08459793333869281
4080613;6168891;58;0.15782134451309449;0.585356808391909;-0.003589865429550444;0.02963580749081232;0.5853568083919086;0;4;776;Белгород;Belgorod;0.5074888841865665
4081173;5403037;3;0.0477929669610323;0.04820080601121745;-0.00016194745955967494;0.0006117585752777113;0.0007737060348374028;0;2;1098;Порт;Port;0.400575285637349
4081652;6170849;5;0.03553330149916607;0.03729101221406719;-0.0004631842907442469;0.000913154859989251;0.001981278428284071;0;2;867;Белгород новый;Belgorod novyj;0.4963358737663246
4081652;6170849;5;0.03553330149916607;0.03729101221406719;-0.0004631842907442469;0.000913154859989251;0.001981278428284071;0;2;868;Белгород;Belgorod;0.4963358737663246
4082560;6980512;34;0.019934455068997492;0.023091657114196404;-9.295387499334581e-06;0.0008878932103163921;0.005104555386214189;0;0;234;Луч;Luch;17534.510959757154
4082576;6980564;34;0.026154489451582857;0.0381458463828522;-0.00030015939830929997;0.002711334233030797;0.015684575951465756;0;0;234;Луч;Luch;17534.588489458307
4083360;6868857;10;0.047821216129212626;0.05142979278497128;-0.000639391766911382;0.0014059698946105369;0.0030099578586169837;0;2;336;Метзавод;Metzavod;0.08279432332688508
4083956;6885751;23;0.026464981554797228;0.032509807270868746;-0.0007443019112356427;0.0010111580792893755;0.01111010620867801;0;2;264;Латышская;Latyshskaja;0.46122798194432924
4084641;6865543;10;0.029112619758325346;0.03404863627663894;0.0007888528873768761;0.001488427837893923;0.006872906996467157;0;2;335;Созвездие;Sozvezdie;0.38066809626977594
4084685;7275662;43;0.03990248331366476;0.10112424611387758;-0.0008113426120042053;0.004822831318136574;0.026499752828040013;0;0;319;Бежецк;Bezhetsk;0.2426011736559271
4084818;6885984;7;0.032305281479831374;0.03284703933682163;-5.167016528027037e-06;0.0006988248928523297;0.0017711116946793337;0;2;244;Котово;Kotovo;0.39205101876617243
4093296;7104437;56;0.1351936814663087;0.3138523790988304;-0.0029293112943945473;0.019883647671381146;0.14186007254831184;0;4;4;Конаковская ГРЭС;Konakovskaja GRES;0.5508951618425469
4093777;7104184;3;0.22915287673284845;0.49935699470320144;-0.21247554670964822;0.2124755467096569;0.3856612604917451;0;3;354;Конаково;Konakovo;0.5030188849303264
4094223;7102113;43;0.0891307438774627;0.6969608492435947;-0.007251984859758497;0.019556098176268973;0.24950461093122184;0;4;354;Конаково;Konakovo;2118.386713002807
4094852;7105172;55;0.0654318842775312;0.20083672238872716;-0.0009347377296801167;0.01387646891265315;0.13890545326350665;0;0;310;Опытная;Opytnaja;0.22312859381278943
4096063;6750278;8;0.047094130263758596;0.05025131318916682;-0.0007457603594941207;0.0015117978301322985;0.005917892194192496;0;2;330;Станы;Stany;0.211371143240436
4097041;6752180;8;0.008574875249747677;0.009148227129793615;-0.0001367230257359653;0.00027397442886029696;0.0010758026141427113;0;2;351;Лафарж;Lafarzh;0.45054691327931
4099320;6975357;34;0.014079021651944926;0.017595286934944877;6.861178905132205e-05;0.0010201468394650283;0.004867561616435593;0;0;234;Луч;Luch;0.5203812919007957
4105514;6137128;26;0.07139480370453123;0.07967607069002265;0.00031742812664552216;0.002105496755011249;0.009979016507094554;0;2;787;Шебекино;Shebekino;0.4232656142919803
4109897;7013007;35;0.08635182861041157;0.6972150130064741;-0.008382205645546856;0.0243031980459189;0.5101535709775298;0;4;205;Радищево;Radischevo;11227.30490679049
4109902;7013022;35;0.0010301192006879115;0.008494585255619636;-0.00010171889766304102;0.00029439500789557344;0.006253351148772489;0;0;205;Радищево;Radischevo;11211.620771549573
4114767;7023123;55;0.0729682646855513;0.2541035367031277;-0.0011888001199800984;0.013319136948204266;0.1870601795536035;0;0;205;Радищево;Radischevo;0.587598544917181
4117725;5405305;11;0.05736769717343282;0.08959243779452104;-0.005929900349379888;0.007246059915721807;0.021626004677156377;0;2;1097;Вышестеблиевская;Vyshesteblievskaja;0.43253579178384666
4118323;6757716;32;0.047440628114056776;0.05334683889333513;-6.252374585733715e-05;0.0013848092407518263;0.009046785148919108;0;0;328;Шипово;Shipovo;0.3918802113065513
4123052;6753588;72;0.20441255454531695;0.9711813375493994;-0.010124112883695888;0.022762219580793722;0.5022647844175994;0;4;9;Алексинская ТЭЦ;Aleksinskaja TETs;0.3818749144516036
4124974;6958416;12;0.041663332364145454;0.05250976349388695;0.0010243038770106506;0.0038606830985448565;0.021356175961589223;0;2;1921;Слобода;Sloboda;0.40558941154801054
4124974;6958416;12;0.041663332364145454;0.05250976349388695;0.0010243038770106506;0.0038606830985448565;0.021356175961589223;0;2;276;Слобода;Sloboda;0.40558941154801054
4126427;6919647;13;0.03918967615874887;0.04095854160354228;-7.385317430521146e-05;0.0007086955349104116;0.002817004877497725;0;2;198;Встреча;Vstrecha;0.5969593385192961
4126929;6967246;12;0.015709965924055585;0.018135832440316718;-0.00030586764242483797;0.0007720626492163902;0.0034662551558718602;0;2;1921;Слобода;Sloboda;9044.034545737335
4126929;6967246;12;0.015709965924055585;0.018135832440316718;-0.00030586764242483797;0.0007720626492163902;0.0034662551558718602;0;2;276;Слобода;Sloboda;9044.034545737335
4131416;7504871;20;0.002871987716866623;0.003594448532062834;-1.2623327982508551e-05;0.0001709201593405582;0.000771380503860576;0;2;935;Октябрьская;Oktjabr'skaja;0.582602780387264
4132319;7505315;45;0.03801981177589347;0.07287932951163897;-0.0006136498207950737;0.00415066313879746;0.025565132951188986;0;0;1867;ОРУ Череповецкая ГРЭС 220 кВ;ORU Cherepovetskaja GRES 220 kV;0.3970904800463903
4134552;7142169;31;0.04145567150451632;0.05376385794062041;0.00017804459360141255;0.003401396541735456;0.02133915672527012;0;0;318;Алмаз;Almaz;0.44591748121445385
4136256;6987282;7;0.03372000709774098;0.03625345245003574;-8.364217493645258e-05;0.0014113827754866914;0.0034444175672666555;0;2;338;Сигма;Sigma;0.4995749507419639
4136256;6987282;7;0.03372000709774098;0.03625345245003574;-8.364217493645258e-05;0.0014113827754866914;0.0034444175672666555;0;2;231;Сигма;Sigma;0.4995749507419639
4138906;6814433;30;0.04233234925205865;0.0464663645878863;0.00017477245884802746;0.0009160022256268726;0.003972016220360378;0;0;615;Протон;Proton;0.3240424206702372
4139805;6811328;7;0.007717083679934399;0.008145027354369462;-0.00012203725856885311;0.00017610358969254573;0.0006948843035661069;0;2;603;ГПП;GPP;0.6217216824666794
4142182;5401852;6;0.17136696147953837;0.18377727763628296;0.006005149159624479;0.007668125553902549;0.01630348769704973;0;2;1051;Тамань;Taman';0.6763635688692041
4145712;6978207;34;0.033003201720057704;0.048075821746572774;-0.0004032487419741997;0.003930338884537082;0.02043919047425139;0;0;280;Омега;Omega;0.4648792546785768
4146043;6937076;11;0.016477999197105134;0.016756949343961085;-4.195841409128328e-06;0.0002446482040231547;0.000629173193623999;0;2;282;Подушкино;Podushkino;0.14737710307676485
4148533;6927396;13;0.02843531458220098;0.031629812717395504;-0.000313426590085944;0.0006438294776196408;0.002403321811245092;0;2;288;Ново-Внуково;Novo-Vnukovo;0.2962054709502562
4150813;7088392;56;0.0760291940546691;0.18147761946667992;-0.0016185129468542585;0.009803423467212373;0.03844229799911081;0;0;337;Темпы;Tempy;0.4859514391306909
4150813;7088392;56;0.0760291940546691;0.18147761946667992;-0.0016185129468542585;0.009803423467212373;0.03844229799911081;0;0;216;Темпы;Tempy;0.4859514391306909
4151174;6862895;53;0.09224630698062107;0.21335374338703877;-0.0013468502721528147;0.009809252992671855;0.1007961515680727;0;0;248;Бугры;Bugry;0.19750253252234587
4154080;6820461;57;0.0007402183453077017;0.0021678702077999254;-1.7933067958247004e-05;7.921531516935094e-05;0.0009686375161821955;0;0;229;Ока;Oka;4156.206482216572
4154096;6820449;45;0.039513274462599654;0.07995058204746879;-0.0006036459177764768;0.0032434148628684265;0.042117008554272355;0;0;229;Ока;Oka;4136.760251261733
4154098;6820451;57;0.02723505204426236;0.18506184539619175;-0.0023556964717003676;0.004169618175252026;0.08615379360655384;0;0;229;Ока;Oka;4135.716351204353
4154134;6820513;12;0.0009281109171847076;0.0013010564273668794;-5.8629883827797655e-05;0.00014843614470401833;0.00046938812952297324;0;2;229;Ока;Oka;4127.864193650172
4154146;6820499;12;0.06610385692611088;0.11755587219498423;-0.007267296927745746;0.013451515505910734;0.03240912725436139;0;2;229;Ока;Oka;4111.167037036948
4155110;6956128;40;0.019603791965949382;0.03097659677790164;-9.316194103994682e-05;0.0011969373529088438;0.009155118881620967;0;0;273;Красногорская;Krasnogorskaja;0.3646401511280462
4155817;6965986;13;0.04361423378992014;0.051197752069887005;-0.0009038868637678977;0.0020961871405875293;0.009396927887275544;0;2;350;Западная;Zapadnaja;0.5257909944420492
4156315;6937607;7;0.01681373464086497;0.0171031389302885;2.399706039427116e-05;0.00029782107020569676;0.0005045582934348654;0;2;237;Союз;Sojuz;0.28771035931211353
4156766;6906636;37;0.055459675237151826;0.061556770917976;0.0001467286421910647;0.0020001457464542335;0.014464426815522888;0;0;227;Лесная;Lesnaja;0.3547403125405035
4156990;6751996;9;0.05063148147045136;0.052757659068356486;0.0002701637743236514;0.0015403817548985017;0.004594131531687862;0;2;329;Приокская;Priokskaja;0.47660928493158744
4157224;6937123;7;0.016970600884722555;0.017389515882279185;-3.679390202893707e-05;0.0003388367548257185;0.0009031864713379065;0;2;236;Сколково;Skolkovo;0.3386811039690134
4157895;6818811;57;0.060156824161506965;0.11068931953654959;0.0005984792401853598;0.0051407927269881;0.09686436950172063;0;0;229;Ока;Oka;0.32682945057458024
4159023;6958772;14;0.013912030537318959;0.01640847076553424;0.00025050404347156876;0.0007500589772537557;0.0026102867729645395;0;2;292;Ильинская;Il'inskaja;0.3598860106492204
4159817;6930328;32;0.018552357816234558;0.02052195279437868;-2.294581540707334e-06;0.000506749352058588;0.002265308657506619;0;0;240;Чоботы;Choboty;0.525971338765815
4161375;6963510;28;0.013688241258743364;0.030258395263560195;-0.0003745886036690554;0.0017690516203671374;0.02050619993276552;0;0;243;Пенягино;Penjagino;0.3781954256839414
4161483;6955089;15;0.017194789857765964;0.018943440038891857;-0.0001557685140944796;0.0006350333445424746;0.002021371729114039;0;2;187;ГТЭС Лыково;GTES Lykovo;0.1398287896393102
4163333;6962019;15;0.01944038078204299;0.023997447332514424;-0.0003326740433458268;0.0013111163004573111;0.0049251930677007595;0;2;200;Герцево;Gertsevo;0.5994932938668324
4163645;6967891;20;0.023252732341973607;0.03742409150883863;-0.0013795785260502906;0.0019120849979720612;0.01417336752914158;0;2;277;Куркино;Kurkino;0.3201288791793006
4164831;6930951;14;0.012683788226046473;0.013021111463533885;-1.6385061469932785e-05;0.00025071022801583594;0.0007554152893866749;0;2;283;Говорово;Govorovo;0.4054550528106672
4165887;5356823;9;0.06005804754136136;0.07154439773868457;-0.0040682749878653375;0.0039640932712329885;0.016398650728307436;0;2;1099;Бужора;Buzhora;0.4394069312806583
4166077;6974444;46;0.02281578654462466;0.039918553425918116;-0.00023409630147688327;0.002592775520898278;0.013274022124064956;0;0;253;Старбеево;Starbeevo;0.08722017936746271
4166663;6970665;9;0.18187233022924257;0.5004674568870502;-0.04739684455023063;0.1192734243608909;0.47059411339684837;0;4;253;Старбеево;Starbeevo;3824.1560700899927
4166679;6970650;9;0.18119663055447718;0.49860692093575737;-0.04722041693990903;0.1188302582580102;0.46884463447590574;0;4;253;Старбеево;Starbeevo;3841.4547620928824
4167187;6930178;12;0.011955920500542014;0.01492006410228906;-0.0005423616757407936;0.0009272658501769823;0.0042207583256042;0;2;283;Говорово;Govorovo;2479.640337306005
4167415;6929611;12;0.012917063129109493;0.016982636255573735;-0.0007767416334646876;0.0011989642169975927;0.003573182899155024;0;2;283;Говорово;Govorovo;2910.9167467990246
4167864;7006938;56;0.06244895460503453;0.13622073131024343;-0.0011739843038503597;0.007467898644902397;0.04785948708550379;0;0;348;Белый Раст;Belyj Rast;0.3429251250699733
4167864;7006938;56;0.06244895460503453;0.13622073131024343;-0.0011739843038503597;0.007467898644902397;0.04785948708550379;0;0;311;Белый Раст;Belyj Rast;0.3429251250699733
4167877;6940601;69;0.1757272952240347;0.9499620644962962;-0.008606694915583411;0.017874979917640865;0.3110932887352761;0;4;340;Очаково;Ochakovo;0.3606664524984449
4167877;6940601;69;0.1757272952240347;0.9499620644962962;-0.008606694915583411;0.017874979917640865;0.3110932887352761;0;4;305;Очаково;Ochakovo;0.3606664524984449
4168286;6724966;49;0.03791109879231663;0.08564764837847821;-0.00030168034591020393;0.0037678359846984658;0.04775224135006932;0;0;327;Ленинская;Leninskaja;0.41532788320795316
4168502;6939815;41;0.008264311846769306;0.010116138617975931;4.62897137524151e-05;0.00037147805210851803;0.00303045905225156;0;0;16;ТЭЦ-25;TETs-25;0.31476178477052724
4169238;6934785;12;0.010865522342138756;0.011320985132589374;-6.188408802620287e-05;0.00021616970448734183;0.0006268608276814493;0;2;290;Никулино;Nikulino;0.06328040858401172
4171245;6968096;15;0.016265442648947866;0.018895458491674025;-0.0002936181177156094;0.0008753140292969852;0.004198077171115951;0;2;279;Левобережная;Levoberezhnaja;0.44491622821769944
4172610;6941226;11;0.36591590948784075;0.4997621249386404;-0.05352402825308122;0.049174063036885915;0.48811485063568305;0;4;285;Матвеевская;Matveevskaja;166.75751445971252
4172616;6941220;11;0.3659807797804638;0.4998548977133437;-0.05353484985753826;0.049184062351099664;0.4882122201164183;0;4;285;Матвеевская;Matveevskaja;158.2741262139306
4172725;6941106;14;0.015892690733036768;0.019157495813892814;-0.0006258771504508041;0.0013916715060052838;0.00989184601796522;0;2;285;Матвеевская;Matveevskaja;0.561808525969628
4173928;6961996;11;0.016521492322906256;0.01927811620053855;-0.0003361825387058265;0.0008400508913240942;0.0038721667330164408;0;2;251;Яшино;Jashino;0.6479251903417514
4174702;6953629;7;0.008828972848627256;0.00910162968930218;-2.1171562517188015e-06;0.00020174202387840314;0.00048644637712105115;0;2;11;ТЭЦ-16;TETs-16;0.08323034242513445
4174710;6926132;45;0.02423696104633649;0.057020673045880606;-0.00028508681170746057;0.0019857109119199405;0.016953348468281004;0;0;263;Ясенево;Jasenevo;0.36406510209521536
4174894;6963469;13;0.012542714874807452;0.014765845912772925;-0.00016969633789258804;0.0007308040645815538;0.003161657981758813;0;2;221;Новобратцево;Novobrattsevo;0.20026232829717255
4174894;6963469;13;0.012542714874807452;0.014765845912772925;-0.00016969633789258804;0.0007308040645815538;0.003161657981758813;0;2;339;Новобратцево;Novobrattsevo;0.20026232829717255
4174938;6949710;7;0.014247506600806623;0.014596766722283338;-2.344411864488227e-05;0.0002849645414156416;0.0007267554847703913;0;2;217;Мневники;Mnevniki;0.4024728795097693
4175458;6970785;56;0.09082604457233777;0.706445083656178;-0.004657648145270863;0.02969275085268025;0.65375498488591;0;4;13;ТЭЦ-21;TETs-21;0.37707837345307316
4175763;7023131;18;0.02463967595732343;0.028961688567018803;-0.00022427034301656659;0.0012843645282763396;0.006548277490178101;0;2;222;Шуколово;Shukolovo;0.2963379829446369
4175773;6952402;7;0.01047473030657593;0.011025372395358042;4.7213240677794365e-06;0.00031558589746052734;0.000891392707245111;0;2;287;Ваганьковская;Vagan'kovskaja;0.393925790845358
4175906;6929354;10;0.006713879279868459;0.0094068030663296;-0.00027961070404315306;0.0005547151382050713;0.0025832559150387093;0;2;281;Коньково;Kon'kovo;2805.4360880010618
4176083;6970973;4;0.3989138183815665;0.6511742843720393;-0.20819280123339992;0.17883461001658132;0.4725380339121471;0;3;13;ТЭЦ-21;TETs-21;652.7255769374252
4176097;6970970;3;0.5069438925671016;0.7002920897357631;-0.27764963531370057;0.2776496353138149;0.5305539497492751;0;3;13;ТЭЦ-21;TETs-21;665.3000148717147
4176247;6929735;10;0.004653508161067279;0.006685857347613306;-0.0001900978780452535;0.00040506648907421384;0.00217350381475161;0;2;281;Коньково;Kon'kovo;2409.7619880103457
4176809;6930256;10;0.003911861943109882;0.005632992487720516;-0.00015399240058324337;0.00035899030661047925;0.001934104121047366;0;2;281;Коньково;Kon'kovo;1862.9636066388264
4176905;6930273;10;0.011606046143435316;0.01621961904384112;-0.0003243042705801121;0.0011963530874284547;0.006279090278876185;0;2;281;Коньково;Kon'kovo;1771.323014263848
4177276;6950221;10;0.01354165286190381;0.01462762335938182;0.00013490484281764104;0.00046628582000417636;0.0017018935342577573;0;2;284;Магистральная;Magistral'naja;0.14375152341781772
4177458;6948091;43;0.14396935873398972;0.7066724414504917;0.009543471664400281;0.033491952891135046;0.6931457140216463;0;4;271;Пресня;Presnja;0.2171921051692463
4178507;6973762;14;0.012586509230442505;0.014917961431857328;-0.00030129987897274294;0.0006894724162256371;0.003269778420163884;0;2;202;Щедрино;Schedrino;0.5806047262053194
4178647;6929952;16;0.016492591093452295;0.017222601605100047;-2.623252262862648e-05;0.000493523096948998;0.0013698658341058413;0;2;281;Коньково;Kon'kovo;0.08520311145176546
4178767;6958517;28;0.013105666637860655;0.016088717004196333;0.00018024950427705837;0.0008081757136909467;0.004243661510659006;0;2;275;Гражданская;Grazhdanskaja;0.504186164352877
4179456;6954205;3;0.01131224240372263;0.011345128041388463;-1.4995553166083963e-05;4.932845649875152e-05;6.432400966483592e-05;0;2;262;Белорусская;Belorusskaja;0.10228919922903083
4179999;6933857;5;0.01554897758615438;0.015730788037955513;1.560317883585813e-05;0.00015842972293670515;0.00040307068960649013;0;2;294;Котловка;Kotlovka;0.45745253431614374
4180209;6969471;14;0.008845466512426434;0.0103634106741278;-0.00019495190258832324;0.0004450061072530034;0.002203973232522331;0;2;201;Дубнинская;Dubninskaja;0.6802218621868846
4180398;6980166;13;0.01574707098296422;0.018763613223852327;-0.00042880270621268235;0.0008670493491211699;0.004159626703937576;0;2;347;Хлебниково;Hlebnikovo;0.4028560543290371
4180398;6980166;13;0.01574707098296422;0.018763613223852327;-0.00042880270621268235;0.0008670493491211699;0.004159626703937576;0;2;209;Хлебниково;Hlebnikovo;0.4028560543290371
4180638;6439125;49;0.0717894781028769;0.12403156624268943;-0.0004011489225541001;0.006997870421168302;0.051146847488256236;0;0;635;Ливны;Livny;0.3970779401481125
4180777;6943879;7;0.012164730480754987;0.01624160695747442;9.534480053172878e-06;0.002047733828268789;0.007323787180643755;0;2;268;Золотарёвская;Zolotarevskaja;0.09786541885210287
4181084;7039477;38;0.0305376493055107;0.06112930886059496;-0.00019177362121231142;0.0036948715094591413;0.02081011522635396;0;0;245;Дмитров;Dmitrov;0.4476132489235333
4181096;6946365;6;0.014099403074280066;0.018132879722576618;-0.0007438929440670895;0.0011448112160693676;0.0048223149202382826;0;2;8;ТЭЦ-12;TETs-12;0.6106711889960893
4181151;6688115;47;0.00838847664710222;0.032663880245826456;-0.0003649028788122183;0.001066798273436799;0.022715635520741496;0;0;325;Яснополянская;Jasnopoljanskaja;0.5339191884577944
4181826;6385303;33;0.04367043172178618;0.04752263384226667;6.483530882509581e-05;0.001413064079711717;0.006861343412591557;0;0;639;Черемисино;Cheremisino;0.4091490927833962
4182013;6687844;47;0.03230872056209092;0.13218798179080898;-0.0015299655365591887;0.0044321729601510965;0.09429218873961781;0;0;325;Яснополянская;Jasnopoljanskaja;903.3657514391408
4182023;6687876;47;0.03321968096523246;0.11851077839894691;-0.0012610043413820728;0.003934797441809519;0.07848836607522883;0;0;325;Яснополянская;Jasnopoljanskaja;903.9122734387197
4182030;6687869;47;0.011673727116357271;0.0192658748244059;-3.89956961524483e-05;0.00098462367376317;0.008954136407673178;0;0;325;Яснополянская;Jasnopoljanskaja;912.529327349645
4182915;6961446;13;0.012154217385494678;0.01489842828000239;7.584772067266589e-05;0.000857241475718333;0.003406075916260548;0;2;289;Марфино;Marfino;0.14756164930167082
4182933;6961529;9;0.006860120468522416;0.007707059507195367;-0.00021992294686492433;0.0004645048891301156;0.0016011696319983204;0;2;289;Марфино;Marfino;84.87896426364968
4183295;6896533;42;0.04248912528275831;0.06731404619612381;-0.00023242196988446318;0.0017342903180994325;0.015075854561072084;0;0;210;Гулево;Gulevo;0.3566302857387037
4183295;6896533;42;0.04248912528275831;0.06731404619612381;-0.00023242196988446318;0.0017342903180994325;0.015075854561072084;0;0;346;Гулево;Gulevo;0.3566302857387037
4183821;6958058;3;0.9983802207043925;0.9983810680781348;1.2710606134781503e-06;1.271060613539099e-06;2.542121227078198e-06;0;1;892;Бутырки;Butyrki;69.1186849946888
4183821;6958058;3;0.9983802207043925;0.9983810680781348;1.2710606134781503e-06;1.271060613539099e-06;2.542121227078198e-06;0;1;199;Бутырки;Butyrki;69.1186849946888
4183853;6957997;85;0.286837609961397;0.98662469564413;-0.012624654048798908;0.023691682275944707;0.34949494636313994;0;4;892;Бутырки;Butyrki;0.3268260254974635
4183853;6957997;85;0.286837609961397;0.98662469564413;-0.012624654048798908;0.023691682275944707;0.34949494636313994;0;4;199;Бутырки;Butyrki;0.3268260254974635
4183979;6917778;23;0.012391383588689386;0.013600092558821579;5.0067471484354055e-05;0.0004361824644647882;0.0018181979646124669;0;2;304;Боброво;Bobrovo;0.3414042921288836
4184091;6917864;13;0.013998287566999952;0.014421362559800192;5.097555079137526e-05;0.0002367555545556327;0.0006361428315577681;0;2;291;Бутово;Butovo;0.44046704820982
4184094;6940663;56;0.013772602133878363;0.03193213644884733;-0.0001652573076597387;0.0013435017724397354;0.00851576013708254;0;0;12;ТЭЦ-20;TETs-20;0.5149345784993457
4184363;6963256;3;0.9083978605404764;0.9084481581409878;7.54464007670213e-05;7.54464007670097e-05;0.0001508928015340194;0;1;272;Владыкино;Vladykino;665.9311615432125
4184558;6934447;18;0.011154278943937357;0.012001633121735035;-2.9485843241186646e-06;0.00030515706861061173;0.0009162984715930574;0;2;278;Академическая;Akademicheskaja;0.4513021716360595
4184669;6963848;32;0.010977309410831509;0.01306502022295087;-7.492580963862863e-06;0.0008024317279648403;0.003501959975795485;0;0;272;Владыкино;Vladykino;0.49549479356250414
4184854;6260114;38;0.07940204968794327;0.11492234018205935;2.713070080343494e-05;0.005647263281685882;0.0631799073409347;0;0;782;Лебеди;Lebedi;0.1927664909283481
4185453;6968176;65;0.10668578722898911;0.9570374394995967;-0.004920036602917045;0.018053406824143775;0.2629361798581965;0;4;877;Бескудниково;Beskudnikovo;0.3816666879277362
4185453;6968176;65;0.10668578722898911;0.9570374394995967;-0.004920036602917045;0.018053406824143775;0.2629361798581965;0;4;307;Бескудниково;Beskudnikovo;0.3816666879277362
4186170;6936676;56;0.019461419496242464;0.05726129108683398;-0.0005222974133863894;0.001987257712346956;0.013648210691129349;0;0;278;Академическая;Akademicheskaja;2750.9991700613823
4186178;6936673;56;0.014962721741278436;0.038812068500825476;-0.00040713660917602554;0.0012938627907120167;0.014133438104631427;0;0;278;Академическая;Akademicheskaja;2753.269884424412
4186197;6936709;56;0.0012510789497813689;0.0033710694369285515;-2.892578988663743e-05;0.00012630691540770956;0.0007805749578824218;0;0;278;Академическая;Akademicheskaja;2793.562989065843
4186198;6936711;56;0.0007250299946650128;0.0020001288189948918;-1.8457997672958973e-05;7.352195182943354e-05;0.00042683927495549266;0;0;278;Академическая;Akademicheskaja;2795.7692477882524
4186205;6936708;56;0.0012595966203175228;0.0030478692976480056;-2.5343413846431558e-05;0.00010053611231998936;0.0011128320462872637;0;0;278;Академическая;Akademicheskaja;2797.4571357356826
4186212;6936728;56;0.0005811021164470806;0.0016112697452375269;-1.5091755457813695e-05;5.908437213981863e-05;0.00033761934361036634;0;0;278;Академическая;Akademicheskaja;2817.750149690091
4186219;6936726;56;0.0005411038389235812;0.0013220044894257173;-1.117343138584538e-05;4.3716058749693566e-05;0.00048361856221222643;0;0;278;Академическая;Akademicheskaja;2820.2495386540763
4186529;6697049;56;0.09245035878705307;0.24915930423661545;-0.0022413230837192697;0.01171077817920532;0.1456207842892155;0;0;326;Тула;Tula;0.3269037934605692
4186608;6958003;10;0.012124470298385922;0.013811562469304978;0.000587699306836886;0.0011092224378889356;0.006433682780583333;0;2;295;Мещанская;Meschanskaja;0.4369309440360633
4188262;7504813;52;0.10826085407106308;0.25577819259727974;-0.0024455246680763934;0.01422616340948616;0.06961527212627225;0;0;316;Череповецкая;Cherepovetskaja;0.5264411265088754
4188453;6970341;6;0.00946968390609653;0.01012359291699232;-8.884508161221951e-05;0.000269797999901044;0.0007848802335673859;0;2;877;Бескудниково;Beskudnikovo;3699.7151783180566
4188453;6970341;6;0.00946968390609653;0.01012359291699232;-8.884508161221951e-05;0.000269797999901044;0.0007848802335673859;0;2;307;Бескудниково;Beskudnikovo;3699.7151783180566
4188604;6951812;23;0.015892613820312804;0.019093790621137748;-0.00010780629069516116;0.0006829672461748072;0.003567276605886951;0;2;345;Центральная;Tsentral'naja;0.26616793472530775
4188604;6951812;23;0.015892613820312804;0.019093790621137748;-0.00010780629069516116;0.0006829672461748072;0.003567276605886951;0;2;228;Центральная;Tsentral'naja;0.26616793472530775
4188634;7504675;12;0.011783637911548782;0.018081599824344437;-0.000362742000822614;0.0014284260235474253;0.0051767448257717275;0;2;316;Череповецкая;Cherepovetskaja;396.5294550744509
4188714;6926304;47;0.027526217242004887;0.06978223366702961;-0.0008095501756196682;0.0034818985484074525;0.03625331958413126;0;0;225;Чертаново;Chertanovo;0.3648061537269466
4189068;6921532;42;0.03412598238822913;0.03997242867990831;0.0003125075359906014;0.0014821071066723913;0.014258082529093292;0;0;10;ТЭЦ-26;TETs-26;0.3430063854716038
4189374;6934268;72;0.17360150663362603;0.964801070906486;-0.009688647583842488;0.018290652746669044;0.46657685603230925;0;4;213;Южная;Juzhnaja;0.47734668749985454
4190038;7505066;12;0.03702124083543631;0.058485033202944514;-0.0012667840033634035;0.005052524747480133;0.01674899101996556;0;2;316;Череповецкая;Cherepovetskaja;1793.4940119623452
4190075;6274975;8;0.028413177173845713;0.03762653013715738;0.0017525002046808466;0.002383708050947985;0.012765722949192638;0;2;864;Губкин новый;Gubkin novyj;0.2057534433942799
4190075;6274975;8;0.028413177173845713;0.03762653013715738;0.0017525002046808466;0.002383708050947985;0.012765722949192638;0;2;865;Губкин;Gubkin;0.2057534433942799
4190284;6932588;12;0.033275649059506175;0.03461472018497337;0.00020865864072636646;0.0010484556812209974;0.0032979536636401595;0;2;20;ГТЭС Коломенское;GTES Kolomenskoe;0.45338059188848484
4190437;6971435;9;5.930273466163275e-16;1.5715732652327897e-15;-7.165570062319844e-18;5.681478880230547e-16;1.4567524002472535e-15;0;2;196;Тайнинка;Tajninka;4008.6195757580685
4190444;6971426;9;5.993490126983129e-16;1.5693360684419874e-15;-1.0010616668640552e-17;5.7145131318294825e-16;1.4584594598083614e-15;0;2;196;Тайнинка;Tajninka;4007.132688762728
4190681;6944287;6;0.016654835339511755;0.017044206860808108;0.00023379100556749992;0.0003964265902107092;0.0014317264667351101;0;2;259;Кожевническая;Kozhevnicheskaja;0.3856911834766657
4191104;6944454;37;0.014535150759680563;0.015635431467993555;3.395021010702864e-05;0.000440338259959402;0.0020299312339994383;0;0;261;Павелецкая;Paveletskaja;0.25448734901958364
4191218;6669879;71;0.20421200229307704;0.9834726794497656;-0.010971141253896591;0.02919503043519787;0.37504128027827016;0;4;1;Щекинская ГРЭС;Schekinskaja GRES;0.544732685287675
4191227;6670177;55;0.028583813678621083;0.165526675548545;-0.0015592819591197895;0.0070680785596897965;0.1513488020724631;0;0;194;Блок 2 Щекинской ГРЭС;Blok 2 Schekinskaja GRES;0.43949695180253057
4191495;6669644;55;0.005505929038379374;0.010423419475862077;-5.817218077894695e-05;0.0004322185664211609;0.0028904180670195744;0;0;1;Щекинская ГРЭС;Schekinskaja GRES;363.39308734878585
4191607;6274531;58;0.14855069929639123;0.6459322781831556;-0.006044215596097375;0.02069078593151111;0.19481781705136458;0;4;863;Губкин;Gubkin;0.374783362378394
4191607;6274531;58;0.14855069929639123;0.6459322781831556;-0.006044215596097375;0.02069078593151111;0.19481781705136458;0;4;779;Губкин;Gubkin;0.374783362378394
4192392;6963664;42;0.01705311428144088;0.027980519465869998;-0.00015322018302025355;0.0015752548857786148;0.006596436877679565;0;0;269;Свиблово;Sviblovo;0.2352173685022311
4192476;6972302;14;0.013681136059417513;0.017402592747157743;0.00041586983823269715;0.0005892432532768904;0.001652256682765505;0;2;196;Тайнинка;Tajninka;1832.2876107628101
4192998;6952839;40;0.013332068285893672;0.019992231802929132;-7.509735460056464e-05;0.0011241262041586486;0.005189327061092363;0;0;266;Елоховская;Elohovskaja;0.445737557338554
4193278;6669540;55;0.0006059516821486707;0.0011471431108380854;-6.402104086622935e-06;4.756755227921599e-05;0.00031810320794455803;0;0;1;Щекинская ГРЭС;Schekinskaja GRES;2087.5543534318485
4193282;6669561;55;0.03603508454423845;0.06711893151988899;-0.0003604694371282321;0.0027753574801969837;0.019058554025163647;0;0;1;Щекинская ГРЭС;Schekinskaja GRES;2088.1953133584825
4193321;6968395;6;0.009564446233241472;0.010149345623527414;-7.802884484530128e-05;0.0002398992393675619;0.0007187589359308917;0;2;197;Бабушкин;Babushkin;0.35440496623851564
4193566;6973344;12;0.012548391621533395;0.01464766964368323;-0.00027512161910478287;0.0006876224961735356;0.0030589412225026542;0;2;196;Тайнинка;Tajninka;350.8612115312689
4193633;7497811;32;0.01032439826127436;0.013420290090168503;4.459344451000481e-05;0.000856026783913308;0.005238449857096872;0;0;927;ГПП-3;GPP-3;0.27578691116107057
4193745;6669472;55;0.0020144537093356478;0.011665547127540156;-0.00010989091105077179;0.0004981251708582523;0.01066635681180758;0;0;1;Щекинская ГРЭС;Schekinskaja GRES;2559.411421466265
4193745;6669488;55;0.1225103851521501;0.7019983067013649;-0.006630647583518337;0.03003112427388946;0.6407989879953774;0;4;1;Щекинская ГРЭС;Schekinskaja GRES;2556.9128082772045
4193836;6973482;7;0.01850909482703487;0.022035533328435438;-3.151541956419071e-05;0.0031180586519056392;0.008281094067972726;0;2;196;Тайнинка;Tajninka;66.64866508592641
4193836;6973483;10;0.005182626110994648;0.006264820743078769;-0.00023532549360476477;0.00034999942180130323;0.0015074239345085078;0;2;196;Тайнинка;Tajninka;67.0224377185446
4193898;6973458;31;0.0018530496170609382;0.004135750339113746;-1.1947351068940292e-05;0.0002747238541871339;0.003259952700738416;0;0;196;Тайнинка;Tajninka;0.4814123493612296
4194012;6952795;8;0.01840561041545693;0.020676411100934433;0.0011282298896550765;0.0012129912077890658;0.0036239895750033273;0;2;298;Красносельская;Krasnosel'skaja;0.3959410692927384
4194914;7500179;43;0.010875531194670463;0.027401076169690182;-0.00021700848661298684;0.0012999537536767867;0.007593754577542808;0;0;926;ГПП-2;GPP-2;2283.594534034867
4194920;7500081;43;0.010844970731067365;0.027304976760104828;-0.00021619349144312127;0.0012959513528356147;0.007568531758899733;0;0;926;ГПП-2;GPP-2;2185.416038257735
4194951;7500198;43;0.0005809597908847258;0.0014912124536406147;-1.188875609041357e-05;6.994773034561862e-05;0.00041128152753252807;0;0;926;ГПП-2;GPP-2;2300.985989021611
4195010;7500122;43;0.0008972676883621558;0.002301503205419902;-1.8344537270697982e-05;0.00010800211684330341;0.0006348838094654215;0;0;926;ГПП-2;GPP-2;2223.693322397169
4195031;7497898;43;0.006459955301973977;0.016575809322579443;-0.00013213626882208206;0.0007776780500137923;0.00457209128626364;0;0;926;ГПП-2;GPP-2;0.40703681780471934
4195055;6700312;40;0.018457178344942416;0.03693135848970399;-3.9626438978928874e-05;0.0009696509050579253;0.01430621347194579;0;0;617;Металлургическая;Metallurgicheskaja;0.5480784072059859
4195444;6974466;26;0.025817610974208906;0.03714254687539687;0.0005617526811242725;0.0016369023198007865;0.01012847520582669;0;2;17;ТЭЦ-27;TETs-27;0.554743417297996
4195958;6947112;8;0.016627965901926948;0.01698656186872038;4.0746947966210506e-05;0.00022580387561293346;0.0005511013443199389;0;2;233;Горьковская;Gor'kovskaja;0.2228912969560412
4196185;6974314;12;0.0047935071830130195;0.005966495164145291;-0.0001869816640128562;0.0002870659351369721;0.0014430789777725153;0;2;17;ТЭЦ-27;TETs-27;756.0542170659145
4197082;7498001;48;0.009413214090375068;0.034046827993103226;-0.00035712497950577207;0.0015913516558927828;0.013542424454149049;0;0;923;ГПП-1;GPP-1;0.45793830160949406
4197205;6930936;28;0.019027679402514135;0.02106053493161133;-6.900721215682517e-05;0.0004979602742198317;0.0023026872862857116;0;0;224;Сабурово;Saburovo;0.3605660698134854
4197992;6695932;40;0.036969912815428066;0.11981774296759728;-0.0003386428438871447;0.0032804252633258923;0.06403097933384291;0;0;617;Металлургическая;Metallurgicheskaja;5273.555039570449
4198174;5345211;49;0.057016304760364095;0.21245084274793755;-0.001170411213533854;0.010783017887021523;0.15720142567939854;0;0;1111;Кирилловская;Kirillovskaja;0.5028827006897724
4199314;7012641;39;0.02738572461137782;0.06089659200181179;-0.00048517951503959157;0.004219287936744035;0.024746639156978972;0;0;235;Радуга;Raduga;0.455053797820959
4199438;6933487;11;0.01543842495911481;0.01606173482863941;0.00015508528011488762;0.00032695428978325985;0.001104899976534044;0;2;296;Перерва;Pererva;0.27832673246146133
4200478;6990286;49;0.026589727409637574;0.05654021866294349;-0.00041978191356438293;0.0031769185960132166;0.021941163730555588;0;0;254;Уча;Ucha;0.25011087646878516
4200646;6903566;58;0.06394442625099876;0.10716350315675792;2.644210733456853e-05;0.004491260011089383;0.03370720001823621;0;0;308;Пахра;Pahra;0.31206079704846074
4201459;6943743;9;0.017505764187343356;0.01837481626905655;0.0001884895914614612;0.0005723477261510282;0.0022078796390944642;0;2;297;Ново-Кузьминки;Novo-Kuz'minki;0.375722996382681
4201461;6903525;21;0.08436085415183754;0.4266048089009033;-0.007327828391083429;0.02384509203617994;0.21605231509228964;0;4;308;Пахра;Pahra;816.0276707209416
4201537;6903518;21;0.0846570017719332;0.42377815495588483;-0.007512893527872112;0.023976535745961074;0.21126432211992288;0;4;308;Пахра;Pahra;892.2901310573175
4201578;6903497;21;0.002046349494810129;0.009853185495351946;-0.0001660061413836822;0.000557169022075467;0.005177707220907893;0;2;308;Пахра;Pahra;934.5550960656971
4201582;6903507;21;0.0013233975263039933;0.006240938844536711;-0.00010895492778414044;0.0003582110451299881;0.003235176652852407;0;2;308;Пахра;Pahra;937.8586503212151
4201616;6955625;8;0.019423392644257305;0.0198271522880243;6.937513650470643e-05;0.0002668065190407983;0.0006924813166244749;0;2;204;Абрамово;Abramovo;0.5399853716472048
4204464;6959714;55;0.049463463704738066;0.1682826327040834;-0.001749245230054056;0.00655404722636036;0.05718440783592782;0;0;15;ТЭЦ-23;TETs-23;0.4242185397879345
4204676;6928304;34;0.01857645050200502;0.020631823987846767;9.736807959786132e-05;0.000491372272541071;0.0016914287722766055;0;0;267;Борисово;Borisovo;0.46223999124355214
4206762;6973295;55;0.01698519632990359;0.041364716046800525;9.316671765566742e-05;0.0025198004995041273;0.028641934682421568;0;0;218;Хвойная;Hvojnaja;0.4342157643503603
4206762;6973295;55;0.01698519632990359;0.041364716046800525;9.316671765566742e-05;0.0025198004995041273;0.028641934682421568;0;0;315;Хвойная;Hvojnaja;0.4342157643503603
4207193;6934759;23;0.01017677155472372;0.011177652989667464;7.475445538950025e-05;0.00025102693110915826;0.0009853149379231742;0;2;255;Иловайская;Ilovajskaja;0.41441946310483824
4207452;6933499;39;0.0076789153386981664;0.01404151815363747;0.00014463749547699781;0.00044178925015254234;0.0034757370731222526;0;0;265;Капотня;Kapotnja;0.2948283911467351
4207671;6932235;6;0.004806856029725345;0.004960554804260506;-4.221777718913817e-05;8.757539453450747e-05;0.0002306729738246532;0;2;242;Битум;Bitum;0.26051199651959783
4208336;6935424;63;0.09075387524609692;0.5123818292662247;-0.003150796251445647;0.01060343859906708;0.22081064992466298;0;4;875;Чагино;Chagino;0.23087702221464995
4208336;6935424;63;0.09075387524609692;0.5123818292662247;-0.003150796251445647;0.01060343859906708;0.22081064992466298;0;4;874;Чагино;Chagino;0.23087702221464995
4208380;6960341;41;0.014450448511911714;0.03579885395083826;-0.0003005254141689827;0.0011417608927835718;0.00903519238494634;0;0;270;Гольяново;Gol'janovo;0.18727501345406083
4209096;7492167;21;0.013489727476118272;0.016832369053847718;-4.756973705807941e-06;0.000737761469236246;0.0037417435518760523;0;2;932;ГПП-6;GPP-6;1252.3645243273666
4209106;7492170;21;0.009744073824871854;0.012363202211945213;-2.4009157108699595e-05;0.000568875772167894;0.0025868811095111598;0;2;932;ГПП-6;GPP-6;1247.2410970593066
4209147;6931529;6;0.0060773673663110815;0.006271690622681818;-5.337645641575178e-05;0.0001107226514678818;0.00029164268593486354;0;2;349;Нефтезавод;Neftezavod;0.5482155147579724
4209147;6931529;6;0.0060773673663110815;0.006271690622681818;-5.337645641575178e-05;0.0001107226514678818;0.00029164268593486354;0;2;220;Нефтезавод;Neftezavod;0.5482155147579724
4209153;7492118;21;0.004767079419965291;0.006070421311981706;-1.1689107797742117e-05;0.00028270071793426736;0.0013030379703686656;0;2;932;ГПП-6;GPP-6;1177.3090610344539
4209407;6932304;5;0.008089331723753639;0.0083790698774073;-7.961632766880766e-05;0.00015765348807628664;0.0003896388695968922;0;2;241;Крекинг;Kreking;0.3647988634790677
4209427;6931063;25;0.00879759869326404;0.009812834360503526;6.966083391813015e-05;0.0002253416115235335;0.0010227954955874235;0;2;349;Нефтезавод;Neftezavod;543.1690386420803
4209427;6931063;25;0.00879759869326404;0.009812834360503526;6.966083391813015e-05;0.0002253416115235335;0.0010227954955874235;0;2;220;Нефтезавод;Neftezavod;543.1690386420803
4209519;6930795;31;0.009786420383429797;0.013987755174133799;-0.00019127303554031017;0.0007484618981111919;0.004304833888096205;0;0;14;ТЭЦ-22;TETs-22;406.0171408971414
4209532;6930516;25;0.0022198425636397612;0.0024752571520885052;1.7619602024888242e-05;5.64550100208736e-05;0.0002579498725215441;0;2;14;ТЭЦ-22;TETs-22;226.13725633449025
4209641;6930639;31;0.001423920312866825;0.0020456923187971003;-3.201672458234183e-05;0.0001116453575982857;0.0006289217870606694;0;0;14;ТЭЦ-22;TETs-22;208.5293857052228
4209752;6930462;56;0.016446328840364864;0.029521345491079872;-6.241001650442498e-06;0.0010604532359622556;0.011123525327409381;0;0;14;ТЭЦ-22;TETs-22;0.42603157247688384
4210001;7491302;49;0.015230936555942159;0.05273063301696537;-0.00079003685434618;0.0027143977514111142;0.015092278732144603;0;0;932;ГПП-6;GPP-6;0.4677561002388573
4210318;7496429;26;0.013160544959914781;0.017177400789504613;0.00010577251153847433;0.0006956595646027025;0.003809530489124543;0;2;931;ГПП-5а Агро-Череповец;GPP-5a Agro-Cherepovets;1311.938395263735
4210334;7496453;26;0.0003907700594418037;0.0005109139742301059;3.1270466043302615e-06;2.078315577651009e-05;0.00011389286657730811;0;2;931;ГПП-5а Агро-Череповец;GPP-5a Agro-Cherepovets;1333.6257427656174
4210500;7495130;26;0.004651684401380996;0.006107510245643864;3.504332121439626e-05;0.0002511672518229161;0.0013375927106879376;0;2;931;ГПП-5а Агро-Череповец;GPP-5a Agro-Cherepovets;0.2763457612831131
4210660;6960945;10;0.0025436128353418753;0.0026734946639870734;-7.168335296514775e-06;6.405787657343679e-05;0.00019974974779044582;0;2;270;Гольяново;Gol'janovo;2358.4884974628235
4210834;6960815;10;0.004481653570868558;0.004708292506831215;-1.2118782445294535e-05;0.00011182562015939134;0.0003487571172306929;0;2;270;Гольяново;Gol'janovo;2499.193327508647
4211045;7489759;38;0.018675534223493166;0.041367771239362895;-0.00011515526387233131;0.002362586139158561;0.015220249721220897;0;0;89;ТЭЦ ЭВС;TETs EVS;0.42135302491350635
4211155;7492722;21;0.005234424161526781;0.006664383767407862;-1.326600087208235e-05;0.000310101846147294;0.0014194805561052251;0;2;925;ГПП-12;GPP-12;0.5984690155107408
4211169;6960483;10;0.004333455377466096;0.0045484303923023165;-1.0750388669688041e-05;0.00010616741602944207;0.0003312018585876547;0;2;270;Гольяново;Gol'janovo;2792.436840371207
4211292;6960343;10;0.002421055747052313;0.002530571245711351;-3.5480949354457324e-06;5.438449864863378e-05;0.00016979248867722476;0;2;270;Гольяново;Gol'janovo;2911.8219256441143
4211317;6960316;10;0.010915104331960433;0.011236477241711196;8.160978167923841e-05;0.00016243627537948483;0.00038727389083680584;0;2;293;Парковая;Parkovaja;2894.7252512742652
4211349;7493616;52;0.028301925717067765;0.08482970726639193;-0.0009140139946262442;0.00459879595486486;0.027982451676110777;0;0;930;ГПП-5 Азот;GPP-5 Azot;0.2725799892117862
4211630;6957438;10;0.013084361853573326;0.013460657108532446;7.508796646689011e-05;0.0003289280276375656;0.0006765383397947175;0;2;293;Парковая;Parkovaja;0.26565455147161976
4211682;6940135;25;0.011178784045740986;0.012455388261396385;9.914895079833149e-05;0.0002362628191835824;0.0011628261188854662;0;2;247;Жулебино;Zhulebino;0.5413395438838492
4212016;6947377;38;0.021877783111386585;0.035042754673299516;-5.2051293948360715e-05;0.0010487261398895882;0.009709142766006505;0;0;256;Баскаково;Baskakovo;0.3483853328623042
4212030;7495958;26;0.008207250641013016;0.010800302229843765;5.8461602349732635e-05;0.00044733986573450876;0.0023128994256881906;0;2;931;ГПП-5а Агро-Череповец;GPP-5a Agro-Cherepovets;1739.876058563782
4214558;6952165;81;0.2548103244131568;0.9604366111573873;-0.012166928249606777;0.0158724099333163;0.3413027992231034;0;4;212;Восточная;Vostochnaja;0.3741841907996469
4215139;7492676;42;0.0005364747126524611;0.001231265326757083;-1.0980948139402595e-05;6.270988326555347e-05;0.00042056525267232243;0;0;928;ГПП-3;GPP-3;156.89081790584342
4215173;7492674;42;0.009685295695369425;0.021961284103260533;-0.0001948168414968892;0.0011204344785921848;0.007478276872820971;0;0;928;ГПП-3;GPP-3;146.44770787946297
4215194;7492529;52;0.020415387036538432;0.09446152100263201;-0.0008185835063637085;0.0029833863447230533;0.03115966130128682;0;0;928;ГПП-3;GPP-3;0.0659061470680193
4215248;7492638;42;0.009889698594319613;0.02241949584188796;-0.0001988610201513137;0.0011438504875819612;0.007633853432806648;0;0;929;ГПП-3а;GPP-3a;108.24452811834857
4215355;7492624;42;0.001627031769431105;0.0037338664437891527;-3.3298905364663365e-05;0.00019017306568206224;0.0012753537427824032;0;0;929;ГПП-3а;GPP-3a;0.3462190056820988
4215717;7498754;52;0.05966470573852945;0.154173290475472;-0.0014903753137777815;0.007867941004879853;0.039916728314713684;0;0;938;РПП-2;RPP-2;0.514493246390183
4216887;7490967;63;0.12397539416897872;0.6962570326503271;-0.00696421269276324;0.025991058994463977;0.22256609977955166;0;4;922;ГПП-1;GPP-1;0.6177907732327892
4216973;7528623;18;0.0738784668883425;0.09640090485719162;0.0018151368090902318;0.007300381137521078;0.02613271793949498;0;2;921;Белозерская;Belozerskaja;0.2675146546025175
4216973;7528623;18;0.0738784668883425;0.09640090485719162;0.0018151368090902318;0.007300381137521078;0.02613271793949498;0;2;847;Белозерская;Belozerskaja;0.2675146546025175
4217357;6941963;14;0.028354468323447766;0.031886607250551764;-0.00035165351756043483;0.0011487152151440025;0.005239162485226517;0;2;250;Руднево;Rudnevo;0.47315309411666756
4218097;7492711;47;0.029386527240969892;0.06346750064480686;-0.0006649767530543732;0.003749433559421091;0.020448309252472777;0;0;924;ГПП-11;GPP-11;0.614645913396617
4218847;6956286;11;0.016293194878410668;0.01874189001174611;-0.0003017939666716927;0.0007290947993125335;0.00378360534315564;0;2;207;Горенки;Gorenki;0.49683213301480667
4218847;6956286;11;0.016293194878410668;0.01874189001174611;-0.0003017939666716927;0.0007290947993125335;0.00378360534315564;0;2;344;Горенки;Gorenki;0.49683213301480667
4219578;6237101;45;0.1237009663829613;0.17450469542612945;-0.0003296776820701556;0.010721386261773352;0.1294812131317787;0;0;848;Металлургическая;Metallurgicheskaja;0.1738171736406151
4219578;6237101;45;0.1237009663829613;0.17450469542612945;-0.0003296776820701556;0.010721386261773352;0.1294812131317787;0;0;866;Металлургическая;Metallurgicheskaja;0.1738171736406151
4219718;6237516;44;0.003703885062702596;0.013094295818802516;-0.00013901694237794155;0.0004262968247116655;0.008558895954095848;0;0;848;Металлургическая;Metallurgicheskaja;437.84664805407795
4219718;6237516;44;0.003703885062702596;0.013094295818802516;-0.00013901694237794155;0.0004262968247116655;0.008558895954095848;0;0;866;Металлургическая;Metallurgicheskaja;437.84664805407795
4220153;6237533;45;0.0399982021776605;0.13352981294779478;-0.0015577745997855223;0.004479190668961047;0.08766337167545368;0;0;848;Металлургическая;Metallurgicheskaja;719.027486409858
4220153;6237533;45;0.0399982021776605;0.13352981294779478;-0.0015577745997855223;0.004479190668961047;0.08766337167545368;0;0;866;Металлургическая;Metallurgicheskaja;719.027486409858
4220310;7492064;29;0.011251097041455108;0.014566451356931997;1.2001538125221887e-05;0.0006803293709156614;0.003756950558081543;0;0;933;ГПП-7;GPP-7;0.4932031211678927
4220995;7494006;59;0.08999387847528925;0.33776729243001796;-0.004640331536833022;0.022882207465713244;0.20112460326164172;0;4;937;РПП-1;RPP-1;0.3142233105319861
4221128;7493924;8;0.0009554272222996674;0.0010404587082621024;-2.7943385296894005e-06;4.431362663533928e-05;0.00010611060423180605;0;2;937;РПП-1;RPP-1;156.55687125031267
4221166;7494041;8;0.0009366759575674974;0.001024163513524912;-3.765934360793361e-06;5.4889022401651364e-05;0.00011181511867450395;0;2;937;РПП-1;RPP-1;174.80535499801985
4221303;7493932;8;0.0018283698798677174;0.001998029546601413;-6.935704011679825e-06;0.00010659642726180976;0.00021850281194919232;0;2;937;РПП-1;RPP-1;317.0752212571677
4221309;7493877;8;0.013831413306837946;0.015056538240181461;-3.6719280608021566e-05;0.0006387359603962876;0.0015450579951230142;0;2;937;РПП-1;RPP-1;339.77997783136584
4221392;7493903;8;0.006285311249985099;0.006867560233179763;-2.1022638863593927e-05;0.00032746603930142604;0.0007381460154433283;0;2;937;РПП-1;RPP-1;410.45504082050866
4221396;6942428;12;0.019599186563123788;0.02080879482716507;-8.450431007257843e-05;0.0006805129785116889;0.0024099236169585793;0;2;353;Каскадная;Kaskadnaja;0.127718950260697
4222326;5369625;5;0.05139082491361725;0.060507850113845;-0.005972056952309481;0.005061658407071843;0.014283702394434154;0;2;1103;НПС-8;NPS-8;0.38622559481816104
4222447;7480398;37;0.018348690304367945;0.028897836479711034;-9.61288701131157e-05;0.0023127440479038617;0.011232482496927721;0;0;934;Зашекснинская;Zasheksninskaja;0.44750367425559384
4222845;5355857;34;0.07505582462817928;0.09946810580734984;-0.0005394233425790219;0.004945790343219904;0.05292451252194213;0;0;1118;Нагорный;Nagornyj;0.30206577075816177
4222846;5355880;11;0.031259034870770835;0.03560584560751622;-0.0006281232606609037;0.0011581130359517675;0.00344258071310128;0;2;1118;Нагорный;Nagornyj;23.292742297568022
4222851;5355882;15;0.15741053587076648;0.31363157856902524;-0.017781303904233024;0.057483158182415624;0.2193003057722524;0;4;1118;Нагорный;Nagornyj;25.950600065349448
4222853;5355831;11;0.03432481389944451;0.03936999056922453;-0.0006921605737750078;0.0012575227351093224;0.00411256743662855;0;2;1118;Нагорный;Nagornyj;26.903011796742337
4222853;5355865;15;0.0016268791384927578;0.003209194659911826;-0.00018613597092492524;0.0005892850284045008;0.0022400586757953716;0;2;1118;Нагорный;Nagornyj;11.426007340669468
4223251;6251169;37;0.040290385410567287;0.05835411643850567;-2.734289916893183e-05;0.002146922727941079;0.01773107153736471;0;0;778;ГПП ОЭМК;GPP OEMK;0.48373439954228714
4223417;6919304;37;0.020982194521081767;0.022906515323888064;1.7384848961176035e-05;0.0006671191829302551;0.0025284924170005697;0;0;223;Мячково;Mjachkovo;0.510404555007909
4223417;6919304;37;0.020982194521081767;0.022906515323888064;1.7384848961176035e-05;0.0006671191829302551;0.0025284924170005697;0;0;343;Мячково;Mjachkovo;0.510404555007909
4223837;7010542;68;0.14231714088067599;0.9467945713309527;-0.008194498015092892;0.019333304509114736;0.3584399171595887;0;4;214;Ново-Софрино;Novo-Sofrino;0.06125177670014635
4224211;5328766;34;0.042835631042513644;0.053942991403060296;-3.728215993921004e-05;0.0024854820451362565;0.028672153067295994;0;0;1108;Восточная;Vostochnaja;0.5136080999891828
4225761;7040602;50;0.07108249655765672;0.16510958537835163;-0.0012332136339844742;0.009900916717039892;0.04718199987468025;0;0;239;Ярцево;Jartsevo;0.4721504948407523
4226452;6268223;3;0.0434653652041429;0.06115883776719437;-0.024929412800327694;0.024929412800334488;0.04663723351218354;0;2;1915;Старый Оскол;Staryj Oskol;0.479009395885994
4226471;6267968;45;0.0989839744981983;0.33509616591041785;-0.003694567326473611;0.011550753605615001;0.22123336404451346;0;4;827;Старый Оскол;Staryj Oskol;0.519332822075529
4226608;6984298;54;0.08237852418539277;0.16969353247293503;-0.0014123864847237222;0.010002329862186847;0.06842774725203195;0;0;309;Трубино;Trubino;0.3119354110201275
4229754;5363204;61;0.11716462918208236;0.41340620439178005;-0.0045920904456522625;0.026212101695451684;0.2535367073592682;0;4;1112;Крымская;Krymskaja;0.4551597722431094
4232293;6834330;3;0.03921304743578032;0.039575897186142364;-0.000294888201847642;0.00029488820184760123;0.0004987728473909089;0;2;249;Ступино;Stupino;0.4337999784019198
4233157;7486525;30;0.018615375460765183;0.02561992206638396;0.00021618832057049758;0.0015851149970719511;0.009814587582976972;0;0;936;Первомайская;Pervomajskaja;0.4792006872597165
4233666;6911666;8;0.022446156742647445;0.02288426959454156;8.560371982561802e-05;0.00045955201963599417;0.0009691623502842521;0;2;215;Стекольная;Stekol'naja;0.2546374070229519
4239486;5874454;47;0.12031120809183003;0.4967564576322903;-0.004770877849678353;0.026303291234768954;0.46149058360613693;0;4;905;Донбасская;Donbasskaja;0.4180635968673313
4240976;7471154;37;0.039944741285459245;0.062410281635600785;-0.00014594415528677022;0.004931240146459338;0.024110808620650424;0;0;936;Первомайская;Pervomajskaja;17245.8322237233
4241031;7471161;37;0.00062796554587616;0.0009996853610087437;-3.556570758483556e-06;7.973319982130522e-05;0.0003880232715478629;0;0;936;Первомайская;Pervomajskaja;17264.609453017256
4241262;7470763;37;0.0372106516679164;0.06000767579252344;-0.00022385364956638222;0.004720490187551072;0.023232318944261754;0;0;936;Первомайская;Pervomajskaja;17724.176438926923
4241345;7470791;37;0.0007913676177648631;0.0012332399213893367;-3.8121663451205234e-06;9.902487796828514e-05;0.0004799566449400788;0;0;936;Первомайская;Pervomajskaja;17737.443823381425
4242337;5405286;43;0.08617070087997811;0.40176919022315516;-0.0025136300164407496;0.014505418763087495;0.1781532097059179;0;4;1104;Славянская;Slavjanskaja;0.37466021928900906
4242431;7069982;12;0.16489685632522316;0.30682217190000266;-0.005712056161328869;0.04719750527553212;0.20578451970891148;0;4;18;Загорская ГАЭС;Zagorskaja GAES;10997.166665032173
4242515;7069982;12;0.16489757188125292;0.30686566155193695;-0.005715788037194478;0.04720051458254695;0.20582086016735363;0;4;18;Загорская ГАЭС;Zagorskaja GAES;10935.031577169535
4242527;7069942;12;0.00306047820436641;0.006245280565338645;-0.00011412815780112685;0.0009525036565049682;0.0045269318368182;0;2;18;Загорская ГАЭС;Zagorskaja GAES;10899.20345930356
4242547;7069970;12;0.001759351077553188;0.003590651245237631;-6.56405204798457e-05;0.0005475929563836617;0.002602774315545897;0;2;18;Загорская ГАЭС;Zagorskaja GAES;10903.326087909816
4243913;5360008;11;0.011600043397430022;0.013210596991057156;-0.00023191364180622572;0.0004290484597884446;0.0012839823346228515;0;2;1107;АЭМЗ;AEMZ;0.06385491452521769
4244284;6925454;52;0.03825817924944542;0.11258840027608531;-0.0003778450610093706;0.005353512860363685;0.06340067184681875;0;0;341;ЦАГИ;TsAGI;0.1124037812166383
4244284;6925454;52;0.03825817924944542;0.11258840027608531;-0.0003778450610093706;0.005353512860363685;0.06340067184681875;0;0;208;ЦАГИ;TsAGI;0.1124037812166383
4244915;5363045;5;0.006705205743706316;0.007272603243535155;-0.0002690740640078372;0.0002720302077161955;0.0008204976576744816;0;2;1061;Кубанская;Kubanskaja;527.0093485783542
4244970;5363768;5;0.034069991406913684;0.037107420329893406;-0.0014414841238804277;0.001447310730276409;0.004430847519669018;0;2;1061;Кубанская;Kubanskaja;511.6001846061177
4245314;5363389;11;0.13591399774822188;0.1418204518458982;-0.0003770558677854254;0.002651544766780853;0.009328619872183752;0;2;1061;Кубанская;Kubanskaja;0.3083657731173408
4245965;7054003;43;0.0575287477243911;0.10867695441507685;-0.0008173632770254526;0.0065712961606786205;0.02890291600573272;0;0;260;Заря;Zarja;0.2143824606957598
4246343;6558969;39;0.035251986345096804;0.05707471182545285;0.00030993432410560953;0.0018947034873692018;0.02297830280416021;0;0;616;Звезда;Zvezda;0.2774463918991625
4246620;6691772;15;0.050110399319750455;0.10119274224823631;-0.0019263584764040102;0.01662773251655509;0.05781000971911106;0;2;614;Северная;Severnaja;1707.620146311495
4246998;6817268;14;0.039312425402613496;0.04104412043018685;0.00018786364607530263;0.0010179912049904014;0.0027906168115141225;0;2;286;Образцово;Obraztsovo;0.40609221813932045
4247145;6691403;15;0.028719743056044876;0.04107899661734583;-0.002311912889103855;0.004662715992984621;0.02112490535357656;0;2;614;Северная;Severnaja;1073.613935773937
4247886;6690626;59;0.12913727203243114;0.6824374658530459;-0.005284821696069823;0.03382582051668504;0.5961324217509627;0;4;614;Северная;Severnaja;0.6174842595895924
4248253;6698088;49;0.032377965257728;0.04135549461591447;0.00035069380734034986;0.0027950706569479116;0.022572628513420994;0;0;323;Химическая;Himicheskaja;0.3230283735751606
4249034;6110856;54;0.1807777548931036;0.4132756050393992;-0.0036908301435696848;0.025416620780013728;0.21571770553878544;0;4;777;Валуйки;Valujki;0.25565109050988827
4251098;7062950;34;0.04863075952322732;0.06073923142331203;6.497024479122434e-05;0.004211956393063113;0.024400664891443317;0;0;1893;ОРУ Загорская ГАЭС 500 кВ;ORU Zagorskaja GAES 500 kV;0.5560585959058014
4254930;6447195;25;0.0513858698011942;0.05532323262630137;0.00011696275232088988;0.0012484157645050993;0.006005720720780622;0;2;653;Маяк;Majak;28061.9572795078
4255884;6644836;60;0.06456746325983499;0.29302173238105617;-0.0011410631497992501;0.011009360991241104;0.17337069431235008;0;0;612;Бегичево;Begichevo;0.42564131727834986
4256609;6691236;85;0.29770440042763335;0.9375693625018465;-0.011569767387378485;0.020841183950466406;0.29231296727215256;0;4;0;Новомосковская ГРЭС;Novomoskovskaja GRES;0.2976019486089683
4257109;6686668;3;0.0325395512580331;0.03261456360745445;-0.00010615438209985398;0.00011251852413201105;0.00021867290623185653;0;2;620;Гипсовая;Gipsovaja;0.5050796474239302
4258123;6809634;56;0.09863574912867315;0.1816628778364836;-0.0008527599619851015;0.006764018968759206;0.0566987772287004;0;0;5;Каширская ГРЭС;Kashirskaja GRES;0.15050597956684084
4258659;6809309;56;0.02237218144239267;0.03684829224544563;-0.00024739654066701397;0.0015098030303119297;0.013162727353538552;0;0;352;Новокаширская;Novokashirskaja;0.3467792676402724
4263534;7228896;81;0.30235259013595994;0.939126492842333;-0.011878407687912299;0.026474989179550112;0.33909002260472887;0;4;1865;ОРУ Угличская ГЭС 220 кВ;ORU Uglichskaja GES 220 kV;0.5846613543713455
4264046;6399661;29;0.035973311473020735;0.056143988501751146;0.0003221169039733781;0.0023307082608042783;0.022404403334379028;0;0;664;Тербуны;Terbuny;0.5437792666403708
4264250;6414576;22;0.03560132277615902;0.03692589495848466;3.269533929168331e-05;0.0007326801188893066;0.0030877098466860348;0;2;664;Тербуны;Terbuny;14916.826608877904
4264395;6414375;22;0.014380506637822622;0.015224753614318598;3.686706986291653e-05;0.0004266844968462714;0.002023621977868798;0;2;664;Тербуны;Terbuny;14718.573234805313
4265938;6806374;3;0.006556736121101491;0.0066348817578409745;-5.843956396403176e-05;5.911821832637861e-05;0.00011755778229040163;0;2;301;Сельская;Sel'skaja;0.10522784669958986
4268146;6809461;3;0.010587169716122896;0.010675767732838161;-7.390377696975474e-05;7.390377696974391e-05;0.00011798649620630743;0;2;301;Сельская;Sel'skaja;3795.4504358336567
4268151;6809452;3;0.023107273067606997;0.023416401157193855;-0.00023268396659900434;0.0002326839665989667;0.0004620163355626532;0;2;301;Сельская;Sel'skaja;3791.0502554925233
4268181;6809495;3;0.02188771360303249;0.021927593085812026;-4.3178647474977915e-05;5.981922416929859e-05;0.00010299787164427462;0;2;301;Сельская;Sel'skaja;3843.4759740461345
4269539;7233943;44;0.03971749646833372;0.1803726184214671;-0.001601359635970652;0.008343986800737202;0.08023284022039189;0;0;590;Вега;Vega;0.255412782626359
4269969;6485471;37;0.11876574637873057;0.15197513710209073;0.0012634065890696597;0.006495465328391952;0.07645718869741597;0;0;856;Елецкая;Eletskaja;0.5080330406363125
4269969;6485471;37;0.11876574637873057;0.15197513710209073;0.0012634065890696597;0.006495465328391952;0.07645718869741597;0;0;832;Елецкая;Eletskaja;0.5080330406363125
4274686;6667262;36;0.028500735574123803;0.04537427681512161;0.00028988911086195117;0.0011791634895095872;0.017892134649962026;0;0;613;Люторичи;Ljutorichi;0.6114733858695208
4276472;6465179;36;0.02833846584690114;0.03123720974761369;-3.726416071792074e-05;0.0008661903566015238;0.003604720788027725;0;0;653;Маяк;Majak;0.42384569164933916
4277421;5768080;59;0.10481999446525533;0.6747626456309122;-0.0044079067869738624;0.03387783543238404;0.588880971603039;0;4;1048;Амвросиевка;Amvrosievka;0.590630179840355
4278208;6798944;56;0.04832630312801684;0.08966834848382965;-0.0008213301667010487;0.0035275904654399515;0.028218682963707012;0;0;301;Сельская;Sel'skaja;14344.198740784284
4278233;6798899;35;0.0006133460897639877;0.000667492876528194;2.434582953445717e-06;1.596458709895989e-05;5.2380003142651703e-05;0;0;301;Сельская;Sel'skaja;14388.915096667908
4278242;6798889;35;0.0005965730188828555;0.0006590517925530374;-5.477295326554086e-07;1.6308068503535337e-05;8.414234907118314e-05;0;0;301;Сельская;Sel'skaja;14401.800804472949
4278252;6798951;56;0.0006683181410560741;0.0011328695515998295;-7.659457044756515e-06;4.5599489237537765e-05;0.0003603876660080187;0;0;301;Сельская;Sel'skaja;14378.239226460155
4278278;6798863;35;0.03218166403130267;0.035582937105117285;-3.061230466452124e-05;0.0008834291507889706;0.004559410041955578;0;0;301;Сельская;Sel'skaja;14446.070066260852
4278567;6799010;21;0.0652436501783169;0.08698042737587877;-0.0023499560247496336;0.0074887104970079495;0.033331217863805204;0;2;301;Сельская;Sel'skaja;14619.110178205718
4278594;6799024;56;0.0013174752761862315;0.0018786861710879549;2.3974389657301215e-05;8.18332223520303e-05;0.0013542809832949197;0;0;301;Сельская;Sel'skaja;14635.405149551483
4278661;6798935;35;0.06657337534473817;0.07313385560625822;0.0001777210549022118;0.0016527612769793119;0.005391191937612477;0;0;301;Сельская;Sel'skaja;14738.10293447289
4278760;6799041;35;0.0010905601811965013;0.0011978337367725264;2.942027753600951e-06;2.6963822211576854e-05;8.810808818161603e-05;0;0;301;Сельская;Sel'skaja;14770.742083677394
4282432;6947666;45;0.041833439748852765;0.08672003739906807;-0.0005336143624662602;0.004037103929543941;0.0424339662949475;0;0;252;Шибаново;Shibanovo;0.19841048200886416
4284190;6960523;66;0.14796143663095074;0.9742812981671727;-0.006325168307049991;0.023765162362935896;0.3147781090594576;0;4;876;Ногинск;Noginsk;0.2854071136296746
4284190;6960523;66;0.14796143663095074;0.9742812981671727;-0.006325168307049991;0.023765162362935896;0.3147781090594576;0;4;306;Ногинск;Noginsk;0.2854071136296746
4288638;5799163;57;0.08925351297138069;0.3136309218857278;-0.0020624631789962163;0.015844135662692282;0.1845043058834796;0;4;1047;Южная;Juzhnaja;0.18487739298874453
4291621;6462155;52;0.0665719572196508;0.13065341087353693;-0.0004587300503314005;0.0072532912862840445;0.06367909013147294;0;0;646;Елецкая-220;Eletskaja-220;0.5541422298571781
4293220;5888324;68;0.30106424677903654;0.8611070552486867;-0.008626017409881467;0.04620943569434562;0.3600399069419496;0;4;1142;Михайловка;Mihajlovka;0.3272413178438496
4293220;5888324;68;0.30106424677903654;0.8611070552486867;-0.008626017409881467;0.04620943569434562;0.3600399069419496;0;4;904;Михайловка;Mihajlovka;0.3272413178438496
4293546;6923255;54;0.05687477256075197;0.21606926396683976;-0.00065500916631725;0.008979660778530822;0.13224287768783172;0;0;219;Нежино;Nezhino;0.49297611463763413
4296983;7006843;57;0.03807352660374824;0.061080470475454854;-0.00013928981107000607;0.004756750903213752;0.030375586018247566;0;0;211;Дальняя;Dal'njaja;0.4499488201918322
4297584;7004900;25;0.040231081798366757;0.07240963190887319;-0.001494485556213321;0.0050809251319697225;0.014467048639020492;0;2;211;Дальняя;Dal'njaja;2034.059685469785
4300846;6880180;54;0.03924902685894994;0.10264261164093051;-0.0004378416920160725;0.003976554157290448;0.04573242540281816;0;0;246;Федино;Fedino;0.47964007452312374
4307077;6464062;7;0.12824604833648312;0.16066542842453857;-0.005659043166342857;0.03510792068764384;0.06582358550993707;0;2;646;Елецкая-220;Eletskaja-220;15573.71115578078
4307080;6464085;7;0.001279826518806737;0.0016136749169867956;-5.411989619416927e-05;0.0003524184386223144;0.0006654304817313412;0;2;646;Елецкая-220;Eletskaja-220;15579.521519645292
4307879;7047812;62;0.04686014788754453;0.31945320532761207;-0.0014123008343498074;0.007945683516474775;0.1427696999557046;0;0;321;Александров;Aleksandrov;0.5042909692349874
4307879;7047812;62;0.04686014788754453;0.31945320532761207;-0.0014123008343498074;0.007945683516474775;0.1427696999557046;0;0;1939;Александров;Aleksandrov;0.5042909692349874
4310855;6842662;62;0.05989151168206485;0.29884554002845903;-0.0019180449132072208;0.007822210948211552;0.08315057509729284;0;0;230;Голутвин;Golutvin;0.3431793856609852
4313103;7313247;36;0.038518012913714345;0.054673779840775885;-9.921352527754339e-05;0.004369893123005846;0.022003715154861957;0;0;591;Венера;Venera;0.1693725488523259
4315199;5298782;9;0.052548619829114684;0.05649053820850338;-0.0009195382526767305;0.001390914548570538;0.004403801615998029;0;2;117;Джубгинская ТЭС;Dzhubginskaja TES;0.5176448402062812
4316158;7320200;47;0.02069204732180875;0.05966300217734649;-0.0009102787503833514;0.0030313991949568408;0.02479299932410457;0;0;596;Сатурн;Saturn;0.4095876576719482
4316796;6864682;41;0.03990891113248632;0.06717189169630212;-0.0004781153384337609;0.0024949450039784666;0.01568144584591813;0;0;232;Пески;Peski;0.22315270500453954
4317181;6970018;44;0.030570788494297584;0.060453376033019895;-0.00014774539891106793;0.0031222778815538682;0.020510196282024995;0;0;3;Электрогорская ГРЭС;Elektrogorskaja GRES;0.3217086882961166
4318315;6966083;3;0.018830832732650443;0.018930325230505907;1.6003074334366664e-05;0.00014923874678319897;0.0001652418211175559;0;2;300;Кроношпан;Kronoshpan;0.49340592706758035
4320238;6495167;37;0.054681446586456815;0.06092865500962114;0.00024002243982644534;0.00198263742020078;0.009474586823168839;0;0;651;КС-29;KS-29;0.3584463272303337
4320338;5356501;4;0.05209054416435284;0.05330730527065919;-0.0005587907231632001;0.0010350117932914928;0.001679690002959526;0;2;1105;Афипский НПЗ;Afipskij NPZ;0.27966626517752285
4321847;7318719;80;0.32260727402686185;0.9796662059360169;-0.013862969434817494;0.027386374325659112;0.3128756303371163;0;4;1866;ОРУ Рыбинская ГЭС 220 кВ;ORU Rybinskaja GES 220 kV;0.35408000307009685
4324259;5360441;39;0.0667531998871932;0.09183193153774946;0.00023695551826347677;0.005100457175303576;0.045323099097603;0;0;1842;Афипская;Afipskaja;0.43058826015572366
4329307;5700891;50;0.12009906072807555;0.681870874518155;-0.004872530737740675;0.022117738820032415;0.4463427652967126;0;4;1041;Т-15;T-15;0.11888565904009966
4330543;6799226;33;0.03347912902281361;0.03631139959230103;-2.4523970342606964e-05;0.0008110050276560043;0.0038592618010247354;0;0;258;Осётр;Osetr;0.5456333021938681
4330739;7107784;37;0.030754856944008296;0.04202968187201808;0.00025150063489607944;0.0027832422387403253;0.01737897120619297;0;0;598;Трубеж;Trubezh;0.2303115270917056
4331744;6327198;50;0.0750225255904663;0.1508499835341121;-0.0009098242175466946;0.0093015522236919;0.09787675779507772;0;0;652;Латная;Latnaja;0.3218054081976164
4335218;5692239;60;0.11460528712649266;0.5404749386886664;-0.005229908623802425;0.025980465500639982;0.19096614900213704;0;4;1040;Т-10;T-10;0.5619349171343655
4336596;5371584;12;0.029983496242621796;0.03786062329167741;-0.0008098904550589619;0.0013631008399172977;0.004459476209588267;0;2;1106;Яблоновская;Jablonovskaja;0.458177103756299
4336660;5360385;12;0.0007142151867027659;0.0009055725384368227;-1.94843600844904e-05;3.3066140052973055e-05;0.00011273999804886463;0;2;1106;Яблоновская;Jablonovskaja;11199.294921471175
4336672;5360413;12;0.0006613176083329193;0.0008385022839625529;-1.8041271945590225e-05;3.0617132012524435e-05;0.00010439003154966153;0;2;1106;Яблоновская;Jablonovskaja;11171.371056575379
4336683;5360395;12;0.027672286436406155;0.0350724090615829;-0.0007517329296565206;0.0012785911381298248;0.004356232955582125;0;2;1106;Яблоновская;Jablonovskaja;11189.451193579156
4336973;5534173;62;0.11330855535168186;0.6269094429402843;-0.004222734755667167;0.03235848627910891;0.5807372395461516;0;4;1138;Каневская;Kanevskaja;0.24725440363452653
4336973;5534173;62;0.11330855535168186;0.6269094429402843;-0.004222734755667167;0.03235848627910891;0.5807372395461516;0;4;1054;Каневская;Kanevskaja;0.24725440363452653
4338951;6895108;17;0.02612180856002612;0.02749462312761464;-0.00012511115520956605;0.0007420558052289646;0.0029566458740190593;0;2;274;Крона;Krona;0.3355866496612271
4339836;6962169;34;0.02210378374024509;0.02694803462854112;-6.038789561687828e-05;0.0016210141395598184;0.008016668596814769;0;0;226;Стачка;Stachka;0.4443838987834101
4340719;6719379;62;0.15792359331111175;0.4710887709640356;-0.00322889495008469;0.015787426382387865;0.20563093713720285;0;4;873;Михайловская;Mihajlovskaja;0.44082150576357054
4340719;6719379;62;0.15792359331111175;0.4710887709640356;-0.00322889495008469;0.015787426382387865;0.20563093713720285;0;4;322;Михайловская;Mihajlovskaja;0.44082150576357054
4340872;5483436;61;0.13021663847440826;0.41602850018960225;-0.002834518301490012;0.030720019225055115;0.2006431898822401;0;4;1053;Брюховецкая;Brjuhovetskaja;0.43388483440433534
4340872;5483436;61;0.13021663847440826;0.41602850018960225;-0.002834518301490012;0.030720019225055115;0.2006431898822401;0;4;1073;Брюховецкая;Brjuhovetskaja;0.43388483440433534
4341085;5398468;48;0.1234314539214247;0.5319887669015737;-0.00314390222888672;0.02902254386577844;0.27308461929435124;0;4;1059;Витаминкомбинат;Vitaminkombinat;0.4468400269781073
4341228;5398519;8;0.04045948437539194;0.050851174220020466;0.0010456611073377735;0.009381115326634961;0.030908294792114484;0;2;1059;Витаминкомбинат;Vitaminkombinat;151.90525424046615
4343392;5588622;56;0.11781883348032227;0.5811222229386427;-0.004536702321086943;0.03303614762174251;0.5730564038835053;0;4;1074;Староминская;Starominskaja;0.4526274068901854
4343392;5588622;56;0.11781883348032227;0.5811222229386427;-0.004536702321086943;0.03303614762174251;0.5730564038835053;0;4;1026;Староминская;Starominskaja;0.4526274068901854
4343443;5588345;6;0.04219586430935843;0.042447325398181544;-8.365910711452903e-05;0.00029519818358329927;0.0006252436898730451;0;2;1128;Староминская;Starominskaja;0.6361630129298159
4348200;5378344;61;0.18625043673868372;0.5268730507320207;-0.006360838257825515;0.04069134190042689;0.3568630092289721;0;4;107;Краснодарская ТЭЦ;Krasnodarskaja TETs;0.6567235787054055
4349221;5383754;3;0.033181299811986295;0.03343251276073674;-0.00013144430843886742;0.00037681942312567385;0.0005082637315645469;0;2;1058;Восточная Промзона;Vostochnaja Promzona;0.4018211804433992
4349227;5386120;5;0.02248967693242477;0.03941319814593319;-0.008434817072387591;0.007100975423165794;0.027965689349079875;0;2;1055;Кругликовская;Kruglikovskaja;0.2724614665130621
4349514;7383491;6;0.2559406119206214;0.2869378070502834;-0.0016474814134074922;0.019826781961815292;0.038158435289161186;0;2;595;Пошехонье;Poshehon'e;3267.787172686163
4349817;5389675;3;0.06285482194417101;0.07222458479994694;-0.009368330035979595;0.014054644283663882;0.023422974319646503;0;2;1055;Кругликовская;Kruglikovskaja;3603.6828649649924
4349823;5383480;35;0.04422331301118603;0.08860527818479925;-0.0005456535956002808;0.004260809887480982;0.04218138361540315;0;0;1058;Восточная Промзона;Vostochnaja Promzona;661.6054448534475
4349823;5383618;35;0.009934112300381378;0.010603648282831456;1.7518845567838063e-05;0.0002169100368558344;0.005375958838614512;0;0;1058;Восточная Промзона;Vostochnaja Promzona;617.4227014454484
4349823;5383631;35;0.1919579146584524;0.19718972785016356;0.0008654626990830278;0.005377412714194087;0.18167239585576384;0;0;1058;Восточная Промзона;Vostochnaja Promzona;614.6952861867735
4349824;5383743;35;0.6265840711002526;0.6436602633756391;0.0028246340182406754;0.017552851498564417;0.592978490240083;0;1;1058;Восточная Промзона;Vostochnaja Promzona;603.4102636354631
4349841;5386107;35;0.010649676499197208;0.01094851912831471;3.69421962885184e-05;0.00024007782213614424;0.007903055582968157;0;0;1055;Кругликовская;Kruglikovskaja;613.8817730100791
4349842;5386038;35;0.055083502252257284;0.056604001547002944;0.0002516011217895987;0.0015629488474803485;0.052826765077372204;0;0;1055;Кругликовская;Kruglikovskaja;620.1779162739002
4349865;5385832;35;0.6390070933225195;0.6564265206179828;0.0028814882998305365;0.01790609965835776;0.6049182647862555;0;1;1055;Кругликовская;Kruglikovskaja;699.7193321849229
4349869;5385998;35;0.27695422755582805;0.28453186585597723;0.0012540017911650003;0.007791505815505989;0.26326621600766875;0;4;1055;Кругликовская;Kruglikovskaja;653.2212600900942
4349870;5386047;35;0.16775874383923728;0.17239041160079446;0.0007664083806523526;0.004760922321874092;0.16091694595322784;0;0;1055;Кругликовская;Kruglikovskaja;646.867234317678
4349871;5386094;35;0.03670900409607398;0.0377343575364323;0.00012772905353350796;0.0008293038407528484;0.027304063212634705;0;0;1055;Кругликовская;Kruglikovskaja;644.2670460561432
4349873;5386200;35;0.01942862445120887;0.02160955113630922;-1.5872064378979347e-05;0.00015647026099121797;0.0012294984248932446;0;0;1055;Кругликовская;Kruglikovskaja;650.6950288992145
4349877;5399108;8;0.07840826019409905;0.10460199226740491;0.004818176787016401;0.019097733139760993;0.07182921813577042;0;2;1059;Витаминкомбинат;Vitaminkombinat;8815.459618083254
4349881;5386579;35;0.026306618938334175;0.10567770021219304;-0.00038935344825345486;0.004116216043658465;0.06324235202933448;0;0;1055;Кругликовская;Kruglikovskaja;798.8467172336694
4349885;5391083;3;0.027876148222346252;0.03922269023184778;-0.016057394703529928;0.01605739470353431;0.03018995278563264;0;2;1055;Кругликовская;Kruglikovskaja;5006.494056727264
4351978;7385637;10;0.06792046045752761;0.0820034465372166;-0.002026039760526399;0.005164475564826037;0.014167345076614213;0;2;595;Пошехонье;Poshehon'e;0.3498223700233345
4352370;7385847;45;0.20241041974290092;0.6918418262999948;-0.010544938584495546;0.06972689367339019;0.5746027543863645;0;4;920;Пошехонье;Poshehon'e;0.36095498409666016
4353696;5418853;8;0.038870998261210106;0.04109348949698166;-0.0004831525793233059;0.000901856630495335;0.0028651830108336954;0;2;1060;НПС-7;NPS-7;0.38666104142522484
4354275;5326741;42;0.05504402569165782;0.0804800480956764;0.0006062729849495356;0.003925432950465578;0.03541830023474502;0;0;1109;Горячий Ключ;Gorjachij Kljuch;0.5577526509489716
4359763;5246243;38;0.07651775082571677;0.10815203870924196;6.93205164788941e-05;0.004091567420937085;0.04200010894838138;0;0;1117;Шепси;Shepsi;0.05603302565642312
4363192;6268409;60;0.164799525135738;0.6825362025030738;-0.005260709424704571;0.02660923216827878;0.28664607846004453;0;4;1914;ОРУ Нововоронежская АЭС 220 кВ;ORU Novovoronezhskaja AES 220 kV;0.3661649065629723
4364873;6527689;40;0.04195670039299788;0.0633305442043819;-0.0002275516536750874;0.002474063020875079;0.02309505568928604;0;0;645;Дон;Don;0.46931525501832766
4365229;6269389;49;0.13871187179368746;0.556567814445901;-0.004946388565820294;0.028096738830061408;0.5158549099284518;0;4;1894;ОРУ Нововоронежская АЭС 500 кВ;ORU Novovoronezhskaja AES 500 kV;0.5051607651481645
4365306;6267917;7;0.14241771086081728;0.16927009695214845;0.011186174127974676;0.020010521594588184;0.08092792227393714;0;2;37;Донская АЭС;Donskaja AES;0.20504821307463356
4365442;6269520;10;0.010367991794209944;0.013949138668992762;-0.0005962249849649861;0.0023723230377793152;0.005899200095292918;0;2;1894;ОРУ Нововоронежская АЭС 500 кВ;ORU Novovoronezhskaja AES 500 kV;250.15729689091404
4365751;6474193;30;0.034223215269962776;0.036037808793892324;1.5193612733717812e-05;0.0010223371923098702;0.0042071871673831016;0;0;667;Чириково;Chirikovo;0.2956479142193452
4366153;6269874;39;0.02990232479597248;0.045710756777921455;-0.00022835775641088954;0.001907494467446782;0.010475042527468809;0;0;831;Новая;Novaja;0.1227291727932321
4367165;6269407;39;0.016882409488912706;0.030646604704729477;-0.00018067165066708922;0.0009580554468202996;0.008641076808340406;0;0;831;Новая;Novaja;1114.6749138028174
4367180;6269440;39;0.01699417331797894;0.03078018630428954;-0.00018043704153169;0.0009689826553453289;0.008622346033345524;0;0;831;Новая;Novaja;1115.057860050897
4367181;6269397;39;0.0006285214028690549;0.0011484361153073334;-6.788002538829522e-06;3.6000182240591705e-05;0.00032552766257304736;0;0;831;Новая;Novaja;1133.3951315676725
4367620;6270028;10;0.10312320787370872;0.13941561420730442;-0.005925276055166784;0.02337411450554347;0.0593727088148929;0;2;831;Новая;Novaja;1475.1775256085225
4369953;6315630;62;0.07366101403133352;0.5843017611362554;-0.0027161792397123047;0.029467439166820517;0.4413232782866379;0;4;668;Южная;Juzhnaja;0.5727400891933163
4369961;6276529;39;0.012888757155584386;0.02247374598270603;-0.00013507690708395957;0.000695390250746576;0.0065017672391667405;0;0;831;Новая;Novaja;7667.49329647277
4369970;6276523;39;0.012771125683407408;0.022382569728325606;-0.00013596405989736019;0.0006908612161502571;0.006546589019257221;0;0;831;Новая;Novaja;7666.76313212133
4370123;6276950;39;0.01834308471384874;0.028084235629829413;-0.00017298346928562735;0.0011530962906096927;0.0070867408230639375;0;0;831;Новая;Novaja;8113.646358984011
4370134;6276951;39;0.019452027098610113;0.03200837381109233;-0.0002076340622579432;0.0013813424387049788;0.008922683276272887;0;0;831;Новая;Novaja;8119.906023104854
4370256;6315613;39;0.0009600914335419548;0.0015059177086558938;-8.638998417091449e-06;6.195243567689005e-05;0.00036244590763903726;0;0;668;Южная;Juzhnaja;302.9675385769735
4370351;6315652;42;0.00048600685558963195;0.0022489020179489727;-1.9954530310589206e-05;7.129656326441532e-05;0.0014068573786580924;0;0;668;Южная;Juzhnaja;398.1308885673868
4370360;6315638;42;0.03439967813351132;0.1991421894861621;-0.0021004992483277486;0.006050940152391736;0.16964071912677114;0;0;668;Южная;Juzhnaja;406.5909315656943
4370381;6315634;3;0.19069745914235184;0.19912787916184418;-0.004460897988707849;0.011908566092351747;0.016369464081060187;0;2;668;Южная;Juzhnaja;427.52792941686386
4370604;5902119;58;0.15098279014519925;0.5989040718599971;-0.0033323796064496742;0.02968939311728102;0.440143811102797;0;4;105;Луганская ГРЭС;Luganskaja GRES;0.5936656623561587
4372319;6320939;39;0.03952149061266135;0.06591343643081578;-0.0005109645242124908;0.002716734339264029;0.01926263124843209;0;0;669;Кировская;Kirovskaja;0.2106493786508221
4377597;5635930;36;0.04939005871859538;0.06675659510754836;-0.0003767408864970317;0.0031461511123725147;0.028060333606525927;0;0;1028;А-30;A-30;0.47561095425281574
4388011;7180196;42;0.037824494816676074;0.0667267865463888;0.0006594704885079322;0.003954427130486857;0.027068449485812177;0;0;593;Неро;Nero;0.2892846682318217
4388160;7034477;9;0.03627340947510881;0.053478571253388105;-0.0016537533113004969;0.004134241190736112;0.016137850806101993;0;2;633;Цветмет;Tsvetmet;7595.2839736337655
4388355;6671520;30;0.030819248710849435;0.0329500083847624;-0.00010308169229769158;0.0008531007180130674;0.0031305968155657775;0;0;608;Павелец;Pavelets;0.6718788580693124
4388732;6448913;50;0.1184285307144847;0.2306396031254358;-0.00232607745185611;0.0136976992744662;0.13597094784896635;0;0;829;Борино;Borino;0.6672319529314725
4391277;5665371;44;0.06655228506317885;0.20049482251306913;-0.002245927669748665;0.006759723137867636;0.06625814724976595;0;0;1027;А-20;A-20;0.08492643849851221
4391327;7041380;35;0.02828669381469412;0.03880457476073152;0.0002991328440490887;0.0026283454718423627;0.010980126590153856;0;0;633;Цветмет;Tsvetmet;0.4702817968045884
4391464;6336651;17;0.04981631271848092;0.05517177348613945;-0.0006621009147011693;0.0011997716511243798;0.0036616162938670274;0;2;830;Воронежская;Voronezhskaja;0.4634554244050037
4393915;6230108;55;0.1614732291513538;0.3780483634440374;-0.0017706953024078658;0.028608430585877646;0.20067800390130147;0;4;783;Лиски;Liski;0.2425344715198112
4393915;6230108;55;0.1614732291513538;0.3780483634440374;-0.0017706953024078658;0.028608430585877646;0.20067800390130147;0;4;861;Лиски;Liski;0.2425344715198112
4397166;6459856;55;0.035483422485618504;0.1478710705179498;-0.0014485694826590202;0.0049225290874736075;0.09335025676724179;0;0;659;Правобережная;Pravoberezhnaja;0.23848750466637852
4400110;5687684;48;0.10813224489816047;0.3389034793852833;-0.002426069388932129;0.014468254753538665;0.12805187088572392;0;4;1037;Р-20;R-20;0.434483889613455
4400669;7280583;48;0.026230996776115827;0.0577640577615497;-0.0005820638312293248;0.0035174892278375344;0.0207208625028654;0;0;599;Тутаев;Tutaev;0.5071669743757546
4404021;6921779;44;0.06713214015065355;0.15833520138336157;-0.0009317689561790642;0.005438188757206533;0.060851355973925034;0;0;6;Шатурская ГРЭС;Shaturskaja GRES;0.19155482140198823
4405088;5204131;18;0.0014117164484505856;0.0015859296481529907;-1.2634802516757507e-05;4.702213428917134e-05;0.00012583827568410973;0;2;1110;Дагомыс;Dagomys;13972.918825171158
4405134;5204102;18;0.055672613589720615;0.06248999363039271;-0.0004970234911867482;0.0018429229490313555;0.004959403410588557;0;2;1110;Дагомыс;Dagomys;13920.898686206385
4405163;5204124;18;0.001161757900421777;0.0013051249068303592;-1.0397684081828348e-05;3.869639407058113e-05;0.00010355734759058435;0;2;1110;Дагомыс;Dagomys;13918.648676269639
4409535;5320161;57;0.1299711785266058;0.464030129754223;-0.00604807603884558;0.03270137146148163;0.3226813679357146;0;4;1115;Тверская;Tverskaja;0.3708417733150194
4409755;6456379;44;0.013405682426692938;0.0241420180148294;-0.00019309768871593545;0.000796466999879012;0.004827561454380257;0;0;640;ГПП-15-2;GPP-15-2;0.5591902807083426
4410098;6636413;43;0.029131264407499836;0.042988815498133395;-0.0002673451781351337;0.002155224125850496;0.018759769575200945;0;0;605;Заречная;Zarechnaja;0.48846658977678814
4412277;6137754;9;0.012518398303738536;0.01431017015105721;-0.00021599901227276487;0.0005100391615329594;0.0018465245916261062;0;2;666;Цементник;Tsementnik;0.3317837392200188
4412366;7499860;40;0.06606608106286768;0.10429469615520719;-0.0002220087524068715;0.006932851451497847;0.0478698135643206;0;0;824;Вологодская;Vologodskaja;0.39806086057033974
4412407;5720366;12;0.10625745531363374;0.15258775041875955;0.0060287008502292695;0.011599233659759624;0.04265239758631559;0;2;1020;Ростовская;Rostovskaja;0.41569740142385736
4412407;5720366;12;0.10625745531363374;0.15258775041875955;0.0060287008502292695;0.011599233659759624;0.04265239758631559;0;2;1044;Ростовская;Rostovskaja;0.41569740142385736
4412514;6452865;44;0.04239125237972938;0.07493094284603027;-0.0005902201195777939;0.002481646183855943;0.014487360265517592;0;0;656;Новая;Novaja;0.42255066070589764
4413078;6107688;49;0.0946159103804463;0.23459765524696644;-0.0018353594096791996;0.015132551860307411;0.12296804346172854;0;0;660;Придонская;Pridonskaja;0.5028035912516852
4413151;5817571;35;0.08830303291865713;0.15378439677011943;-0.002370448621715017;0.006329086672914172;0.051112645391775485;0;0;1050;Победа;Pobeda;0.48530643951660063
4413810;6456024;61;0.04723373863298807;0.1548592622701928;-0.0020532314512286503;0.0075788593597678295;0.06484994095350793;0;0;857;Северная;Severnaja;0.2232800260587666
4414231;5193564;55;0.15510502556345454;0.49229967390107876;-0.004968391934034345;0.029824815375780515;0.4033129279827758;0;4;1110;Дагомыс;Dagomys;0.5121004306690327
4414314;6139113;9;0.06059267421713732;0.06918193208494339;-0.0010371629879993018;0.0024584923512847136;0.00887600348488856;0;2;666;Цементник;Tsementnik;2448.976149551747
4414346;6139115;9;0.0009275345918918084;0.001060140871346877;-1.5988940565197362e-05;3.777190952635609e-05;0.00013670256898135882;0;2;666;Цементник;Tsementnik;2476.759395636412
4414371;6138599;9;0.06592553620466998;0.07529177190883228;-0.0011305452884228248;0.0026774497423353912;0.009672747628811859;0;2;666;Цементник;Tsementnik;2258.3563811486288
4414373;6138570;9;0.0008806543759885261;0.0010068394899678589;-1.5208839735280698e-05;3.58973860265803e-05;0.00013000176240842093;0;2;666;Цементник;Tsementnik;2249.5306542643098
4414750;5407741;3;0.1302442746961755;0.14717134646982608;-0.009614826008758074;0.021936737294679903;0.03155156330343718;0;2;1056;Новолабинская;Novolabinskaja;88.25651839196047
4414781;6455723;11;0.006896983240582416;0.007207111541679369;-1.154282506514117e-05;0.0002466117967354287;0.00047468611911374945;0;2;661;Северная;Severnaja;461.0127732710742
4414838;5407749;3;0.03943555076010399;0.03968340252312978;-0.00017298884941690905;0.0003717776445386796;0.0005447664939555938;0;2;1056;Новолабинская;Novolabinskaja;0.11418835492414864
4414895;6456170;11;0.02099940298839147;0.02256629977951078;3.745344513747713e-05;0.0009699923103672007;0.00317918689023719;0;2;661;Северная;Severnaja;0.2981929914286301
4414974;5407564;3;0.005398430558832476;0.0060352516218392565;-0.0003620662127888017;0.0008242645506540249;0.001186330763442797;0;2;1057;Усть-Лабинск;Ust'-Labinsk;130.86400882843137
4415002;5407436;55;0.07231965362805523;0.13677383635245377;-0.0008039996888645592;0.012118163819177977;0.07630757336798749;0;0;1057;Усть-Лабинск;Ust'-Labinsk;0.3857542870786951
4415801;5816457;60;0.07870295609657016;0.6480775462699218;-0.004140152720925317;0.023893069926578258;0.3524643675507585;0;4;1052;Краснодонская;Krasnodonskaja;0.24799649108553015
4416779;6458216;52;0.03378312977607853;0.09046139809131162;-0.0010491109824167068;0.00396764681107873;0.03545467273741779;0;0;654;Металлургическая;Metallurgicheskaja;0.5374089134611122
4417625;5318995;38;0.07626581396695487;0.10855988687091005;-0.0002259431698518406;0.004214773142817419;0.04093554997393617;0;0;1119;Центральная;Tsentral'naja;440.4038511726746
4417625;5318995;38;0.07626581396695487;0.10855988687091005;-0.0002259431698518406;0.004214773142817419;0.04093554997393617;0;0;1068;Центральная;Tsentral'naja;440.4038511726746
4417629;5319107;38;0.0024421540129008763;0.003468983596338943;-7.321315953912636e-06;0.00013511618372248057;0.001303834824827712;0;0;1119;Центральная;Tsentral'naja;334.3248864921127
4417629;5319107;38;0.0024421540129008763;0.003468983596338943;-7.321315953912636e-06;0.00013511618372248057;0.001303834824827712;0;0;1068;Центральная;Tsentral'naja;334.3248864921127
4417764;5319413;47;0.16787151253090699;0.28510325181966695;0.0017804033403840834;0.011309584519241989;0.11358655673266208;0;4;1119;Центральная;Tsentral'naja;0.33723706881730886
4417764;5319413;47;0.16787151253090699;0.28510325181966695;0.0017804033403840834;0.011309584519241989;0.11358655673266208;0;4;1068;Центральная;Tsentral'naja;0.33723706881730886
4418327;7260772;5;0.035752000970950826;0.037005119911435985;-0.00024235364330569116;0.0006955533150048519;0.0017957409110792438;0;2;82;Ярославская ТЭС;Jaroslavskaja TES;0.2627965369860762
4418418;6394389;4;0.018031930117443598;0.018140420782163134;-8.830584079370053e-05;9.677890389766149e-05;0.00021249960167142243;0;2;657;Овощи Черноземья;Ovoschi Chernozem'ja;6899.8457171345635
4418891;6383341;57;0.049428082170038044;0.18526564218938843;-0.0011948415847868174;0.006941229048753453;0.06084954705697096;0;0;665;Усмань;Usman';0.4673003313694217
4419117;5660359;60;0.12252753273343336;0.3330429489543557;-0.0018444876361657328;0.024140291562131346;0.2562677236912687;0;4;1032;Койсуг;Kojsug;0.6608649486990058
4421125;6472469;32;0.014879410054121838;0.021922336790291718;-0.0001909539435575412;0.0006946130415446746;0.005011819334994658;0;0;662;Сокол;Sokol;0.46978025527106426
4421756;6763717;11;0.0225521743245823;0.02408377794808837;-6.284942485961927e-05;0.000956416922081927;0.003405919824928938;0;2;610;Пущино;Puschino;0.5733559460150496
4422290;6688379;29;0.029264973198370133;0.030680446215297072;-1.8255848935379727e-05;0.0006932080201951058;0.002521177679046204;0;0;607;Новомичуринск;Novomichurinsk;7538.522005315004
4422311;6688368;29;0.0004367935665977156;0.0004580110948254623;-2.8499654708354386e-07;1.028801317015987e-05;3.7530624945624304e-05;0;0;607;Новомичуринск;Novomichurinsk;7518.958082461859
4422314;6688403;29;0.0005143911067729838;0.0005393779853872008;-3.35626942546547e-07;1.2115706104203489e-05;4.419804040171253e-05;0;0;607;Новомичуринск;Novomichurinsk;7548.504341749998
4423510;6389733;4;0.0296988813356499;0.029996525277523087;-1.202216252597511e-05;0.00042524189603100615;0.0005295650627170495;0;2;657;Овощи Черноземья;Ovoschi Chernozem'ja;0.1796424232089313
4424477;5696845;33;0.05822080069965614;0.09244142454658658;-0.0017595160097192343;0.005001047371990415;0.03137058338294603;0;0;1039;Р-40;R-40;0.4885786125309159
4425491;5183509;12;0.04328063672585675;0.053054135636462704;-0.001418166230888839;0.0019296628730593275;0.0067561351486502205;0;2;118;Сочинская ТЭС;Sochinskaja TES;0.4008400180258448
4425831;6681724;29;0.02110794200586202;0.022969502417946066;-0.0001400984342578475;0.0006765210393099823;0.002788142215417802;0;0;607;Новомичуринск;Novomichurinsk;0.36027969715182967
4426667;6769675;61;0.05166493495568024;0.18627271651260094;-0.001221627530597976;0.00690304589785119;0.11581808468808644;0;0;618;Ямская;Jamskaja;0.2568548225137237
4428015;7226907;55;0.08646404840574877;0.2853319468397507;-0.002600648065956253;0.010282359759614145;0.04571599247652469;0;0;600;Ярославская;Jaroslavskaja;0.19301813278354013
4428300;6683535;48;0.10200587451988474;0.163929099970861;-0.0010282365278911926;0.009979942408802085;0.06717019731670676;0;0;35;Рязанская ГРЭС;Rjazanskaja GRES;0.5592521436760957
4429528;7502947;36;0.016143346675914615;0.023499899917796545;5.9976296084380066e-05;0.0017776450795197682;0.01252323847053741;0;0;941;ГПП-2 «ЭнерготранзитАльфа»;GPP-2 «EnergotranzitAl'fa»;0.4716447919814761
4429942;7228744;16;6.025485813828436e-17;1.7199431555005594e-16;2.0426963321114314e-18;5.4511335023217684e-17;1.516724875256924e-16;0;2;600;Ярославская;Jaroslavskaja;2662.3084822877236
4429948;7228739;16;8.634745420464298e-17;2.573551874262869e-16;1.6102703857581528e-18;4.951337239115886e-17;2.2997902611188477e-16;0;2;600;Ярославская;Jaroslavskaja;2663.213180738851
4431144;5695010;61;0.12319837878063881;0.6536919076538809;-0.005340958393577497;0.023721847762877498;0.18893869500072435;0;4;1038;Р-4;R-4;0.3670009519790024
4432020;6452796;4;0.02010653293015651;0.020271912810591975;-0.00014506011248063445;0.00014039283638655106;0.00020747520420493978;0;2;648;Казинка;Kazinka;0.22729197101330567
4435281;7498705;8;0.040049825414822035;0.04411442790661448;-0.0004043781079017457;0.00298781335928814;0.004676323491848364;0;2;601;Вологда-Южная;Vologda-Juzhnaja;0.5309580949038989
4435576;7499016;47;0.1536571353478669;0.6916089060220247;-0.009293253625038644;0.05648790469599687;0.5465418768285254;0;4;939;Вологда-Южная;Vologda-Juzhnaja;0.6171525343564064
4438895;6446967;32;0.027825992843253745;0.038870754009283685;-0.0002750337285117233;0.0012356525630267774;0.008309434561004053;0;0;643;Грязи-Орловские;Grjazi-Orlovskie;0.4275347941356073
4442234;6446156;57;0.05075847100035685;0.2892912421409784;-0.0014919687490602513;0.009622425153905422;0.14623272761289346;0;0;658;Пост-474;Post-474;0.30183831629122
4442337;8421628;34;0.10142010846482276;0.19550905106148436;0.0041905816795903;0.024793476537766836;0.1869222271184984;0;0;92;Северодвинская ТЭЦ-2;Severodvinskaja TETs-2;0.3403342475682428
4445751;5558183;31;0.07075373692524321;0.09791251643793569;-0.0008117424367515867;0.0036113956900177924;0.041322432112115476;0;0;1023;Крыловская;Krylovskaja;0.3556686663662669
4446092;5839830;37;0.035438556355931565;0.051314421193908666;-0.00026958949346945213;0.0027447531456960767;0.016761322297143593;0;0;1030;Донецкая;Donetskaja;0.5303487909964614
4447122;5160077;9;0.035165694206670484;0.04219992817943248;-0.0015797371756139122;0.0019978431618333315;0.00341384712688602;0;2;119;Адлерская ТЭС;Adlerskaja TES;0.43740530267235267
4449648;7249282;30;0.035237067096199524;0.04304905374748417;0.00019116849693390827;0.0023438186652408265;0.01861636548702953;0;0;597;Тверицкая;Tveritskaja;0.424065868860344
4451525;6238685;43;0.05160865301778816;0.11054197580449791;-0.0008352983511745847;0.0044883878410883656;0.03313735491261818;0;0;641;Бобров;Bobrov;0.3565058892729913
4451549;7244002;16;6.025485813828436e-17;1.7199431555005594e-16;2.0426963321114314e-18;5.4511335023217684e-17;1.516724875256924e-16;0;2;597;Тверицкая;Tveritskaja;5611.668405813665
4451557;7244004;16;8.634745420464298e-17;2.573551874262869e-16;1.6102703857581528e-18;4.951337239115886e-17;2.2997902611188477e-16;0;2;597;Тверицкая;Tveritskaja;5612.502065318753
4452278;5163476;8;0.06692437335091628;0.08178687539144454;-0.003005844055011928;0.004134986720007254;0.006287982027953415;0;2;1116;Черноморская;Chernomorskaja;0.3990362647616244
4453687;5164484;9;0.03318299484672555;0.03681740658026502;-0.0008044598057555545;0.0010448192273613249;0.0030437216599171757;0;2;1116;Черноморская;Chernomorskaja;1732.4139766898686
4453713;5164133;9;0.011716997223146584;0.0140494179995771;-0.0004186244353018504;0.000768118374982123;0.0013889625764788721;0;2;1116;Черноморская;Chernomorskaja;1578.3015558602258
4453840;5162097;41;0.0695623074384619;0.10422542053131269;0.0010926218869654013;0.005493207647845201;0.0324176780608576;0;0;1114;Псоу;Psou;0.3760663371197259
4454942;5777274;71;0.1688906933388061;0.6591081707067284;-0.006236230256334404;0.036247459607369255;0.44042013792017404;0;4;1846;ОРУ Несветай ГРЭС 220 кВ;ORU Nesvetaj GRES 220 kV;0.38110379133496475
4454942;5777274;71;0.1688906933388061;0.6591081707067284;-0.006236230256334404;0.036247459607369255;0.44042013792017404;0;4;1043;Экспериментальная ТЭС;Eksperimental'naja TES;0.38110379133496475
4456059;5173516;6;1.0737667373834567e-16;2.0216177087641657e-16;-2.1398881212903974e-17;8.528601158407073e-17;1.3034921521298128e-16;0;2;1116;Черноморская;Chernomorskaja;10728.110827625866
4456061;5173463;18;0.05631668129838295;0.06519369039658789;-0.0003151764440347887;0.0022118252688677568;0.006325918466395852;0;2;1116;Черноморская;Chernomorskaja;10679.23666073673
4456071;5173492;18;0.0010927200184774367;0.0012634488996755317;-6.658077550326189e-06;4.165204829632538e-05;0.00011567438970493463;0;2;1116;Черноморская;Chernomorskaja;10709.898563899817
4458877;5172866;15;0.01060019726054635;0.012283412166772197;-6.381210171305076e-05;0.0003902564917441851;0.0011246012452501754;0;2;1116;Черноморская;Chernomorskaja;11476.730059848367
4459105;5323233;11;0.06639715094691102;0.07764976439848793;-0.0015951829498444122;0.0022584829433993556;0.009092577676083846;0;2;1096;Черемушки;Cheremushki;0.4257155991838004
4459119;5721164;58;0.05987124945186607;0.12714336005812507;-0.001088814950724515;0.006963216877324596;0.0631258079726767;0;0;1033;НЗБ;NZB;0.649315369834207
4460671;5995446;38;0.047574794922311835;0.12926393278569356;-0.001727214324081667;0.004384554599241043;0.03424810838962754;0;0;1049;Великоцкая;Velikotskaja;0.4960745203175119
4460672;6457103;62;0.1790049941970271;0.6551494093009373;-0.005967625592076315;0.02026272453023012;0.20668576590334725;0;4;834;Липецкая;Lipetskaja;0.08997999779556663
4460672;6457103;62;0.1790049941970271;0.6551494093009373;-0.005967625592076315;0.02026272453023012;0.20668576590334725;0;4;872;Липецкая;Lipetskaja;0.08997999779556663
4462762;5718327;47;0.03501895507510488;0.06709578253181958;-0.0005641339848282852;0.003951139666693222;0.027706774299588736;0;0;1034;НЭЗ;NEZ;0.434870567165614
4467078;7534618;8;0.15542852799176504;0.19813020228817235;-0.0062349433648187826;0.03149996602149498;0.08327614652277354;0;2;946;Сокол;Sokol;6452.566719035634
4467078;7534618;8;0.15542852799176504;0.19813020228817235;-0.0062349433648187826;0.03149996602149498;0.08327614652277354;0;2;943;Сокол;Sokol;6452.566719035634
4467085;7534607;8;0.15539954023517522;0.19809325057698246;-0.0062337805343979785;0.031494091209712236;0.08326061534135959;0;2;946;Сокол;Sokol;6461.921683880596
4467085;7534607;8;0.15539954023517522;0.19809325057698246;-0.0062337805343979785;0.031494091209712236;0.08326061534135959;0;2;943;Сокол;Sokol;6461.921683880596
4468389;7540936;40;0.013390062552404602;0.041821512259321264;-0.00048485216137756666;0.0022751884646513092;0.016772908688496062;0;0;946;Сокол;Sokol;0.16132715105068504
4468389;7540936;40;0.013390062552404602;0.041821512259321264;-0.00048485216137756666;0.0022751884646513092;0.016772908688496062;0;0;943;Сокол;Sokol;0.16132715105068504
4469834;7537331;32;0.04710615850800295;0.06552071682590689;0.00033719929559081457;0.005188453098651109;0.01992078434202456;0;0;946;Сокол;Sokol;3883.8929533409037
4469834;7537331;32;0.04710615850800295;0.06552071682590689;0.00033719929559081457;0.005188453098651109;0.01992078434202456;0;0;943;Сокол;Sokol;3883.8929533409037
4470439;7537715;16;8.526446305557135e-17;2.4374700868720407e-16;4.995467869527096e-18;7.695546196625117e-17;2.0682310811949834e-16;0;2;946;Сокол;Sokol;3818.127557928289
4470439;7537715;16;8.526446305557135e-17;2.4374700868720407e-16;4.995467869527096e-18;7.695546196625117e-17;2.0682310811949834e-16;0;2;943;Сокол;Sokol;3818.127557928289
4470440;7537723;32;0.042335479724770114;0.05909793241337758;0.00031089259769179515;0.004721668436337213;0.018388601291950954;0;0;946;Сокол;Sokol;3811.9190868919904
4470440;7537723;32;0.042335479724770114;0.05909793241337758;0.00031089259769179515;0.004721668436337213;0.018388601291950954;0;0;943;Сокол;Sokol;3811.9190868919904
4470494;5493537;59;0.18179179445580737;0.4692590342045693;-0.00015089000820981083;0.033245962122441595;0.28992276207004575;0;4;1067;Тихорецк;Tihoretsk;0.4914895726632626
4470494;5493537;59;0.18179179445580737;0.4692590342045693;-0.00015089000820981083;0.033245962122441595;0.28992276207004575;0;4;1066;Тихорецк;Tihoretsk;0.4914895726632626
4470494;5493537;59;0.18179179445580737;0.4692590342045693;-0.00015089000820981083;0.033245962122441595;0.28992276207004575;0;4;1017;Тихорецк;Tihoretsk;0.4914895726632626
4470494;5493537;59;0.18179179445580737;0.4692590342045693;-0.00015089000820981083;0.033245962122441595;0.28992276207004575;0;4;1046;Тихорецк;Tihoretsk;0.4914895726632626
4470937;7736590;32;0.054815897800802156;0.07816769784308561;0.0005293074935224539;0.007363226589409709;0.0362436987267329;0;0;945;Явенга;Javenga;0.3824809668246995
4471652;7911354;26;0.14995604461224873;0.20817210647448972;-0.0002566920538762612;0.023439998913366584;0.1118624414005121;0;0;973;Няндома;Njandoma;0.5313298791478068
4472884;5759872;14;0.01834587454086657;0.022875765289937563;-0.0006428688119610492;0.0007025436531683169;0.00531628062206552;0;2;1035;Печная РЭМЗ;Pechnaja REMZ;0.4994053451913364
4472902;5760807;28;0.032417695975013955;0.03733126636862965;-0.0005075545360521187;0.0010704354029457902;0.007728951061406159;0;0;1042;Ш-50;Sh-50;0.576404970371952
4473632;5494361;14;0.0010462871294492848;0.001834622411693048;5.750417186689632e-05;0.00014103890457947248;0.000719652163212495;0;2;1134;Зеленая Линия;Zelenaja Linija;782.5177378168681
4473641;5494306;14;0.06652423111864517;0.11734242759189224;0.0037341457288953277;0.008970495605284384;0.046168524509616934;0;2;1134;Зеленая Линия;Zelenaja Linija;796.083280064392
4473680;5800426;30;0.04541449525611569;0.07168928074134927;-0.0006552799800264706;0.0023170910061106015;0.023996458371599888;0;0;1029;Г-20;G-20;0.26500311308941826
4473696;5494324;14;0.001073871896635295;0.0018829911918074116;5.9020236767752635e-05;0.0001447573153651287;0.0007386253846337035;0;2;1134;Зеленая Линия;Zelenaja Linija;738.7064791906665
4474222;7624640;32;0.050330396636946884;0.07187447867668456;0.0004430497271922299;0.0063992082834225346;0.027906481409489273;0;0;944;Харовская;Harovskaja;0.11060244299787446
4474361;5494647;3;0.01150942595760354;0.0115817014433334;-5.0506913624312e-05;0.00010841322859478884;0.00015892014221910097;0;2;1134;Зеленая Линия;Zelenaja Linija;0.5949794295567182
4475657;8134831;57;0.0032540425353860315;0.010400849827755921;0.0001859661883106415;0.0007653189931674888;0.009974818984425276;0;0;979;Савино;Savino;0.4231978481241396
4475657;8134831;57;0.0032540425353860315;0.010400849827755921;0.0001859661883106415;0.0007653189931674888;0.009974818984425276;0;0;976;Савино;Savino;0.4231978481241396
4475836;8134897;37;0.09602830404837304;0.19905853249346056;0.00460574683811167;0.02275456620178878;0.19095040588020776;0;0;979;Савино;Savino;190.38621404179779
4475836;8134897;37;0.09602830404837304;0.19905853249346056;0.00460574683811167;0.02275456620178878;0.19095040588020776;0;0;976;Савино;Savino;190.38621404179779
4475848;8134846;37;0.09606125737605038;0.1991311533883994;0.004607401616857151;0.022763853352026454;0.19101853363659296;0;0;979;Савино;Savino;191.16701571420435
4475848;8134846;37;0.09606125737605038;0.1991311533883994;0.004607401616857151;0.022763853352026454;0.19101853363659296;0;0;976;Савино;Savino;191.16701571420435
4476430;5194888;5;1.2853557156956812e-16;2.0216177087641657e-16;-5.7096953757421874e-18;7.402021067684309e-17;1.0660775811970844e-16;0;2;1113;Поселковая;Poselkovaja;1156.8210872303728
4476960;7003772;66;0.1894189751456295;0.8326949475492096;-0.006047244082293171;0.023713080423796124;0.2286152964066972;0;4;342;Владимирская;Vladimirskaja;0.6517681936532093
4476960;7003772;66;0.1894189751456295;0.8326949475492096;-0.006047244082293171;0.023713080423796124;0.2286152964066972;0;4;878;Владимирская;Vladimirskaja;0.6517681936532093
4476960;7003772;66;0.1894189751456295;0.8326949475492096;-0.006047244082293171;0.023713080423796124;0.2286152964066972;0;4;317;Владимирская;Vladimirskaja;0.6517681936532093
4477518;5195282;14;0.07069057733288615;0.10174281716232104;0.002449301817952609;0.007256053477508422;0.03676237516237617;0;2;1113;Поселковая;Poselkovaja;0.44391838454123483
4478825;5710586;61;0.19826862121958413;0.6361877420970699;-0.0033557609807879896;0.03639304939078522;0.2668004627304202;0;4;1880;ОРУ Новочеркасская ГРЭС 330/220 кВ;ORU Novocherkasskaja GRES 330/220 kV;0.2696512005943809
4479783;7625215;16;8.526446305557135e-17;2.4374700868720407e-16;4.995467869527096e-18;7.695546196625117e-17;2.0682310811949834e-16;0;2;944;Харовская;Harovskaja;5590.540416079062
4479878;7799004;46;0.0964343703413122;0.20096929751366144;0.004408466634592293;0.015267276679895072;0.11177518420550607;0;0;940;Коноша;Konosha;0.42179574474576836
4479878;7799004;46;0.0964343703413122;0.20096929751366144;0.004408466634592293;0.015267276679895072;0.11177518420550607;0;0;1130;Коноша;Konosha;0.42179574474576836
4481401;7433523;50;0.08537218555694535;0.3344392635265628;-0.004226790110687107;0.02134946824751192;0.2547966991522097;0;4;602;Ростилово;Rostilovo;0.3746640226577746
4481998;8095960;37;0.1175791954429869;0.25165808736105677;0.006079999817425942;0.02662422181930784;0.21731144951147482;0;4;975;Плесецк;Plesetsk;0.3346878254313592
4482436;7685154;32;0.01069841665005237;0.01530234386551348;0.00010000393018088631;0.0014148336641694882;0.006643200734678263;0;0;942;Кадниковский;Kadnikovskij;0.3339103015540556
4484531;7684746;32;0.07393333766427315;0.10503367238390389;0.0007313294882853136;0.010064560772458967;0.05091527322067068;0;0;942;Кадниковский;Kadnikovskij;2134.1584586648664
4484562;5957999;58;0.10029622009173844;0.3807387586903492;-0.0019142540461161077;0.019641682974843738;0.2848549926379718;0;4;1021;Сысоево;Sysoevo;0.3748361768997812
4484567;7684298;32;0.05168255350420335;0.07339184400611735;0.00042283804562418404;0.00629380036842715;0.026282024715097614;0;0;942;Кадниковский;Kadnikovskij;2296.2492778207125
4484770;5856674;51;0.05674756690465769;0.1872802848094425;-0.0007836238056558781;0.008990998352558044;0.12043583364798204;0;0;1036;Погорелово;Pogorelovo;0.58029358737848
4484890;6989708;4;0.012160567545999493;0.015563519879037091;-0.0024260103839006566;0.002465428439768696;0.00325289937233828;0;2;342;Владимирская;Vladimirskaja;16145.482278496027
4484890;6989708;4;0.012160567545999493;0.015563519879037091;-0.0024260103839006566;0.002465428439768696;0.00325289937233828;0;2;878;Владимирская;Vladimirskaja;16145.482278496027
4484890;6989708;4;0.012160567545999493;0.015563519879037091;-0.0024260103839006566;0.002465428439768696;0.00325289937233828;0;2;317;Владимирская;Vladimirskaja;16145.482278496027
4484891;6989672;4;0.012108429291979856;0.015496791517073408;-0.0024156089001564234;0.002454857951691229;0.003238952614250343;0;2;342;Владимирская;Vladimirskaja;16177.340105821764
4484891;6989672;4;0.012108429291979856;0.015496791517073408;-0.0024156089001564234;0.002454857951691229;0.003238952614250343;0;2;878;Владимирская;Vladimirskaja;16177.340105821764
4484891;6989672;4;0.012108429291979856;0.015496791517073408;-0.0024156089001564234;0.002454857951691229;0.003238952614250343;0;2;317;Владимирская;Vladimirskaja;16177.340105821764
4486183;6427931;39;0.061275357209278666;0.10120159914956355;-0.0009620031730008478;0.0035451568093816345;0.023211071246527076;0;0;834;Липецкая;Lipetskaja;38753.27645745285
4486183;6427931;39;0.061275357209278666;0.10120159914956355;-0.0009620031730008478;0.0035451568093816345;0.023211071246527076;0;0;872;Липецкая;Lipetskaja;38753.27645745285
4486202;6427977;39;0.0005669086488316639;0.0009394084342815453;-8.956637519042138e-06;3.289192114398736e-05;0.00021318849295688463;0;0;834;Липецкая;Lipetskaja;38731.18272604865
4486202;6427977;39;0.0005669086488316639;0.0009394084342815453;-8.956637519042138e-06;3.289192114398736e-05;0.00021318849295688463;0;0;872;Липецкая;Lipetskaja;38731.18272604865
4486460;5634524;55;0.07526219528020826;0.18185686373142265;0.0001326084963026014;0.01256520068839024;0.13554731968203726;0;0;1031;Зерновая;Zernovaja;0.12546206705431148
4492412;5762057;15;0.13322093208897712;0.1863773790459875;0.0013710997582901353;0.028884364160313945;0.0966503795334016;0;2;840;Шахты;Shahty;0.514200350934036
4492526;8220941;38;0.14941134429446817;0.32086577885506096;0.007423364598112901;0.03612926447921724;0.3070521845652907;0;4;977;Обозёрская;Obozerskaja;276.5948990228643
4492613;8220946;38;0.14968668615223416;0.32146286441428473;0.00743704467492405;0.036197251394859485;0.30762213192632987;0;4;977;Обозёрская;Obozerskaja;231.79241050076197
4492712;8220737;49;0.0047031385706748745;0.013035106405233083;0.0002698463491624776;0.0011327473488705814;0.01247094821861821;0;0;977;Обозёрская;Obozerskaja;0.5360651169500189
4492734;5762160;35;0.1456118651666019;0.20856302399289764;-0.0014586434133320113;0.009143060066099358;0.0560930729307986;0;0;1045;Шахты;Shahty;0.3134150274320521
4494734;5134382;52;0.08025164549496958;0.31250973311108576;-0.0031732549897469276;0.012339864703421749;0.25302583557785396;0;4;1120;Бзыби;Bzybi;0.49941226383380566
4495740;7149059;13;0.04618889969984292;0.053628641314407186;-0.0010199818528751395;0.002382108051608376;0.011274397650126854;0;2;80;Ивановская ГРЭС;Ivanovskaja GRES;0.09684467079087368
4496175;7014395;5;0.010669949140654715;0.010920626045324575;-3.638646095068816e-05;0.00018528722199810622;0.0004217160671080092;0;2;858;Районная новая;Rajonnaja novaja;0.41120536191487483
4496361;7012791;34;0.03877437769155017;0.053361959654876175;-0.0002163352531895699;0.003954054164944305;0.022324845533395445;0;0;631;Районная;Rajonnaja;0.4254442014188958
4502462;6562800;37;0.004197041996752821;0.0075349411098900665;-8.977450225348851e-05;0.0002330220069715034;0.001990271822493954;0;0;649;Компрессорная;Kompressornaja;0.474897650918212
4502856;6561064;37;0.030538676663675237;0.054600484717232174;-0.0006519662843052313;0.0016913396575089384;0.014491815225098261;0;0;647;Иловайская;Ilovajskaja;0.4680200098139319
4503436;7010313;7;0.02842802644922888;0.031448400825224196;-0.0007384455982189903;0.0013250040959398139;0.002438069655378218;0;2;79;Владимирская ТЭЦ-2;Vladimirskaja TETs-2;0.4138183791701663
4503930;6513075;51;0.06891872015779565;0.22793545670454265;-0.002410801411284429;0.0114504396992471;0.15213011896072554;0;0;1940;Мичуринская;Michurinskaja;0.5435122911087659
4504204;6513296;8;0.032299466811809965;0.03478674437426413;0.0003219075386275335;0.0014349227907038146;0.004183798951192492;0;2;655;Мичуринская;Michurinskaja;0.537541383641537
4506806;5435323;43;0.054613541889338826;0.07983997499594057;0.00047434413910658717;0.004769776522719362;0.042758638543932255;0;0;1063;Кропоткин;Kropotkin;0.44680238517619747
4514143;8411029;42;0.04507113800872964;0.10732766826800914;0.002447173434632278;0.010954998876894486;0.10261380061520804;0;0;978;ПС №7;PS №7;1919.910011290942
4515730;8412109;7;4.3107642370633817e-16;9.362820678100584e-16;2.4531512323985716e-17;4.097840709630511e-16;8.226361870929131e-16;0;2;978;ПС №7;PS №7;0.3311335851659892
4517116;8423125;42;0.1183983859229966;0.2819414651866538;0.006428534923568578;0.028777932888256058;0.26955850025157285;0;4;1855;ОРУ Архангельская ТЭЦ 220 кВ;ORU Arhangel'skaja TETs 220 kV;0.13977900416034122
4520741;6930631;33;0.0318595945977793;0.04086409556222772;-6.49611519548778e-05;0.0026092684879199944;0.01581502634090284;0;0;632;Стекловолокно;Steklovolokno;0.43278987845963063
4525877;8121522;8;0.08603366405870547;0.1453429595521277;0.0015535288461840252;0.03456555706905374;0.09070344975365234;0;2;974;Новая;Novaja;0.48133954663518547
4526544;5507324;8;0.039986652920653475;0.04208566527097393;-0.00045420666056869287;0.0006430155661863238;0.002749207302541967;0;2;1022;Ея-тяговая;Eja-tjagovaja;0.29548485575067956
4538423;7145041;46;0.03762579682645469;0.064230962725065;-0.00024100519540358066;0.004384309402761603;0.026070531238390628;0;0;626;Иваново;Ivanovo;0.648917504711251
4539751;8394753;57;0.1633818749904129;0.5275641528462794;0.009341935146380284;0.039379128152735046;0.5045133431962658;0;4;1911;Первомайский;Pervomajskij;0.40082078332063453
4539751;8394753;57;0.1633818749904129;0.5275641528462794;0.009341935146380284;0.039379128152735046;0.5045133431962658;0;4;980;Первомайский;Pervomajskij;0.40082078332063453
4540910;5818987;59;0.12060894131524677;0.26681584046957857;-0.0014690958168266308;0.018580419185655866;0.17052877116299464;0;4;710;Б-10;B-10;0.3461000566003525
4545401;8397749;50;0.020022484455727168;0.05676123675203635;0.0011515411785576089;0.0048477506067994384;0.05426826395036996;0;0;94;ТЭЦ-1 Архангельского ЦБК;TETs-1 Arhangel'skogo TsBK;0.571161666207911
4547794;7262613;45;0.05143855917564457;0.068610882111827;-0.0002442199985418462;0.0047678156441719475;0.02582022035592025;0;0;630;Мотордеталь;Motordetal';0.35796787519268974
4548607;5523032;43;0.061589721520871825;0.12776953603918728;-0.0011734050118787258;0.006555365772741491;0.06092933501217654;0;0;1025;Светлая;Svetlaja;45.481415653734345
4548652;5523027;43;0.0011045066328576024;0.0022485001837434064;-1.703949658604936e-05;0.00011122907946672521;0.0010753147703113693;0;0;1025;Светлая;Svetlaja;0.4496330607601657
4549399;6721266;32;0.047947007600878916;0.05887844695561949;-0.0005067600267289407;0.002475431586051368;0.014258241171040464;0;0;609;Парская;Parskaja;0.21818276926112876
4563957;7268063;57;0.04334117810315809;0.1219709551902026;-0.00019871355079546126;0.00718804944863423;0.09222113514370922;0;0;628;Кострома-2;Kostroma-2;0.26538434396327887
4569645;5379064;48;0.12650925068871643;0.21012970835261566;0.0007795109945824269;0.0096230172227973;0.08446011260157693;0;0;1062;Армавир;Armavir;0.06823151609742428
4570522;7265693;12;0.21078070695791518;0.3551747468787951;-0.01711150189850358;0.048695922998303935;0.24227366898232316;0;4;628;Кострома-2;Kostroma-2;6979.546627856616
4571895;5536985;47;0.06955106794856422;0.1430008615190401;-0.0011621627142723884;0.008241283436226165;0.068927406510016;0;0;1024;Песчанокопская;Peschanokopskaja;0.43057619604914465
4577503;6690856;32;0.025817343772462694;0.04054233667968214;-0.0002970859716916359;0.0018289809395590155;0.015715653036834136;0;0;604;Глебово;Glebovo;0.22684620392235794
4583479;7218911;52;0.12961217923070334;0.2660807799369787;-0.002461302484648449;0.015263718875794793;0.09724598801811415;0;0;81;Костромская ГРЭС;Kostromskaja GRES;0.4239615187840931
4599835;6492232;40;0.07743394452355408;0.11946835462202914;-0.0007281160999738799;0.006454777060102803;0.04747331285509927;0;0;833;Тамбовская;Tambovskaja;0.43279747015985376
4608805;7033239;66;0.14596293978396158;0.6963089527860117;-0.0057811080444521365;0.026488754628723857;0.6959850386646105;0;4;625;Заря;Zarja;0.3128799287004416
4613031;6490845;58;0.041984270104165625;0.20583765729933606;-0.0023499415385539063;0.007323564151139069;0.05697480699703733;0;0;663;Тамбовская №4;Tambovskaja №4;0.4506337770817006
4615163;5416058;4;0.04473530560080755;0.045059286970609555;-0.00010045669835772653;0.0004085265536268659;0.0006881442845304772;0;2;1065;Солнечный Дар;Solnechnyj Dar;0.10849783463147232
4620003;6445217;49;0.045321898424000945;0.12512681708958948;-0.0012370856453097325;0.00600086933950051;0.054674025541944254;0;0;650;Котовская;Kotovskaja;0.5132309897537407
4620162;5417860;47;0.12538830114826086;0.21912146055465018;0.0009549978962891424;0.008827168780234474;0.08555066198959133;0;0;1897;ОРУ Ставропольская ГРЭС 500/330/110 кВ;ORU Stavropol'skaja GRES 500/330/110 kV;0.19765424400710885
4622774;5583070;50;0.09255666930520354;0.1962030137048361;-3.38638966988535e-05;0.012412870035546218;0.1171172645155072;0;0;1016;Сальск;Sal'sk;0.5098952547512176
4626818;7365265;35;0.057272848151594564;0.06882776803297835;0.000494556441243928;0.0037956591799362827;0.02149226411731009;0;0;826;ОРУ Костромской АЭС;ORU Kostromskoj AES;0.497681021496798
4632270;7366586;34;0.03704033322347854;0.0473470665269211;2.720835476583865e-05;0.003295725406255397;0.019625908294432063;0;0;621;Борок;Borok;0.42592712859580006
4649136;6625054;38;0.043209107636995446;0.06851987636749848;-0.0007565279947062693;0.0027583806058599255;0.021552377082737426;0;0;644;Давыдовская;Davydovskaja;0.12808809469093718
4654896;6016303;43;0.08943611153403261;0.14664261278588087;-0.0014884622634908247;0.009630415791638694;0.08959747304370258;0;0;711;Вешенская-2;Veshenskaja-2;0.35998005607256045
4661146;5059883;40;0.10749242223064433;0.17837441682551697;-0.0014935712208451616;0.008205489963612271;0.07326452587792877;0;0;108;Ингури ГЭС;Inguri GES;0.47090487413173093
4662344;5225033;7;0.03436012324334787;0.03703322750358274;-0.00044495924206255845;0.0006983555534091195;0.002349648145350325;0;2;114;Зеленчукская ГАЭС;Zelenchukskaja GAES;0.43750723548408205
4662486;7177660;9;0.04684460592712229;0.05611794345751113;-0.0008648677474843671;0.0026312309637747536;0.011266287041653118;0;2;622;Вичуга;Vichuga;0.5295178566143285
4665698;7179206;50;0.08802137633690764;0.4367526066018597;-0.0034926950531802446;0.012657603523475067;0.2888853385539821;0;4;859;Вичуга;Vichuga;0.593244681222645
4665757;6075674;42;0.05005773861991272;0.07729211773513187;-0.0005951789847126596;0.004781222181679482;0.03727572374312872;0;0;671;Андреановская;Andreanovskaja;0.3540332469081515
4666280;5331323;58;0.15241498492091698;0.4420241684747389;-0.0030613648521053702;0.035735059699446445;0.20293316343465503;0;4;1139;ОРУ Невинномысская ГРЭС 110 кВ;ORU Nevinnomysskaja GRES 110 kV;0.4351866396474353
4666280;5331323;58;0.15241498492091698;0.4420241684747389;-0.0030613648521053702;0.035735059699446445;0.20293316343465503;0;4;1064;ОРУ Невинномысская ГРЭС 330 кВ;ORU Nevinnomysskaja GRES 330 kV;0.4351866396474353
4666847;5333552;41;0.0007416459707803271;0.0011813251466305582;-6.716426998392193e-06;4.973389617081673e-05;0.000416967192382678;0;0;1139;ОРУ Невинномысская ГРЭС 110 кВ;ORU Nevinnomysskaja GRES 110 kV;2300.107136634048
4666847;5333552;41;0.0007416459707803271;0.0011813251466305582;-6.716426998392193e-06;4.973389617081673e-05;0.000416967192382678;0;0;1064;ОРУ Невинномысская ГРЭС 330 кВ;ORU Nevinnomysskaja GRES 330 kV;2300.107136634048
4666858;5333568;41;0.05124120421215707;0.08051705438306428;-0.00041207172700536034;0.0034139595126530323;0.028521657911382663;0;0;1139;ОРУ Невинномысская ГРЭС 110 кВ;ORU Nevinnomysskaja GRES 110 kV;2318.333601273752
4666858;5333568;41;0.05124120421215707;0.08051705438306428;-0.00041207172700536034;0.0034139595126530323;0.028521657911382663;0;0;1064;ОРУ Невинномысская ГРЭС 330 кВ;ORU Nevinnomysskaja GRES 330 kV;2318.333601273752
4668151;6733055;61;0.06778347948658235;0.21439494042781143;-0.0021963845849292223;0.00617262621917899;0.03295972128925559;0;0;619;Сасово;Sasovo;0.6920200135218328
4668151;6733055;61;0.06778347948658235;0.21439494042781143;-0.0021963845849292223;0.00617262621917899;0.03295972128925559;0;0;1136;Сасово;Sasovo;0.6920200135218328
4677745;5337919;11;0.12102524269496479;0.13350090050193733;-0.0008546213290096097;0.005236474872002845;0.01821095401434175;0;2;1019;Невинномысск;Nevinnomyssk;0.1934998966543189
4678386;5329345;45;0.0512349822204213;0.09150687946148604;3.730069362053869e-05;0.004878398699787651;0.044058011104735624;0;0;1905;ОРУ Кубанская ГЭС-4 330 кВ;ORU Kubanskaja GES-4 330 kV;0.19035821459697622
4680379;5061969;5;0.09635609140894998;0.0991995207951737;-0.0013581254454186457;0.001739697262701411;0.004031686282946062;0;2;1920;Джвари;Djvari;0.4998440157532386
4683502;7214128;43;0.02076227208032666;0.027770568163763776;-3.3128927497385843e-06;0.002032878199092648;0.008951964403533384;0;0;627;Кинешма;Kineshma;0.3421954134585031
4684807;5264765;45;0.07457193970459013;0.14778754186761506;0.0006063319529053179;0.007700620200517805;0.05776546882857153;0;0;1086;Черкесск;Cherkessk;0.661466569489001
4685393;7816075;51;0.07432006032323951;0.16307244002373136;0.0034465346031531613;0.010127982222375842;0.08172748352308223;0;0;1132;Вельск;Vel'sk;0.37796726014820176
4685393;7816075;51;0.07432006032323951;0.16307244002373136;0.0034465346031531613;0.010127982222375842;0.08172748352308223;0;0;951;Вельск;Vel'sk;0.37796726014820176
4687686;7026096;37;0.04640696903054363;0.07587078972536739;-0.00038039446982660155;0.005114671699359816;0.02729780474126792;0;0;623;Вязники;Vjazniki;0.6509113142179884
4688074;5739078;71;0.19522043403672143;0.7860522232882617;-0.0071831950522562825;0.04737778449667498;0.5001697656891918;0;4;1908;ОРУ Цимлянская ГЭС 220 кВ;ORU Tsimljanskaja GES 220 kV;0.506581178141084
4696938;6888636;42;0.0005942661765522874;0.001614737107217259;-2.6778116782438907e-05;5.471167462941163e-05;0.0002716862452499197;0;0;794;Радуга;Raduga;495.81793277391
4696952;6888663;42;0.071640589121322;0.1912771813557544;-0.003156404565630933;0.006543492940074994;0.03171433935159895;0;0;794;Радуга;Raduga;466.8446577398447
4697021;6888360;42;0.0004356755132164388;0.0011837576542857381;-1.9630082968642553e-05;4.0117066086543575e-05;0.00019930603805554939;0;0;794;Радуга;Raduga;682.7267736510627
4697027;6888375;42;0.07168183165608258;0.19137747253147908;-0.0031579178606922957;0.006548280407545239;0.031752459660585125;0;0;794;Радуга;Raduga;666.5739732842932
4697286;6888989;56;0.01590835884174801;0.0606178500911435;0.0009006886783018627;0.0018242246789118824;0.05507304566608222;0;0;794;Радуга;Raduga;0.2219478538332911
4697640;5386593;49;0.09306021311570203;0.15478015910373455;6.05893139887635e-05;0.01075740677938477;0.0700906136389981;0;0;1069;Ставрополь;Stavropol';0.289981276879477
4698837;5723827;45;0.06580195677924688;0.14943078196746584;-0.0020843162332536956;0.012892238813094514;0.08504125697365245;0;0;103;Волгодонская ТЭЦ-2;Volgodonskaja TETs-2;0.44987079175644806
4700958;5724973;45;0.008725834883915226;0.015778769830854154;-0.00013230448564484172;0.0015069910418116414;0.008995917430271342;0;0;1015;ГПП-2;GPP-2;0.28941432193426797
4701038;5724927;45;0.008776173140778339;0.015889764200857054;-0.00013330163253201058;0.0015164676227938385;0.009061095384178777;0;0;1015;ГПП-2;GPP-2;92.13359083906515
4701051;5724914;45;0.0007232400700283697;0.0013418657540199364;-1.1366336560819518e-05;0.000126250178269424;0.000768305405577891;0;0;1015;ГПП-2;GPP-2;109.99858708615878
4701079;5724956;45;0.0011877703522174578;0.0022037334839844777;-1.8666827433575044e-05;0.00020733947816900793;0.001261780728158695;0;0;1015;ГПП-2;GPP-2;121.95776630018646
4701351;5729753;32;0.010427474670076566;0.017530080926259132;-0.0001941045399406343;0.0007400935658113651;0.005387580576326097;0;0;712;Городская-2;Gorodskaja-2;0.6746812666301393
4702694;5710948;16;0.08385949938295034;0.09298740890812394;0.0010028479983775972;0.0051947621339431035;0.034190678153950854;0;2;713;Волгодонск;Volgodonsk;0.4700638337991221
4703346;5728171;32;0.015321388993748646;0.02831624096277601;-0.00034594266081453456;0.0012562285600796906;0.009917911422905441;0;0;712;Городская-2;Gorodskaja-2;2546.0406244185265
4703358;5728179;32;0.0005961224222461373;0.0011068735394411918;-1.349996453727015e-05;4.910377294818331e-05;0.00038979087005981694;0;0;712;Городская-2;Gorodskaja-2;2550.5057817596576
4703362;5728156;32;0.0007134659719240527;0.0013247557483894571;-1.6157361240049905e-05;5.8769591252071383e-05;0.00046651914367948203;0;0;712;Городская-2;Gorodskaja-2;2567.8984841674405
4703382;5728195;32;0.023667136503512067;0.03578917484097028;-0.0003393900990497988;0.0013910427841034815;0.009529636847343592;0;0;712;Городская-2;Gorodskaja-2;2559.6565210960175
4705077;5716649;16;0.01400808734481353;0.016510228648861786;-0.00036953973650575157;0.0004190039515362536;0.0028810931752628974;0;2;713;Волгодонск;Volgodonsk;6179.15120630241
4705447;5716289;16;0.030433145729819526;0.03449939586744999;-0.0006033995316037199;0.0008579624490215714;0.004145523154994349;0;2;713;Волгодонск;Volgodonsk;6008.878855190119
4716403;5738869;34;0.1676099693264843;0.2006332978004447;0.0025294280890419364;0.009341778541136556;0.04706990195214136;0;0;1896;ОРУ Ростовская АЭС 500 кВ;ORU Rostovskaja AES 500 kV;0.4087469762163178
4718143;7368340;57;0.07039755109631281;0.25318009419028276;-0.0024859883379966204;0.010947445448748178;0.15184575501890357;0;0;624;Галич;Galich;0.22942399517501305
4719939;6226386;62;0.18318505663013102;0.6818574706472021;-0.007202488743416879;0.015040796018869436;0.1367936052584617;0;4;839;Балашовская;Balashovskaja;0.32180680702735404
4719939;6226386;62;0.18318505663013102;0.6818574706472021;-0.007202488743416879;0.015040796018869436;0.1367936052584617;0;4;871;Балашовская;Balashovskaja;0.32180680702735404
4727788;5678011;45;0.1018471090793439;0.20294618494521433;-0.0012387754585465763;0.018921781753232794;0.150556895257085;0;0;1013;Зимовники;Zimovniki;0.2074828195353555
4731100;5285915;52;0.08975683581303733;0.23559343561417534;-0.0014808993016147427;0.01617220189887827;0.12535296811654906;0;0;112;Куршавская ГЭС-2;Kurshavskaja GES-2;0.0249200717331511
4739139;5304471;4;8.905436062844323e-17;2.3730471356971656e-16;-5.925148486519439e-17;6.794169686279891e-17;1.9658151552230614e-16;0;2;112;Куршавская ГЭС-2;Kurshavskaja GES-2;20222.508343734316
4753084;6113554;43;0.05286991353460466;0.09982931800214666;-0.0006744222912533503;0.004716134686275168;0.03934619735436018;0;0;700;Сатаровская;Satarovskaja;0.4048010020254124
4758949;5232546;7;0.05420388706957182;0.05834276448424759;-0.0006855867844140833;0.0011099156776565751;0.0036365431331596074;0;2;1085;Ильенко;Il'enko;0.57248561575039
4768295;5884524;28;0.025997816367013402;0.029164126231618574;-1.6969753789309766e-05;0.001054435726238969;0.0038864442846426525;0;0;702;Суровикино;Surovikino;0.16899023568546093
4797409;5248536;61;0.10692171817810456;0.41310950544037933;-0.0019360822252623673;0.03559176459752578;0.38133344610515785;0;4;1075;Машук;Mashuk;0.35249846650491595
4797409;5248536;61;0.10692171817810456;0.41310950544037933;-0.0019360822252623673;0.03559176459752578;0.38133344610515785;0;4;1076;Машук;Mashuk;0.35249846650491595
4803579;5747288;46;0.05193252255368339;0.1133673784934034;-0.0009862310077252304;0.007395490850079911;0.05905937354680266;0;0;686;Котельниково;Kotel'nikovo;0.5063775078504125
4812582;6307502;38;0.034378106449072895;0.05600829035419298;-0.0005152491061707356;0.002306374847111263;0.014913818584512725;0;0;392;Хопёр;Hoper;0.3936973713857812
4814034;6826656;38;0.00039877070604101895;0.000638496347462161;-9.156262478650951e-06;2.4451865397123333e-05;0.00018677646311758133;0;0;356;40А;40A;13569.355055185208
4814041;6826627;38;0.03878472589558819;0.06188113706267977;-0.0008868184196062058;0.002382208745687657;0.01813231078571756;0;0;356;40А;40A;13544.114628615649
4819935;7815042;52;0.06892227889885853;0.14560992564865452;0.003087475819082772;0.007407146355641723;0.08963917473892843;0;0;950;Шангалы;Shangaly;0.551125577094091
4819935;7815042;52;0.06892227889885853;0.14560992564865452;0.003087475819082772;0.007407146355641723;0.08963917473892843;0;0;982;Шангалы;Shangaly;0.551125577094091
4820705;6574794;46;0.024988652320209453;0.06100375218524904;-0.00047298561362575344;0.003969486933421245;0.061003752185249;0;0;444;Пачелма;Pachelma;0.4732232449970055
4823754;6817188;38;0.009119647881648036;0.014602030124986481;-0.00020939825431574735;0.0005591995577737106;0.004271466159396229;0;0;356;40А;40A;0.39508688843026507
4826205;5755430;8;0.046988700114209775;0.04989951403514376;-0.00044692797943306586;0.0009563158203339726;0.0029181421923569345;0;2;1012;ГОК;GOK;0.5365883523109628
4828089;5191040;42;0.08414111964808221;0.15192885082835253;-0.0003140244306331053;0.007607066464614307;0.05218265659022518;0;0;1084;Баксан;Baksan;0.3631573767436141
4828960;7089833;66;0.13008825615036768;0.6979041251482803;-0.005178945461945322;0.02688713366873725;0.6979041251482802;0;4;1849;ОРУ Нижегородская ГЭС 220/110 кВ;ORU Nizhegorodskaja GES 220/110 kV;0.511243680340349
4832635;5387981;37;0.08697349849994347;0.13951115042830983;-0.001194892804919626;0.005120436171069212;0.048175403535557895;0;0;1070;Благодарная;Blagodarnaja;0.06958520118732402
4836096;5791653;47;0.049014533083394374;0.12143841474990726;-0.0010355217380160861;0.006705619428615709;0.04978018275526627;0;0;682;Заливская;Zalivskaja;0.5394159142954078
4846555;7029504;40;0.018524744797442635;0.029279258454074763;-0.00019614966571359117;0.0014064848607389182;0.007526949334474172;0;0;373;Этилен;Etilen;0.5996385592367124
4852235;7032442;53;0.031470631840882404;0.145319814389563;-0.0013012658837702922;0.003663515577468177;0.03517597955784669;0;0;365;Ока;Oka;0.5908653726008184
4856515;5174812;22;0.04156083887117123;0.0597916978621089;0.0015812767127968248;0.002143618548548539;0.029651550388690127;0;2;1083;Нальчик;Nal'chik;0.24539268463365635
4863568;6049479;49;0.0593132451988977;0.15988012822075748;-0.0013315633433941057;0.008228034198852461;0.08924293884219336;0;0;672;Арчеда;Archeda;0.5332622786130491
4864833;7049596;51;0.08046987750085348;0.19435216630235055;-0.0018825097216830255;0.008911100748546594;0.06384375145918189;0;0;790;Луч;Luch;0.6984852456540708
4866417;6050952;36;0.07395589509013957;0.1116862446417113;0.00018501380547351833;0.004616364125292076;0.04902640583305971;0;0;837;Фроловская;Frolovskaja;0.44608700021024766
4878122;6414231;55;0.057513762541938046;0.1592112139554409;-0.0021152510656772287;0.006030360665362795;0.058238384619423295;0;0;389;Ртищево;Rtischevo;0.19684494007424583
4879766;5926668;31;0.029964173899114124;0.034645731290032226;0.00014577162208643304;0.0019255928272078056;0.01444361661416731;0;0;694;Песковатка;Peskovatka;0.18148864994423708
4880460;6151141;41;0.04831415681833563;0.09155883752288851;-0.0006988318308702854;0.003311322163652944;0.027816344477179525;0;0;673;Астаховская;Astahovskaja;0.6028317269055301
4883473;7032728;59;0.05921679311325522;0.25049846759052413;-0.0025493718137687;0.009524034025224755;0.06741374370665923;0;0;360;Заречная;Zarechnaja;0.4413673526249597
4887996;6680652;29;0.015221317397339139;0.018221233311840317;-0.00018684850836548215;0.0007285969379494939;0.0028515611649335172;0;0;443;Мокша;Moksha;0.19784377523891764
4888191;7001337;23;0.057295671768494136;0.07692151187086109;0.0014732467915836195;0.002350162852942544;0.01766381083478543;0;2;791;Нижегородская;Nizhegorodskaja;0.5277978391197278
4889759;7028172;9;0.017797547321581546;0.025081568739827618;-0.0011215603119533383;0.0034721254755084377;0.0066628077694729695;0;2;918;Дизель;Dizel';319.8937219739791
4889876;7027874;10;0.013011684164631828;0.016916387042585485;-0.0003955496590423953;0.0007939926955847406;0.004848973289935922;0;2;918;Дизель;Dizel';0.36270849029794616
4890175;7027896;9;0.0018944439172960427;0.002671452518929138;-0.00011966736136675606;0.0003710326114578058;0.0007105503364884412;0;2;918;Дизель;Dizel';300.13232774364064
4891113;6847046;57;0.20670660192795054;0.7390214303942058;-0.009769185879782162;0.02710619446069493;0.3010717481824999;0;4;879;Арзамасская;Arzamasskaja;0.23796766640468914
4891113;6847046;57;0.20670660192795054;0.7390214303942058;-0.009769185879782162;0.02710619446069493;0.3010717481824999;0;4;793;Арзамасская;Arzamasskaja;0.23796766640468914
4891292;6846552;9;0.05459723168786566;0.06027976664580376;0.0013850427467813578;0.003058884416763552;0.009643203393347233;0;2;1937;Арзамасская;Arzamasskaja;0.09499605163161684
4891720;6846506;29;0.0006532252780073487;0.0009293056843475015;-1.0131685398941946e-05;3.231739474252274e-05;0.00018657123596520458;0;0;1937;Арзамасская;Arzamasskaja;430.55977404237814
4891779;6846525;29;0.023678898374604358;0.03357953840729042;-0.00036554376227284464;0.0011741019916319902;0.006779592170820924;0;0;1937;Арзамасская;Arzamasskaja;487.84287800824046
4899248;5979734;20;0.033343288842802854;0.036257889505041205;-6.833952385376566e-05;0.001082068906520587;0.004010412034493472;0;2;683;Иловля-2;Ilovlja-2;0.4644460776757963
4901117;7029076;46;0.03747193508529704;0.0750552396136732;-0.0006219407609318193;0.0033747423956669445;0.014364447519511145;0;0;363;Нагорная;Nagornaja;0.25349092709683574
4902588;5207850;53;0.12812538249012514;0.4402643876790897;-0.0015847017399222656;0.03268556476590781;0.42204305508213485;0;4;1077;Прохладная-2;Prohladnaja-2;0.32415011845822367
4905967;5358878;25;0.1485671394955417;0.17393572485113987;-0.0002644994581235454;0.005148437174113769;0.038272370275858;0;0;1072;Буденновск;Budennovsk;0.41568753885924553
4905967;5358878;25;0.1485671394955417;0.17393572485113987;-0.0002644994581235454;0.005148437174113769;0.038272370275858;0;0;1018;Буденновск;Budennovsk;0.41568753885924553
4910734;7004337;8;0.009472511692056977;0.012480103522338666;-0.000275903090214876;0.0009427065074588567;0.004383260939678894;0;2;375;Зелецино;Zeletsino;0.49570517537723763
4911971;7004719;6;0.0032916958386681287;0.003424346861007578;-5.89340428067968e-05;5.369709314427739e-05;0.00010465515905578844;0;2;355;ГПП Русвинил;GPP Rusvinil;0.4762216518317969
4912616;5929003;29;0.1821495526642466;0.4146187415426046;-0.005758943723083668;0.019345229804115977;0.12936696476541631;0;4;835;Волга;Volga;26503.08083592741
4913004;5344305;44;0.07811266518021322;0.1553422202976814;-0.001588343321003362;0.007918454188496488;0.051185692131074004;0;0;1071;Прикумск;Prikumsk;0.5068906877969132
4913182;7004391;7;0.012267090939776957;0.01303347185646659;-0.00014214894824365038;0.0003336036003181786;0.0008235119929076631;0;2;77;Новогорьковская ТЭЦ;Novogor'kovskaja TETs;0.340381963603545
4913737;5928949;29;0.09183093298780402;0.16331861248088753;-0.0029513997824416904;0.03196280402100725;0.12335593046568723;0;0;835;Волга;Volga;25385.112764033678
4914636;6443857;6;0.03678070500960553;0.05366254356046032;-0.003371759139376292;0.008976480603896813;0.02346840817733057;0;2;448;Сердобск;Serdobsk;711.6865617477787
4915335;6443722;42;0.02163199265471278;0.037421234191709465;-0.00016732444318427728;0.002251045212439457;0.01655960562470067;0;0;448;Сердобск;Serdobsk;0.23993676059845714
4915565;7039962;41;0.0516625804704194;0.1410793523718253;-0.0016930610564170258;0.006702740409596716;0.052527669788478074;0;0;860;Борская;Borskaja;0.14814533537883148
4916375;7039962;7;0.03806178389780458;0.04072313635074466;-0.0004804793094165953;0.0010797318202803812;0.0025835519837206847;0;2;358;Борская;Borskaja;0.36794831070049205
4919684;7005126;39;0.02842163433731433;0.05986835170126827;-0.0005816175944940943;0.0026496355408242855;0.017972368214444256;0;0;362;Кудьма;Kud'ma;0.238744319593975
4921275;6911542;36;0.028016240574582036;0.05259618182408519;-0.0005071158785652876;0.0021908356905617717;0.019513497411975566;0;0;357;Бобыльская;Bobyl'skaja;0.32940461497715756
4927263;5560146;43;0.08585038319696546;0.17159498961365285;-0.0013017155551104625;0.012541013677049769;0.10459110544962563;0;0;1014;Элиста Северная;Elista Severnaja;0.37777543569676897
4933174;6384820;34;0.01725193105151602;0.027754408258822867;-0.0002500299531111207;0.0012165328993547747;0.008509158307489193;0;0;383;Екатериновка-тяговая;Ekaterinovka-tjagovaja;0.38293709813773513
4934402;6371201;38;0.008173886899601582;0.015200518125030664;-0.00017096704631563007;0.0007847041303174073;0.004854664454770171;0;0;382;Екатериновка-газовая;Ekaterinovka-gazovaja;0.33536430895722813
4934486;6373042;38;0.024762000423795037;0.05780339374412647;-0.0006293196400425042;0.00230882039418918;0.013627755781467528;0;0;382;Екатериновка-газовая;Ekaterinovka-gazovaja;1843.15520211151
4934500;6373002;38;0.0003796648942526949;0.0007366253239902621;-7.732712172678013e-06;3.3917212000908454e-05;0.00020875000984562784;0;0;382;Екатериновка-газовая;Ekaterinovka-gazovaja;1803.9062198104027
4937198;5846758;38;0.09760621771506064;0.24095051090282676;-0.0015491517717413485;0.010196484061627148;0.11821828685411905;0;0;1936;Южная;Juzhnaja;0.15872756418766662
4937198;5846758;38;0.09760621771506064;0.24095051090282676;-0.0015491517717413485;0.010196484061627148;0.11821828685411905;0;0;838;Южная;Juzhnaja;0.15872756418766662
4938749;5927749;29;0.09657168037345878;0.17404590864409444;-0.0031130845103454524;0.034772441530128394;0.13408288559792553;0;0;835;Волга;Volga;2294.38997669693
4938881;5925458;50;0.09624969383806842;0.21622360899727117;-0.0019010540439326196;0.011060465519252822;0.08494781866012509;0;0;835;Волга;Volga;0.4095934812700224
4939715;6836700;31;0.014784890913146645;0.027060276848107717;-0.00016383301359000608;0.0011354404674529977;0.012345945558978689;0;0;361;КС Лукояновская;KS Lukojanovskaja;0.17013012478724945
4939882;5927697;43;0.15440310975618474;0.5509053106235859;-0.008445992245784397;0.04810046813223897;0.37268287788686333;0;4;835;Волга;Volga;2452.2093014606526
4940284;5854188;38;0.01715825544576959;0.07110597678132585;-0.0006396846235774324;0.0025183336869568085;0.042853117901847176;0;0;684;Канальная;Kanal'naja;0.36999525816464135
4941424;5927741;43;0.1835454809411077;0.700802084039879;-0.01011203585392937;0.09424668226784354;0.5597059547352514;0;4;835;Волга;Volga;3417.1877978498637
4945044;5904180;10;0.0010084645026721135;0.008655065902670858;0.00029391376581330364;0.0019071922104326748;0.008642648118053198;0;2;681;Гумрак;Gumrak;370.513124104802
4945051;5904111;10;0.02929863491755036;0.2523482882180252;0.008583548794123246;0.05560837604234134;0.25199193333548986;0;4;681;Гумрак;Gumrak;301.40228256255915
4945109;5903815;66;0.1470510562944277;0.7520481495939139;-0.007638400321269045;0.021794316333050838;0.29415467358773983;0;4;681;Гумрак;Gumrak;0.27773026413933677
4945152;5904152;10;0.029302072117806784;0.2520762357041786;0.008621767243858599;0.05545525030650314;0.2514850660397242;0;4;681;Гумрак;Gumrak;339.4665779340466
4945539;5890942;39;0.0005428945811699997;0.0011983528860347616;-1.1255720236338907e-05;5.128189035006525e-05;0.0004933441084058848;0;0;699;Садовая;Sadovaja;260.1925122948527
4945543;5890964;39;0.0004874571472758595;0.0010763361247886141;-1.0108262833259511e-05;4.605142717494131e-05;0.0004432489508901812;0;0;699;Садовая;Sadovaja;277.2850408051395
4945578;5890956;39;0.021150981910930424;0.04647925518890551;-0.00043246961385324677;0.001985018996504035;0.01915675170265117;0;0;699;Садовая;Sadovaja;255.06927697042343
4945582;5890934;39;0.021143207132325453;0.04644712103817101;-0.00043223874469491933;0.001984013621853151;0.019137645695702598;0;0;699;Садовая;Sadovaja;233.23861612990538
4945675;5890720;39;0.0019792744070746718;0.004369671556246852;-4.1039905347923805e-05;0.00018697545257830337;0.0017992173432164324;0;0;699;Садовая;Sadovaja;0.4301788569427864
4947047;5875252;58;0.04573971952092228;0.28953321436127055;-0.0010701462548000202;0.019062275156877105;0.2889804564132641;0;4;869;Кировская;Kirovskaja;0.3382401501589573
4947253;6372243;38;0.022547790116435443;0.05879964652921054;-0.0007671116600831165;0.002663437270680148;0.01631429586994365;0;0;382;Екатериновка-газовая;Ekaterinovka-gazovaja;12893.437931763769
4947913;5929000;27;0.1022180282818611;0.2100952773615617;-0.004551311462841533;0.04713569243924813;0.18532692299414302;0;4;835;Волга;Volga;9701.559317439163
4948394;5929092;27;0.13132583750955332;0.27821842882917963;-0.006063366357326818;0.06412762929205135;0.25035734576732305;0;4;835;Волга;Volga;10183.345926147842
4948676;5929072;27;0.10629209894066728;0.22458765925667537;-0.0048918582345296386;0.051644982070049764;0.20176908035918367;0;4;835;Волга;Volga;10440.328440810306
4953771;5928935;27;0.12326185218636493;0.26111888932826843;-0.005689934117059381;0.06016997833084426;0.23493611960450483;0;4;835;Волга;Volga;15290.499758490734
4953790;5928933;27;0.03355599055255019;0.07330803458490152;-0.0016065771339480806;0.01728157207925444;0.06692996231013384;0;0;835;Волга;Volga;15308.548666173592
4953820;7170417;47;0.06780770360787132;0.2842742255044029;-0.0027151227567741533;0.010070239119127472;0.10863973864385837;0;0;369;Рыжково;Ryzhkovo;0.13937406595721544
4954067;5928916;27;0.0823884747218833;0.18011361514211038;-0.003947441753110703;0.04247053718202563;0.16444741343229688;0;0;835;Волга;Volga;15574.663441288416
4955632;7115224;58;0.08637636151470646;0.2924632462580646;-0.0030312415639504793;0.014336511424857482;0.17691175119384328;0;4;370;Семёновская;Semenovskaja;0.3931738813599291
4956209;5930226;27;0.14894105498371676;0.31631791489486494;-0.006896599293543789;0.0730541804969246;0.2850407503134481;0;4;835;Волга;Volga;17971.928209733414
4956531;5930042;27;0.23676936496931142;0.5173325244824478;-0.011338493883578033;0.12194805402619083;0.47222134051803516;0;1;670;Алюминиевая;Aljuminievaja;18176.818219203513
4958680;5913510;50;0.0005284978075597046;0.0013880937677644447;-1.2693803393935957e-05;7.093297616465676e-05;0.0005600791817107103;0;0;670;Алюминиевая;Aljuminievaja;4941.171217636273
4958692;5913482;50;0.023406967663567785;0.06072131714151549;-0.000550997545750931;0.003137731555107812;0.025059652439473085;0;0;670;Алюминиевая;Aljuminievaja;4928.086419980595
4960032;5902753;52;0.039497454847599894;0.11900741494085519;-0.0013104703303629711;0.0078072234281485;0.08702649674880465;0;0;707;Юбилейная;Jubilejnaja;0.3791535039059597
4960551;6770856;37;0.0004307456647224944;0.000746078131194518;-7.274967674047146e-06;3.8819849098242084e-05;0.0003368160012513767;0;0;367;Починковская-1;Pochinkovskaja-1;12472.046553523352
4960573;6770859;3;0.06921932338142052;0.08049213113615478;-0.010963212372130781;0.010963212372135291;0.011891998519932168;0;2;367;Починковская-1;Pochinkovskaja-1;12455.707113618791
4960624;6770865;34;0.01722394285703986;0.03025898865231609;-0.00032217960789591375;0.0012308544181900015;0.013631458550013974;0;0;367;Починковская-1;Pochinkovskaja-1;12418.636717097968
4960655;6770828;34;0.00034392067639784637;0.0006058309527721273;-6.448791497669941e-06;2.4656875741388134e-05;0.0002735015950947816;0;0;367;Починковская-1;Pochinkovskaja-1;12427.625914761595
4961825;5905596;50;0.009417608633306564;0.024735247079827362;-0.0002261982371964953;0.0012639957993370976;0.009980375436879673;0;0;701;Северная;Severnaja;0.20307284433938835
4963617;5913303;63;0.08788752151423466;0.6800109609919996;-0.0032628596431958624;0.035718195585428644;0.5816629923584552;0;4;670;Алюминиевая;Aljuminievaja;0.2517718215137573
4964755;5202918;38;0.08607101757111046;0.13029061062298902;-0.00046548378688975126;0.008004846895623035;0.05398422945783123;0;0;1081;Моздок;Mozdok;0.4610680325421881
4965831;5858081;38;0.028403890154154888;0.09930917456444037;-0.0009300515143037933;0.00361983025928916;0.05063821139264443;0;0;687;Красноармейская;Krasnoarmejskaja;4756.58220312956
4968510;6780459;37;0.016725912487136216;0.05658489526828994;-0.0006662146736415022;0.0018294571669563978;0.01740911758885619;0;0;367;Починковская-1;Pochinkovskaja-1;0.4552323576276107
4969259;5860446;44;0.03734899581310399;0.09394606718774906;-0.001361273913626287;0.004882172578261356;0.0598257090244858;0;0;687;Красноармейская;Krasnoarmejskaja;613.7981151242135
4969276;6780765;34;0.011524785235564305;0.021818268307705967;-0.0002482429297421164;0.0008225343608378051;0.009738642688372896;0;0;368;Починковская-2;Pochinkovskaja-2;0.6660344210168015
4969842;5860637;44;0.007085442581004523;0.02409109442518988;-0.00012754540952109635;0.0013450866303705655;0.018339258286461182;0;0;687;Красноармейская;Krasnoarmejskaja;0.5166529395874608
4970462;5914154;62;0.11643205456469762;0.6871982938939356;-0.006098492436894148;0.01335211986772734;0.12849598220755643;0;4;1895;ОРУ Волжская ГЭС 500 кВ;ORU Volzhskaja GES 500 kV;0.1767805970051469
4971823;5912712;63;0.05824666892887116;0.699434697488659;-0.002639915808742665;0.020689445896509225;0.5116775221046177;0;4;1869;ОРУ Волжская ГЭС 500/220 кВ;ORU Volzhskaja GES 500/220 kV;0.4975231538922073
4972135;5913203;49;0.2742970765588578;0.7025057337971566;-0.007000961900211392;0.13438359647273143;0.5634220389084692;0;1;1869;ОРУ Волжская ГЭС 500/220 кВ;ORU Volzhskaja GES 500/220 kV;582.0140901453857
4972312;5913224;49;0.017858147049683606;0.04763705727682065;-0.0001351061401299324;0.010469527647946337;0.041384489092032836;0;0;40;Волжская ГЭС;Volzhskaja GES;645.6427610851209
4972435;5860262;44;0.007301185961858641;0.018496410972112097;-0.000268367058328174;0.0009587842078164908;0.011728604400265654;0;0;39;Волгоградская ТЭЦ-3;Volgogradskaja TETs-3;0.33920656076233974
4973099;5115880;59;0.14995469186183993;0.3917731833370008;-0.001859338342413348;0.0416732302515784;0.32846633091553445;0;4;1079;Владикавказ-2;Vladikavkaz-2;0.41560408917145897
4974694;7356861;35;0.05887756084227062;0.0674959038479274;0.0004430548452872996;0.0033931513793821026;0.019113101055508668;0;0;825;Звезда;Zvezda;0.32809561114704133
4976911;5126741;45;0.07298881126915942;0.19279007184478594;-0.001230314779940132;0.00986512140226485;0.07425257521746301;0;0;1080;Владикавказ-500;Vladikavkaz-500;0.4528619203118085
4980534;7359017;49;0.06519241100683332;0.2536440421623357;-0.002845630239752215;0.009108118758655711;0.09701883542559119;0;0;629;Мантурово;Manturovo;0.5468737053731254
4982432;6180541;44;0.03673593713955617;0.08755201239112462;-0.0007323912338339545;0.0038276018704835007;0.04313134195985047;0;0;688;Красный Яр;Krasnyj Jar;0.3754742322657722
4983511;5911574;58;0.11342245698383524;0.46604160542970136;-0.0028372286598648605;0.030811324875265052;0.2524167360745016;0;4;678;Волжская;Volzhskaja;0.49773467968806057
4986001;6545256;46;0.05692652114151925;0.11701989331306419;-0.00036654127466068754;0.007465928026200284;0.08934849379797011;0;0;1137;Пенза-2;Penza-2;0.4339811650155307
4986001;6545256;46;0.05692652114151925;0.11701989331306419;-0.00036654127466068754;0.007465928026200284;0.08934849379797011;0;0;802;Пенза-2;Penza-2;0.4339811650155307
4990363;7819352;52;0.07590899579817204;0.15438401613540553;0.0032710191098462315;0.007462454162986967;0.10998585729666738;0;0;952;Кизема;Kizema;0.3718436914574099
4990363;7819352;52;0.07590899579817204;0.15438401613540553;0.0032710191098462315;0.007462454162986967;0.10998585729666738;0;0;981;Кизема;Kizema;0.3718436914574099
4991119;5908146;30;0.009467821782599441;0.01116765096561543;-4.059777019001157e-05;0.0004244244131423589;0.0016663117708853419;0;0;708;ЭМК;EMK;0.44237802725204267
4994496;6804643;36;0.05532694075729;0.10722822586530045;-0.0010419617484765417;0.005113527605216179;0.047390437315435054;0;0;792;Осиновка;Osinovka;0.271173153948802
4999613;6029159;48;0.06570606581432288;0.18060798358107386;-0.002538825044222689;0.009933783353848383;0.08467653421153112;0;0;696;Полунино;Polunino;0.47959691336728105
4999681;6685712;18;0.020980419330381823;0.02556324475164732;-0.00023474104474265628;0.0008268982281717701;0.004838806371740036;0;2;1135;Рузаевка;Ruzaevka;259.1811108092773
4999681;6685712;18;0.020980419330381823;0.02556324475164732;-0.00023474104474265628;0.0008268982281717701;0.004838806371740036;0;2;446;Рузаевка;Ruzaevka;259.1811108092773
4999745;6685780;18;0.0008281407895559983;0.0009527477358119128;-1.1831190473482141e-05;3.462216470136341e-05;0.0001562339278780451;0;2;1135;Рузаевка;Ruzaevka;165.85301263596745
4999745;6685780;18;0.0008281407895559983;0.0009527477358119128;-1.1831190473482141e-05;3.462216470136341e-05;0.0001562339278780451;0;2;446;Рузаевка;Ruzaevka;165.85301263596745
4999853;6685905;61;0.07164196510724996;0.2278932560097079;-0.002793792957473277;0.008514512296851795;0.06376580733499512;0;0;1135;Рузаевка;Ruzaevka;0.6639281658634769
4999853;6685905;61;0.07164196510724996;0.2278932560097079;-0.002793792957473277;0.008514512296851795;0.06376580733499512;0;0;446;Рузаевка;Ruzaevka;0.6639281658634769
5001964;5906295;32;0.06963948843712472;0.1010396561924569;-0.00029455136145298857;0.004198328275449144;0.024302955425227035;0;0;836;Трубная;Trubnaja;0.5620555232635271
5004353;7017303;40;0.026255821093769942;0.04388011780197951;-0.0003773381904405243;0.0027103175955850004;0.015015681659724837;0;0;364;Макарьево;Makar'evo;0.3074249833153755
5007403;6361487;34;0.03538761085411711;0.07055984805084607;-0.00041446519127970305;0.0035667425486542643;0.02404593572917369;0;0;376;Аткарская;Atkarskaja;0.3810602180079038
5010087;6564796;9;0.02947871341786086;0.03363939376290139;0.00022187796286785453;0.0020414054311567132;0.0068101152548207255;0;2;1909;Пенза-1;Penza-1;0.6850834993916428
5010723;6564945;49;0.08559591269255805;0.30852303692032945;-0.0039329856396660345;0.015986103161013163;0.1360258003329798;0;0;445;Пенза-1;Penza-1;0.5983201556302158
5010787;6564940;9;0.00018738933447261173;0.00021647341494677528;3.579724543661286e-06;1.2573944093401017e-05;4.9334290733909304e-05;0;2;445;Пенза-1;Penza-1;63.84058416874438
5010806;6564940;9;0.0015259644507329944;0.001762446921673273;2.9599548332501464e-05;0.0001022958819988747;0.00040128539966023105;0;2;445;Пенза-1;Penza-1;82.78708466306902
5011070;6565000;9;0.0015930169924138933;0.0018214708415164478;5.4499695690993767e-05;9.551185575994457e-05;0.00038639507320550534;0;2;445;Пенза-1;Penza-1;350.87352220883264
5011507;6565322;9;0.010599989849148114;0.011886084198417001;0.00038038038087797834;0.0005658487675404081;0.0021190101953381772;0;2;445;Пенза-1;Penza-1;869.3844547656904
5012613;6080938;31;0.033504639123954606;0.047503649853466924;0.00014165309000675698;0.001864581829744705;0.014175289034239189;0;0;703;Таловка;Talovka;0.47881742744573236
5014274;5975144;33;0.040092785573625424;0.2625253881010354;-0.0021023054425507587;0.008947431792764844;0.1398648502009497;0;0;697;Приморская;Primorskaja;0.372843695616203
5027037;6711552;47;0.029899646207160423;0.08116928303739426;-0.0011047166183429395;0.0031613388851586717;0.020625117905999697;0;0;447;Саранская;Saranskaja;0.48696637385274005
5033768;6100751;58;0.03380859477895306;0.4240675309908827;-0.000882321072961324;0.01943099710288951;0.4196361944856289;0;4;695;Петров Вал;Petrov Val;0.5305319304209054
5034252;6714872;3;0.0009880899413421487;0.0010209329628893258;-2.786567062845316e-05;2.7865670628449384e-05;4.279772338463238e-05;0;2;452;Центролит;Tsentrolit;140.88702634892402
5034252;6715022;3;0.006567798165965246;0.006792575374435818;-0.0001917930639137794;0.00019179306391375406;0.0002907454975842067;0;2;452;Центролит;Tsentrolit;290.84271383973874
5034257;6714731;43;0.023248118200751854;0.045047002790564776;-0.0005292621877029457;0.0023074592980679904;0.0162506368270401;0;0;452;Центролит;Tsentrolit;0.214460369211215
5041743;6710339;3;0.004426282364196417;0.004577310493826352;-0.00012907910493224414;0.0001290791049322268;0.000194926179025349;0;2;449;Тепличное;Teplichnoe;0.39127970567175163
5048185;6101590;48;0.04400943204637861;0.12023928187115814;-0.0015972490125834872;0.006430317459321067;0.060785968068553804;0;0;690;Литейная;Litejnaja;0.02538700427194009
5053093;6051554;47;0.12553845249895096;0.37892232747238547;-0.007151087021116336;0.022984702182723332;0.27264103983846016;0;4;680;Головная;Golovnaja;0.47425853859958816
5055971;5777422;40;0.055305946769918825;0.20781735136522173;-0.0025980288908505145;0.008339992618570954;0.11137931085698717;0;0;676;Большой Царын-1;Bol'shoj Tsaryn-1;0.44153971343318443
5057106;6914030;53;0.038357304950231506;0.10930911107522534;-0.001162468437075035;0.003854310709405617;0.021155762599347764;0;0;371;Сергач;Sergach;0.4821762432220886
5097058;6325944;46;0.06147066203107437;0.20255582974278402;-0.001812592037879618;0.009738822563817705;0.10381987573549181;0;0;795;Курдюм;Kurdjum;0.4359245937603025
5097319;5138823;39;0.09562053382066986;0.26378915499892297;-0.0009525203986781772;0.02529920694802281;0.2637891549989229;0;4;1088;Грозный-1;Groznyj-1;0.20865689484442476
5097319;5138823;39;0.09562053382066986;0.26378915499892297;-0.0009525203986781772;0.02529920694802281;0.2637891549989229;0;4;1094;Грозный-1;Groznyj-1;0.20865689484442476
5101456;6926579;32;0.01785559653072128;0.03603761707462733;-0.0003136866978007994;0.0012889165045164117;0.01621132921188371;0;0;366;Пильна;Pil'na;0.5223559134262038
5103276;6747818;36;0.015325414957441425;0.031923938125478994;-0.00040981275472719265;0.001198144782809082;0.011557291645523974;0;0;440;Комсомольская;Komsomol'skaja;0.39932354049212004
5116120;6868703;37;0.009737316753085104;0.0899793259230678;-0.0011257454828129516;0.0025129782407778646;0.047804209384371445;0;0;359;Ермолово;Ermolovo;0.5096079772084628
5116293;6868707;33;0.0017987734739569404;0.003562861718232398;-3.779660512133363e-05;0.00012327830982846445;0.0015927026569242102;0;0;359;Ермолово;Ermolovo;172.93592541783426
5116403;6320280;61;0.17662734785996223;0.6776774513687176;-0.009926574845685618;0.025054352925314216;0.27629849675073576;0;4;390;Саратовская;Saratovskaja;0.26231221862250254
5116536;6868371;33;0.04438003504204671;0.08706967759690566;-0.0008854295625011045;0.003245368540020213;0.039076048576490684;0;0;374;Сеченово;Sechenovo;0.6453777584077011
5116764;6869299;33;0.0029235168332677622;0.006433499604456835;-6.453507395924761e-05;0.00022033001169827936;0.00256213869928252;0;0;372;Филатово;Filatovo;0.24044733307955946
5116823;6869180;32;0.0021430462544318957;0.004338220254190075;-3.781075380390562e-05;0.00015509312433731735;0.0019559327686080276;0;0;372;Филатово;Filatovo;132.87356326511505
5128312;5806117;47;0.13616073980777613;0.41583991152360206;-0.004103073938555399;0.02337045957695345;0.24029357425949402;0;4;706;Черный Яр;Chernyj Jar;0.4532086494058278
5131081;6283524;36;0.021333685740382004;0.047101792353738355;-0.0004429244340649172;0.002514146652701498;0.020101031308885294;0;0;388;Пушкино;Pushkino;0.4504178052686406
5138330;5838781;53;0.14641202979625878;0.45358183044135747;-0.004857999493786725;0.03545026268155997;0.4114238491895302;0;4;677;Владимировка;Vladimirovka;0.42265504927493613
5162722;6909154;34;0.03123947056756766;0.04584390644726912;-0.00017239853628536663;0.002286299842778689;0.012978098955781607;0;0;433;Венец;Venets;0.1864001073017024
5166821;6317596;8;7.79304998622229e-17;1.6471422274686628e-16;-2.5763204229459237e-18;5.759015907137712e-17;1.2966025796811297e-16;0;2;385;Красный Яр;Krasnyj Jar;2588.145398611735
5166821;6317596;8;7.79304998622229e-17;1.6471422274686628e-16;-2.5763204229459237e-18;5.759015907137712e-17;1.2966025796811297e-16;0;2;1934;Красный Яр;Krasnyj Jar;2588.145398611735
5167222;6320153;37;0.030583083708065527;0.06615824231678398;-0.0006639140087285696;0.0038195978076250945;0.02823384549880187;0;0;385;Красный Яр;Krasnyj Jar;0.1384036123698912
5167222;6320153;37;0.030583083708065527;0.06615824231678398;-0.0006639140087285696;0.0038195978076250945;0.02823384549880187;0;0;1934;Красный Яр;Krasnyj Jar;0.1384036123698912
5183061;6547437;44;0.00037257291393278817;0.001264086863868272;-1.2916220053395591e-05;5.2122376807820426e-05;0.0004185007225700712;0;0;1935;Кузнецк;Kuznetsk;1662.3848175782923
5183061;6547437;44;0.00037257291393278817;0.001264086863868272;-1.2916220053395591e-05;5.2122376807820426e-05;0.0004185007225700712;0;0;442;Кузнецк;Kuznetsk;1662.3848175782923
5183067;6547410;44;0.03554205914643233;0.11793372467078564;-0.0012134932535031292;0.004925025274798414;0.038986982296610434;0;0;1935;Кузнецк;Kuznetsk;1634.7325368740767
5183067;6547410;44;0.03554205914643233;0.11793372467078564;-0.0012134932535031292;0.004925025274798414;0.038986982296610434;0;0;442;Кузнецк;Kuznetsk;1634.7325368740767
5183097;6547407;44;0.03604227608616512;0.11944429609631192;-0.0012308320300303973;0.004989545490026032;0.03927824116372214;0;0;1935;Кузнецк;Kuznetsk;1624.9280352418064
5183097;6547407;44;0.03604227608616512;0.11944429609631192;-0.0012308320300303973;0.004989545490026032;0.03927824116372214;0;0;442;Кузнецк;Kuznetsk;1624.9280352418064
5183456;6545822;46;0.01099540584931386;0.17152098775189606;-0.0011696780856203372;0.004049027216482415;0.14113771965926153;0;0;1935;Кузнецк;Kuznetsk;0.2339047014657811
5183456;6545822;46;0.01099540584931386;0.17152098775189606;-0.0011696780856203372;0.004049027216482415;0.14113771965926153;0;0;442;Кузнецк;Kuznetsk;0.2339047014657811
5191982;7834601;52;0.06427307473835422;0.12804800037807657;0.0026822951147065194;0.006157480237514437;0.10055463768922562;0;0;953;Заовражье;Zaovrazh'e;0.42394853318399656
5213280;5068956;27;0.0407204874212648;0.06634450456530863;0.0011552934988710898;0.005554539895563375;0.06634450456530568;0;0;115;Ирганайская ГЭС;Irganajskaja GES;0.5517342945493414
5215982;6088656;47;0.09816455964432855;0.2948595080398034;-0.005410461149786781;0.017927850229942872;0.21021219653117879;0;4;693;Палласовка;Pallasovka;0.33434284740168574
5217666;5100223;47;0.04469246640138606;0.10499445105799647;-0.001247333989338163;0.00892275784887132;0.06787400285149817;0;0;116;Чиркейская ГЭС;Chirkejskaja GES;0.20208179218156502
5218799;5125586;51;0.11944604016975914;0.22883690510943488;-0.0003575481156498174;0.026862778680642584;0.1841824157341603;0;4;1087;Чирюрт;Chirjurt;0.536662164798598
5221716;6397428;13;0.031249348900654252;0.03671878105510991;0.0001981840051736901;0.002053608668132982;0.006685552378401859;0;2;391;Терешка;Tereshka;0.39477702592029346
5234985;6350550;37;0.03195052074061355;0.07565666178506465;-0.0007695394167345464;0.0036708163826347576;0.028843200559010462;0;0;387;Подлесное;Podlesnoe;0.34974762223691797
5236070;6348879;8;7.79304998622229e-17;1.6471422274686628e-16;-2.5763204229459237e-18;5.759015907137712e-17;1.2966025796811297e-16;0;2;387;Подлесное;Podlesnoe;1992.2496673676221
5237659;6350967;8;0.07255141088739112;0.16785426391228614;-0.018532956181188828;0.024999309965426462;0.10389125700848295;0;2;387;Подлесное;Podlesnoe;2705.9724180282014
5245397;7852584;52;0.013533080376807257;0.027394006763629342;0.0005161889171039338;0.0015181837798123414;0.025099848362782194;0;0;91;ТЭЦ-1 Котласского ЦБК;TETs-1 Kotlasskogo TsBK;0.3627870977273093
5246342;6687239;66;0.17219113734796798;0.7906079931355031;-0.007415774158280152;0.017497707695398365;0.17679747556918674;0;4;801;Вешкайма;Veshkajma;0.6684202249322604
5246342;6687239;66;0.17219113734796798;0.7906079931355031;-0.007415774158280152;0.017497707695398365;0.17679747556918674;0;4;880;Вешкайма;Veshkajma;0.6684202249322604
5246386;7847187;39;0.09248197148885803;0.140409349043788;0.001527196024266228;0.01044724819496746;0.12864419250949816;0;0;91;ТЭЦ-1 Котласского ЦБК;TETs-1 Kotlasskogo TsBK;5486.952415065994
5248456;6626292;33;0.015717098471130928;0.03314554790667338;-0.000321658321203703;0.00119727297312461;0.012455806304420898;0;0;432;Барыш;Barysh;0.44490588826368904
5253837;5485388;31;0.033448292320529247;0.06757874595291223;-0.00023871535030411015;0.002606347485316898;0.0352093187058223;0;0;689;Лиман;Liman;0.5270441828016222
5255827;6400628;6;0.43938085614371986;0.4507699941527602;-0.0045552147688982525;0.007817150313399102;0.0157393526506166;0;4;380;Вольская;Vol'skaja;20346.36530765569
5256541;5108905;9;0.09011927999755899;0.09711678689598521;-0.0015845769363346824;0.00295749835231506;0.006663763327509828;0;2;1089;Артём;Artem;0.29865632432056766
5257747;6544557;52;0.09328482071409536;0.36174393526277393;-0.00429061878713698;0.01137989370357154;0.10005274505454803;0;0;804;Ключики;Kljuchiki;0.5205412285284116
5264149;5711129;42;0.10088534895119405;0.36245775187445234;-0.006842867316313164;0.014060492167559967;0.18327023072098686;0;4;705;Харабали;Harabali;0.5177434224872101
5265448;7007252;58;0.08174353282460765;0.42142727994011486;-0.005197500592915652;0.014670475977752617;0.15479485738932502;0;4;76;Чебоксарская ТЭЦ-2;Cheboksarskaja TETs-2;0.25267568039123595
5267846;6984090;33;0.010787902690450532;0.013492636222595347;-3.4518415817959537e-05;0.0007360892305625986;0.004506931316901332;0;0;436;ГКС Абашево;GKS Abashevo;0.4894536664989462
5271692;6387890;61;0.017493147050623197;0.07263221969589946;-0.0009645564685534581;0.002651286838009438;0.024828945088522354;0;0;380;Вольская;Vol'skaja;0.4939243058744611
5271715;6390094;57;0.0706691335085967;0.25916176636390187;-0.0036182077013385805;0.01105497316618564;0.1539582392836224;0;0;380;Вольская;Vol'skaja;2204.34356581937
5271723;6390109;57;0.0007883950097118582;0.0027027487300379806;-4.153889816010635e-05;9.49662432111886e-05;0.001343665977438068;0;0;380;Вольская;Vol'skaja;2219.438530252488
5271737;6390037;61;0.14494869496316554;0.6801965881569157;-0.008805915059783538;0.024250749492661348;0.2700563294896447;0;4;380;Вольская;Vol'skaja;2147.690451710649
5271747;6390054;61;0.0013600111692954515;0.006754340283765265;-8.138639036873547e-05;0.00022183773535767542;0.0023089359614363036;0;0;380;Вольская;Vol'skaja;2164.915765051651
5273377;6990902;33;0.03348911288287605;0.042118693913108164;-0.0001129854687573722;0.002315002941502964;0.014082984583900764;0;0;436;ГКС Абашево;GKS Abashevo;8774.695562238297
5275148;6992040;33;0.0254489571826675;0.03159778857124051;-7.566707822786492e-05;0.0017072088555859831;0.010538171307918058;0;0;436;ГКС Абашево;GKS Abashevo;10794.49083034314
5282247;7008012;43;0.07491210682003513;0.11624040247293926;-0.0007627059364320283;0.005360651886680182;0.02867285236772068;0;0;1883;ОРУ Чебоксарская ГЭС 500/220 кВ;ORU Cheboksarskaja GES 500/220 kV;0.35536467211783673
5286151;5638371;36;0.052206871157551175;0.15127806426915913;-0.001187298074708268;0.006784544354625376;0.07836110831324763;0;0;691;Нефтепровод;Nefteprovod;0.18519700235846143
5288030;6443727;16;0.022405961333985955;0.028311434381942238;0.000591592748489596;0.0019545917573409637;0.008745018666729804;0;2;378;Буровка-тяговая;Burovka-tjagovaja;0.48983194244160666
5288732;6913225;51;0.06441434313977769;0.1693093748882853;-0.00125431041619823;0.006280729362121525;0.04594002431358651;0;0;439;Канаш;Kanash;0.4287405414684762
5300055;5079103;47;0.10960548119644696;0.2762652422985298;-0.002854060391472908;0.02204225485696866;0.157337099065957;0;4;1090;Махачкала;Mahachkala;0.3714524060029844
5305956;6389335;8;0.29090599561015323;0.7066440605607414;-0.05563244568807236;0.09567531093690966;0.5301264011351527;0;1;42;Саратовская ГЭС;Saratovskaja GES;11634.670465164998
5316387;6384182;52;0.09248499694895614;0.3021835581854132;-0.003699803348306077;0.013117067356728327;0.18349849082107333;0;4;42;Саратовская ГЭС;Saratovskaja GES;0.45732545419385634
5317486;6378196;63;0.08984274874990232;0.7066542150544526;-0.006255477244452685;0.0134715121392235;0.1730831576722185;0;4;377;Балаковская;Balakovskaja;0.2498501949939154
5317846;6368965;9;0.007846757234193293;0.008961528632076133;-3.8244535343106855e-05;0.0006166463137793073;0.0015756716349063027;0;2;386;Метзавод;Metzavod;0.42467411232334423
5320455;6374987;45;0.04223164059301561;0.1867019515959097;-0.00147933642212379;0.008079700287886259;0.11537739797375979;0;0;393;Центральная;Tsentral'naja;0.4029309257248448
5321614;6371144;12;7.723395573785589e-17;1.4316506649409574e-16;7.981259964145003e-18;4.8043992842094914e-17;1.0741058253910005e-16;0;2;393;Центральная;Tsentral'naja;4013.6557516729617
5321952;6368511;9;5.726627808632634e-17;1.947576694450877e-16;1.5153203686438888e-17;4.780736255579646e-17;1.2822457961698836e-16;0;2;386;Метзавод;Metzavod;4130.627626830294
5328780;5543291;37;0.04292315892350052;0.3163426559970484;-0.0021077930506027466;0.010523948906612601;0.18388789972315783;0;0;675;Баррикадная;Barrikadnaja;0.029719520610000123
5330536;7083194;52;0.06704693588820419;0.18971065065441875;-0.0020224792434259046;0.0062926898651796456;0.049209742932214945;0;0;453;Чигашево;Chigashevo;0.17525672602318307
5331291;6371399;37;0.038159941286030036;0.050009822426591785;-0.0014514596096301294;0.0013807469316251008;0.04862313806533351;0;0;393;Центральная;Tsentral'naja;11414.610715531016
5331711;6371725;37;0.539129745985436;0.7063859177735617;-0.020488096788708568;0.019493486453884837;0.6863331201138391;0;1;393;Центральная;Tsentral'naja;11719.183019848935
5335053;5591699;35;0.07488214778505062;0.15389115632656705;-0.0009562103266075117;0.0070683501253040034;0.07352099594019511;0;0;674;Астрахань;Astrahan';0.36217490131568625
5336128;5592181;53;0.09720518916708137;0.3634964295368154;-0.004720802668193164;0.030552107271811943;0.34329423769818235;0;4;698;Рассвет;Rassvet;0.32059359134546883
5336354;6386832;28;0.025096548858667012;0.03139645244266455;-0.00011977397981466444;0.00030832100986817975;0.006059307711894404;0;0;43;Балаковская АЭС;Balakovskaja AES;4030.4960271143805
5336537;6386488;28;0.2944239957006895;0.29451658567549177;1.018617825086933e-05;4.23211979315883e-05;0.0006470609756397683;0;0;43;Балаковская АЭС;Balakovskaja AES;4267.2088773323785
5337117;6380077;9;0.006892688487631982;0.007804941725087428;-1.1696779806932882e-05;0.0004930730949138329;0.0013147028348931113;0;2;43;Балаковская АЭС;Balakovskaja AES;10407.422031693566
5337195;6379576;9;0.01146545133655809;0.013091262751900838;-5.492184839156189e-05;0.0008988482407334612;0.0022990874507494707;0;2;43;Балаковская АЭС;Balakovskaja AES;10898.73822898689
5337922;6391045;37;0.09677417580761108;0.18602272174708753;-0.0007508871970818115;0.009757869650782439;0.0681585055372124;0;0;1881;ОРУ Балаковская АЭС 500/220 кВ;ORU Balakovskaja AES 500/220 kV;0.48056555181103694
5344770;5623370;33;0.042278226755557466;0.27743185034772455;-0.002168222728456817;0.008837042828294452;0.1490661820455521;0;0;704;Тяговая-1;Tjagovaja-1;0.5154236428302514
5354386;5572584;8;0.019830216857953022;0.022321714608751285;-0.00019641516647626108;0.0010163925491042352;0.0030236650383765086;0;2;41;Астраханская ПГУ-235;Astrahanskaja PGU-235;0.3657281220310613
5354543;5619386;21;0.050299836163949764;0.15975456369036786;-0.002521704816439598;0.007333995599964086;0.08072931644917165;0;2;870;Газовая;Gazovaja;0.4327493503613612
5354617;5619730;11;0.03966866769659848;0.0462394220164699;0.00020251223543719748;0.0020395688217084;0.006951169126622969;0;2;679;Газовая;Gazovaja;0.3529952564650735
5359680;6485831;53;0.0007167585088672128;0.0020337213519624597;-2.9499650601197794e-05;8.925560005484274e-05;0.0010435054261225165;0;0;379;Возрождение;Vozrozhdenie;7860.444392606615
5359719;6485817;53;0.05067285454365875;0.14433527277264216;-0.0021033919390246246;0.00624854350177983;0.07355563747122479;0;0;379;Возрождение;Vozrozhdenie;7821.222167849516
5365830;6480936;53;0.01004460267364462;0.028500426122116722;-0.00041340600165131754;0.001250821619635156;0.01462361069107871;0;0;379;Возрождение;Vozrozhdenie;0.47565286801835527
5367652;6813779;35;0.04215309185713548;0.05197402305812753;-0.0001644624780500813;0.0030036678358936297;0.01734172265654782;0;0;723;Студенец;Studenets;0.44972330233920116
5369478;6951033;35;0.031931505701040995;0.03848266626946308;-0.00011515722993335448;0.0019524526383611143;0.012827414542762847;0;0;450;Тюрлема;Tjurlema;0.5155346152714345
5371878;6700420;59;0.0007449246342705968;0.008399191713808579;-3.52836498593901e-05;0.00018587793495598731;0.005864157058605837;0;0;441;Кременки;Kremenki;10158.009857607181
5371906;6700393;36;0.0003117825173621326;0.0006179856559345335;-7.509227865939246e-06;2.6374956124688224e-05;0.00022692069566217888;0;0;441;Кременки;Kremenki;10131.579445083798
5371911;6700422;59;0.04550667307908111;0.4934384628402239;-0.0026582239498905793;0.011387217313235165;0.30987057024346304;0;4;441;Кременки;Kremenki;10124.949796075267
5375338;6282776;46;0.021638234737293566;0.06960415802457162;0.00018302123416380402;0.003843517531373465;0.06960415802457155;0;0;1933;Ершовская;Ershovskaja;0.17118843397770106
5375338;6282776;46;0.021638234737293566;0.06960415802457162;0.00018302123416380402;0.003843517531373465;0.06960415802457155;0;0;384;Ершовская;Ershovskaja;0.17118843397770106
5375364;4974484;47;0.13697064093728975;0.4046062000747967;-0.005259664779000785;0.02974407752124993;0.2194262681480414;0;4;1091;Дербент;Derbent;0.34789906679245797
5375687;6722788;59;0.05041468790871816;0.228699513805146;-0.0015811188874043835;0.009962750120050799;0.15967368216816236;0;0;451;Ульяновская;Ul'janovskaja;0.5009135873521078
5377216;7350523;57;0.05439818214163105;0.21812536482882;-0.0017803741228346111;0.011171681878043295;0.132874418718753;0;0;504;Котельнич;Kotel'nich;0.23846989324971515
5382021;6700979;59;0.024675903902011027;0.14758977479247298;-0.0002515544770172591;0.004802654555673884;0.10304439392714496;0;0;441;Кременки;Kremenki;0.6025191181786183
5383635;6973975;42;0.02131372141966608;0.09527253946316655;-0.0008988275687613574;0.0025820791485016772;0.03486350045391383;0;0;434;Волжская;Volzhskaja;0.0431807813091547
5386713;6545267;32;0.017360614409012952;0.03642991913213069;-0.00022107732874668845;0.0014944416439105748;0.009449593962780868;0;0;417;Кубра;Kubra;0.28369288138249066
5388804;6984598;37;0.06110308204308408;0.08033371563858481;0.00024142234014788277;0.00405063859280574;0.023275467479232426;0;0;803;Помары;Pomary;0.21599893534940198
5388804;6984598;37;0.06110308204308408;0.08033371563858481;0.00024142234014788277;0.00405063859280574;0.023275467479232426;0;0;1919;Помары;Pomary;0.21599893534940198
5395741;7926462;35;0.14226845475784683;0.1951646685382406;0.00011155449566927285;0.01619083990683334;0.17909811682336;0;0;949;Урдома;Urdoma;0.4508963509906477
5396889;6963903;52;0.07694188350509752;0.32395350379871046;-0.004115767489000232;0.008193775875289215;0.08419707814587975;0;0;718;Зеленодольская;Zelenodol'skaja;0.06983251275852687
5397149;6556471;63;0.11106118894145271;0.6958899647092669;-0.005475218868587935;0.023473393731738956;0.4819215112582541;0;4;426;Сызрань;Syzran';0.5803321535759877
5398901;6554193;35;0.006211940976219802;0.012259936299111113;-0.0001269581380689863;0.0005317277504081758;0.004192517430806699;0;0;408;ГПП-2 СЗТМ;GPP-2 SZTM;0.3221872895737376
5399982;6339890;12;7.723395573785589e-17;1.4316506649409574e-16;7.981259964145003e-18;4.8043992842094914e-17;1.0741058253910005e-16;0;2;381;Горный;Gornyj;1248.4387899037258
5401178;6340247;37;0.488780826845317;0.6405628921920186;-0.018591371061341577;0.017685630641966404;0.6228012105481968;0;1;381;Горный;Gornyj;0.48076652234509554
5409408;6985841;37;0.01497946328645814;0.02436756651353802;-0.00011373488701865832;0.0009861268017163057;0.005649688420450331;0;0;435;Восток;Vostok;0.2672018718286966
5410710;6985779;34;0.015194937454136019;0.01862155815650653;-4.290433814257909e-05;0.0009054717569898951;0.005945460191794063;0;0;438;Заря;Zarja;0.24392424894306988
5412463;6731370;43;0.031909955651898116;0.09561060003245503;-0.0009541586923333432;0.003472057119180719;0.024145409783249513;0;0;188;Ульяновская ТЭЦ-2;Ul'janovskaja TETs;0.5176685123895963
5413109;7355792;49;0.0178949544276887;0.04203571858233695;-0.00046966078866450924;0.0019587338885661814;0.022204680530378884;0;0;506;Марадыково;Maradykovo;988.4590580733353
5413111;7355784;8;0.09204085033055505;0.16808376699993374;-0.012045704777085236;0.03847760066140258;0.09654217123022284;0;2;506;Марадыково;Maradykovo;994.3892635619159
5413119;7355762;49;0.0005269676666779369;0.0012550727835778843;-1.4165362251970307e-05;5.820179266568788e-05;0.0006654548902462088;0;0;506;Марадыково;Maradykovo;1009.6580586947053
5413142;7355789;8;0.13921932196145134;0.23611996150085152;-0.01258701711607419;0.06537128276036033;0.16092196465089975;0;4;506;Марадыково;Maradykovo;974.9436470315424
5413143;7355798;49;0.0005518490722112617;0.0013143325387330116;-1.4834196689080639e-05;6.094985957312189e-05;0.0006968751348558034;0;0;506;Марадыково;Maradykovo;966.5559676951858
5413147;7355798;8;0.1664113566017114;0.2773330266624103;-0.01688579322151808;0.07271904476746835;0.1875298620625636;0;4;506;Марадыково;Maradykovo;964.6487382913899
5413605;7356647;57;0.03495868995644472;0.2113356706008816;-0.0007201940349196882;0.009751701864739283;0.19624765664196545;0;0;506;Марадыково;Maradykovo;0.46678445887730446
5426749;6510677;49;0.054507651836498826;0.30189856575287305;-0.0028633495819969574;0.009264620986358269;0.20599752315730585;0;4;422;Оросительная;Orositel'naja;0.5808463129545355
5433948;4893532;15;0.07928287924394598;0.0867850202071863;-0.0010055481322122273;0.002914710247357886;0.006155797826782272;0;2;1092;Хачмаз;Hachmaz;0.24440380593706557
5449417;6966935;22;0.02393326293320188;0.03268752866555864;0.0004033309770473933;0.0013741896588470072;0.010667584687930342;0;2;74;Казанская ТЭЦ-3;Kazanskaja TETs-3;0.5341115709791914
5452169;7529578;41;0.033570998842240046;0.07681726262791017;-0.0004901574518743547;0.003002482625164743;0.022895785010159715;0;0;508;Мураши;Murashi;0.2619406415908174
5467579;7143507;40;0.030681679107109318;0.05519937059560615;-0.0004124705968238521;0.002033797002080049;0.011261768826549775;0;0;437;Дубники;Dubniki;0.4843969660864567
5472861;6962117;23;0.016270881653258917;0.01779759622404261;2.3992861801444738e-05;0.0007301592990230746;0.002609329162041714;0;2;720;Магистральная;Magistral'naja;0.2949800165327771
5477035;6944745;40;0.03209413677753773;0.07741052143405112;0.000915176339498031;0.003395512837641956;0.057114532477717465;0;0;728;Центральная;Tsentral'naja;0.31907179648533623
5482022;6613461;52;0.06614899679362997;0.33323540353638165;-0.0026264724158619663;0.014410203353477499;0.22024551295616224;0;4;45;ТЭЦ ВАЗ;TETs VAZ;0.47029703360034336
5483030;6970350;58;0.14446760999837702;0.5786005329729221;-0.006309831330142161;0.017393534534804987;0.13164125543437866;0;4;919;Киндери;Kinderi;0.33950696781705847
5483030;6970350;58;0.14446760999837702;0.5786005329729221;-0.006309831330142161;0.017393534534804987;0.13164125543437866;0;4;841;Киндери;Kinderi;0.33950696781705847
5506738;6604241;63;0.14152935896277383;0.703615960241073;-0.008323327060948314;0.024101252261569048;0.5473957845421653;0;4;418;Левобережная;Levoberezhnaja;0.37534470801767544
5507105;6590145;65;0.0966772753239449;0.8852302078613289;-0.005305960739396498;0.015828328729317127;0.2273928564895935;0;4;1884;ОРУ Жигулевская ГЭС 500 кВ;ORU Zhigulevskaja GES 500 kV;0.1120958514071942
5507111;6707154;62;0.08844796394731311;0.7029612158947182;-0.006494410661801055;0.012285344942563317;0.23049816536486883;0;4;409;1М;1M;0.2366829323634532
5508336;6591506;63;0.11671522477557304;0.49010218213511825;-0.004485157402208014;0.013022594662848228;0.07579656870387991;0;4;1850;ОРУ Жигулевская ГЭС 220 кВ;ORU Zhigulevskaja GES 220 kV;0.3122910508940313
5509006;7210791;35;0.031219011084521516;0.03379575637420663;8.021402473017594e-05;0.0017678073407056656;0.011608316792128464;0;0;505;Лебяжье;Lebjazh'e;0.4576994761454488
5509334;4792218;47;0.10925608749551828;0.3324338156511513;-0.0044930451316345125;0.02430865797535444;0.1785457842447253;0;4;1093;Яшма;Jashma;0.4535108030146454
5515069;6611081;39;0.016543495166415408;0.03630158044264983;-0.0003172196086114982;0.0015633904770757116;0.010981092647771955;0;0;410;Васильевская;Vasil'evskaja;0.5011704001190284
5519307;6708847;51;0.06642655037645445;0.2785743452095995;-0.002169363323723969;0.01061909118883241;0.18467133223368304;0;0;428;Черемшанская;Cheremshanskaja;0.2964403645489697
5519587;7394963;32;0.003023118586068585;0.003244412817616861;7.14299088157811e-06;0.00011938914951690667;0.0006684884309539614;0;0;83;Кировская ТЭЦ-5;Kirovskaja TETs-5;0.32603258860278633
5519778;7396849;57;0.07855931317708953;0.45452373393534434;-0.004046632897007384;0.026999723278240767;0.3111768342549618;0;4;500;Киров;Kirov;0.2846366967798725
5529600;6498439;49;0.06058598599715442;0.2106573903873922;-0.002825474600041596;0.013140731526255542;0.17131234579149796;0;0;411;Головная;Golovnaja;0.307609898004142
5532253;6626035;49;0.09124223829956221;0.17882412626585484;-0.0014727812050921352;0.008995863935921323;0.0526543429130963;0;0;798;Азот;Azot;0.42538810551855205
5538934;6527024;53;0.10735513820152749;0.4990519829718623;-0.0057643790609080365;0.017362466493811755;0.3247457425560711;0;4;427;Томыловская;Tomylovskaja;0.3702104393525179
5542448;6619439;39;0.018280232357269093;0.04044302624603397;-0.0004579801657935875;0.0016778394975775716;0.01133806456458564;0;0;416;КС-22;KS-22;0.09755536730808886
5544106;6527091;29;0.004601103096266407;0.005524252034635578;-1.3274790563793767e-05;0.00026302634762124876;0.0010777987116847593;0;0;427;Томыловская;Tomylovskaja;5172.76185736933
5544106;6527099;29;0.0046011653283551035;0.005524326752748901;-1.3274970111594201e-05;0.000263029905176599;0.0010778132894205114;0;0;427;Томыловская;Tomylovskaja;5172.871402949721
5549974;7381052;49;0.11007987156346358;0.19938005033673636;-0.0015499586232834083;0.010016344874151262;0.09789434172199371;0;0;820;Вятка;Vjatka;0.41415371637694104
5565884;7388530;36;0.01293006169555204;0.02351285017826628;-1.9217384332746817e-05;0.0009758511232863363;0.009842892891149483;0;0;525;Чепецк;Chepetsk;0.13653296475382493
5566352;6537083;29;0.020219277162286036;0.023899539563060696;-4.9828937727928454e-05;0.0011146763584101054;0.004349411053164699;0;0;420;Новокуйбышевская;Novokujbyshevskaja;0.0994929640689553
5573728;7381022;57;0.06637764821574532;0.24024902401131543;-0.002794009130923197;0.020319681723401713;0.1700034981634919;0;0;484;Бумкомбинат;Bumkombinat;0.5631499357152062
5573890;6481306;11;0.0630139239787067;0.08160634234428132;0.0027842248929395973;0.007114579464419407;0.01493285387195202;0;2;800;Красноармейская;Krasnoarmejskaja;0.5745952500451594
5578729;8033509;46;0.15326759664310358;0.3190368019896413;0.005941586764246937;0.017191110464194942;0.22962070327104558;0;4;1131;Микунь;Mikun';0.18471193863798643
5578729;8033509;46;0.15326759664310358;0.3190368019896413;0.005941586764246937;0.017191110464194942;0.22962070327104558;0;4;947;Микунь;Mikun';0.18471193863798643
5586410;6563767;31;0.021153184762974637;0.037135893358569504;-0.0001934142239957855;0.0016002738185768547;0.015109048271516407;0;0;425;Солнечная;Solnechnaja;0.4873874244397441
5592117;6553366;39;0.036552422392685364;0.09712321180231191;-0.0009215502369072613;0.00380478369529668;0.033184961751636495;0;0;421;Орловская;Orlovskaja;0.11203213890627496
5599105;6559879;36;0.007286905480097805;0.015007038834990518;-0.00012994051171018631;0.0008068890753469735;0.004315276005013444;0;0;412;Зубчаниновская;Zubchaninovskaja;0.446243532020504
5599285;6564976;63;0.08508910422659749;0.6357221646248451;-0.00416767207516356;0.014799645659133935;0.49742901453409594;0;4;414;Кировская;Kirovskaja;0.29133431026219014
5601383;6561611;36;0.00905173459788535;0.01851392566609444;-0.000160350569660508;0.0009912366122763582;0.005244332999447942;0;0;431;Яблочная;Jablochnaja;370.79756898452735
5601392;6561588;36;0.005578647142986744;0.011496135838001725;-9.953775228871111e-05;0.0006183792544858047;0.003310247897263313;0;0;431;Яблочная;Jablochnaja;346.5987431669059
5601393;6561613;36;0.005568386703742835;0.009791948989822174;-8.53159653781124e-05;0.0004710066986444776;0.0028130621562280217;0;0;431;Яблочная;Jablochnaja;367.23055369189893
5601582;6561298;36;0.002825608878268996;0.005818355103379504;-5.037934635773106e-05;0.00031280583360653437;0.0016725358650183444;0;0;431;Яблочная;Jablochnaja;0.5027580127878727
5602023;6578907;10;0.12917329080189638;0.18380556391123676;-0.010055113464388858;0.013337536614368964;0.05088683821653939;0;2;429;Юбилейная;Jubilejnaja;12969.986218493836
5603045;6566581;36;0.007823900689825282;0.015859285482010772;-0.00013740690097442768;0.0008443324959461712;0.004403355698677988;0;0;429;Юбилейная;Jubilejnaja;1221.3955298387186
5603087;6566617;36;0.010160165006631342;0.017648332682410298;-0.00015377053085956506;0.000840124228387589;0.005123181570451243;0;0;429;Юбилейная;Jubilejnaja;1197.2454593398668
5603092;6566610;36;0.011874906645194371;0.02076723405175202;-0.00018093154607948947;0.0009942258770197269;0.005993521104710986;0;0;429;Юбилейная;Jubilejnaja;1189.785646959112
5604175;6566117;36;0.003917263828084525;0.007485787205471039;-6.500773738992474e-05;0.0003831279298715364;0.001995643012745201;0;0;429;Юбилейная;Jubilejnaja;0.37670557404204746
5622163;6569035;39;0.034832358271664886;0.07942463035073519;-0.0006650387153869537;0.0033543132169230744;0.024554463434467308;0;0;799;Куйбышевская;Kujbyshevskaja;2113.0459339140007
5622918;6567061;50;0.11239770022440196;0.1876125493173709;-0.0019325893786993611;0.010340240515861895;0.055002165931515246;0;0;799;Куйбышевская;Kujbyshevskaja;0.4656576005085868
5623175;6567263;39;0.0036697180556257746;0.008436369869333802;-7.056190772494392e-05;0.0003565240631259876;0.002626298565152273;0;0;799;Куйбышевская;Kujbyshevskaja;326.9709571753971
5625233;6524762;47;0.04800470328875547;0.27455167780849316;-0.0019850425203376937;0.009367554144899534;0.2002355790100845;0;0;423;Просвет;Prosvet;0.6229884513165282
5639240;6933018;55;0.08878082481794809;0.37140591239127857;-0.0034110470426251564;0.009736222591299883;0.07675732876777369;0;0;719;Кутлу Букаш;Kutlu Bukash;0.48160701967188746
5640877;6561635;63;0.20055797242787365;0.699823702358852;-0.010786294777725263;0.021791044241523724;0.2693363600949582;0;4;413;Кинельская;Kinel'skaja;0.5448418677620195
5642107;6885058;41;0.03589591261161483;0.07194409522406117;-0.0006484122824890844;0.002580496917676847;0.01625954071077984;0;0;729;Чистополь-220;Chistopol'-220;0.44094209375970006
5647531;7923726;32;0.10122172341846669;0.1252936046864067;-0.0015630052557271562;0.007422550939008893;0.0985756159476258;0;0;948;Сыктывкар;Syktyvkar;0.43288711148175024
5656192;6573740;3;0.06646537858172807;0.06921595671919925;-0.0013950071924972187;0.004125867206206765;0.005520874398704259;0;2;415;Комсомолец;Komsomolets;12154.839272990646
5656201;6573785;41;0.02961083744838687;0.06811241189082572;-0.0008140219766458901;0.0027707272644442215;0.021030271181979004;0;0;415;Комсомолец;Komsomolets;12196.752634625165
5656261;6573776;41;0.00036538930401967633;0.0008477590379545836;-1.0135310130856372e-05;3.449183747609329e-05;0.00026364737832799707;0;0;415;Комсомолец;Komsomolets;12174.935381267369
5656269;6573758;41;0.02942314079834078;0.0677119745892083;-0.0008092514433966675;0.0027544620868485393;0.02091476844476218;0;0;415;Комсомолец;Komsomolets;12155.637239471898
5658320;7377345;57;0.08647719329611062;0.29133647953473885;-0.003482174310168748;0.028664794176701404;0.28611699874266144;0;4;512;Рехино;Rehino;2323.7464080749946
5658366;7377292;57;0.0646822591588055;0.32110867607625204;-0.002994894345154921;0.021501320001314324;0.22246783323341762;0;4;512;Рехино;Rehino;2362.349000262536
5658878;6561886;44;0.016049975005065883;0.03571511732152533;-0.00042861007497519956;0.0016499169948029039;0.01110500901124474;0;0;415;Комсомолец;Komsomolets;0.4438610835669407
5658976;7379574;57;0.012142010692824383;0.0425211724958104;-0.0004839771441589062;0.003548167241043738;0.030110970304633312;0;0;512;Рехино;Rehino;0.3473240561490863
5659364;6392499;49;0.031105623235459803;0.09415690165941984;-0.00014238893364388962;0.0042386719407070785;0.056182295915295125;0;0;430;Южная;Juzhnaja;0.08787229252840896
5673586;6396374;49;0.08452567051918689;0.4434007783851688;-0.004538206560762653;0.014422676994311831;0.26419736450063835;0;4;430;Южная;Juzhnaja;14740.414631099902
5673612;6396384;49;0.0007613103036874295;0.004029411953959843;-4.130538287017019e-05;0.00013084289543557662;0.002404301870306432;0;0;430;Южная;Juzhnaja;14768.129262189714
5681659;7018921;47;0.03662099247073285;0.08072213360709891;-0.0006502687460714421;0.00291194604448953;0.024200931295373707;0;0;486;Вятские Поляны;Vjatskie Poljany;0.3544753026900303
5687493;6268354;33;0.05402949372744459;0.11320130646924337;-0.0011836247128515082;0.004343324746839548;0.03464829739718442;0;0;897;Степная;Stepnaja;0.3545326621909649
5689785;7370130;50;0.05046201964446384;0.17074286659250257;-0.0024787677946181094;0.009182753760984376;0.1005220613915477;0;0;491;Зуевка;Zuevka;0.48886122834342655
5698635;6660681;39;0.04258405510177283;0.08636545669341918;-0.0007591981778779627;0.0041875423550487515;0.02884207684020588;0;0;424;Серноводская;Sernovodskaja;0.4365242836113088
5709073;6250587;56;0.12017353330800994;0.5142596257715557;-0.007174815591713668;0.017345826360364348;0.17929172636162713;0;4;898;Уральская;Ural'skaja;0.41423580322479137
5719541;6582400;47;0.03412966302399863;0.07395834923033165;-0.0008344116815653402;0.0033555533590975055;0.022996108339489507;0;0;419;Ново-Отрадная;Novo-Otradnaja;0.5173542784636747
5742119;7036374;8;0.036088947470527634;0.03883693463689994;-0.00024426077980799253;0.001379177716325401;0.004029096186729718;0;2;516;Свобода;Svoboda;0.451175408973857
5743838;7361074;48;0.12442080923542775;0.4752697314957406;-0.006529087872214941;0.02210333235056706;0.16393519277197702;0;4;529;Фаленки;Falenki;0.27485287186945134
5744509;7361868;57;0.03239076228049973;0.2578918201372825;-0.0023602348571211238;0.020318649572534486;0.2227840574743134;0;4;522;Тяговая;Tjagovaja;0.24264748230711164
5756451;7048218;37;0.025642050003681072;0.030568938478359124;1.580158942634245e-05;0.002048808998686248;0.022661865122898465;0;0;514;Саркуз;Sarkuz;0.5486322095368964
5775545;6919336;10;0.041263188622868326;0.045046417027919505;0.00046512070786920625;0.0027374179820771217;0.007044159362845644;0;2;725;ТАНЕКО;TANEKO;0.25668241255835555
5779783;8116588;42;0.1462397868876219;0.2362013801140726;0.0036252524744649793;0.014952349198996946;0.2174085172232953;0;4;963;Синдор;Sindor;0.3631948509867362
5782407;6921670;41;0.01365508287965887;0.026231349783922768;-0.00016314257576311805;0.0010647182178954906;0.0059283489267894125;0;0;69;Нижнекамская ТЭЦ-2;Nizhnekamskaja TETs-2;0.42853934622306444
5783818;6919727;58;0.06816805136081268;0.15795804087208196;-0.0008042906365960177;0.008202542339022515;0.06570875929765757;0;0;722;Нижнекамская;Nizhnekamskaja;0.42745414970020784
5785254;6919708;11;0.019791454054097265;0.02130157339343642;-0.00025768348974906057;0.0009122025532648424;0.0034451207885577394;0;2;716;Бегишево;Begishevo;1365.956009135394
5785788;6918451;5;0.022904258526111325;0.024084668832413336;-0.00020531217831486594;0.0009299347532071827;0.0016949763831921663;0;2;716;Бегишево;Begishevo;0.2334342096800321
5790465;6872763;31;0.0006449977921287121;0.000831668061427032;-1.6584360074265609e-06;4.4099840361585155e-05;0.00021951727022788577;0;0;71;Заинская ГРЭС;Zainskaja GRES;4146.005937199614
5790530;6872765;31;0.022752019223915818;0.029359339339319432;-5.844638767117734e-05;0.0015519767638681496;0.007753754407910377;0;0;71;Заинская ГРЭС;Zainskaja GRES;4134.188824992672
5790544;6872655;31;0.0008432441445496298;0.001087289338918158;-2.168172464215857e-06;5.7654355742463543e-05;0.0002869880408990352;0;0;71;Заинская ГРЭС;Zainskaja GRES;4241.137832267878
5791124;6876856;58;0.15980189880176082;0.5354513385527135;-0.006007052120218131;0.01920309973136213;0.11292322569998786;0;4;71;Заинская ГРЭС;Zainskaja GRES;0.36538589162151675
5792183;6872702;52;0.0018381568805901627;0.009912262119979469;-0.00012173179590717959;0.0003147767754098916;0.0030914727409417798;0;0;71;Заинская ГРЭС;Zainskaja GRES;4287.046251592091
5792220;6872673;52;0.07368805623430005;0.39169275023897493;-0.004827985429727969;0.012376598392859121;0.12204940027875566;0;4;71;Заинская ГРЭС;Zainskaja GRES;4324.380769577258
5792518;6872680;52;0.004621934945228221;0.024923787062116592;-0.00030608728090070436;0.0007914872737881209;0.007773322312397565;0;0;71;Заинская ГРЭС;Zainskaja GRES;4402.682901355588
5801971;7145383;28;0.02409871504738396;0.02609502495479377;-3.543837497811068e-05;0.0007462623981745129;0.0027506713772991256;0;0;513;Садовая;Sadovaja;0.5148018733096372
5802028;6965143;8;0.07515427423385151;0.07992546237071844;2.603578973090327e-05;0.003920296984416589;0.010460550945293995;0;2;843;Щелоков;Schelokov;0.5186170052570714
5812068;7413592;53;0.06906470614137417;0.23401031820624008;-0.002590151480683098;0.015963309537821237;0.10046239026301612;0;0;509;Омутнинск;Omutninsk;0.12680228720597223
5815819;7055166;37;0.02599652401501046;0.03300595720303509;9.418666665171825e-05;0.0019672960080709748;0.03300595720303496;0;0;520;Сюга;Sjuga;0.3738465608064878
5817188;6491948;44;0.050962263710856576;0.10348780223460917;-0.001086130882421552;0.0051588370485011635;0.031048520977825095;0;0;395;Бузулукская;Buzulukskaja;0.4647131801560319
5819136;6962364;32;0.02919724261242648;0.0416481336793731;-0.00010482794427428475;0.0018712404643754712;0.009580140667171545;0;0;726;Тойма-2;Tojma-2;0.4888634274207926
5819470;6939932;50;0.047988761894257784;0.11805710628089794;-0.0013109478404179744;0.0035179206676658617;0.02525496537886701;0;0;1907;ОРУ Нижнекамская ГЭС 500 кВ;ORU Nizhnekamskaja GES 500 kV;0.4521535364435042
5825566;7327706;57;0.079904406669454;0.26139580687961944;-0.003197161509140658;0.02578056365977921;0.18334366933777468;0;4;501;Кожиль;Kozhil';6552.727981111145
5825608;7327650;57;0.07399256109023876;0.2616366633539315;-0.0026699872135806752;0.02441315702117992;0.1761096173538311;0;4;501;Кожиль;Kozhil';6586.900663835528
5828250;7333684;57;0.02412235044977372;0.08788456156496983;-0.0008973892895376574;0.007865922038843249;0.05142855133734853;0;0;501;Кожиль;Kozhil';0.4171697610497169
5829888;6812340;41;0.043437858459526045;0.08143355273457337;-0.0004912080318362798;0.0034970504773599504;0.020027102612031805;0;0;727;Узловая;Uzlovaja;0.19988899237144706
5830207;6620985;54;0.04627510668494709;0.09112487764611196;-0.0007320055086910013;0.004935754270208696;0.026583938611015157;0;0;399;Михайловская;Mihajlovskaja;0.39280420082483825
5841527;6939174;48;0.00932961815889794;0.021821922385359092;4.2692367882960267e-07;0.0011466790111558445;0.021821922385359044;0;0;70;ТЭЦ КАМАЗа;TETs KAMAZa;0.4836367446518649
5843615;6793199;57;0.04861278105286011;0.20335505697385492;-0.0022774641331903115;0.0051010692748205905;0.037199853016112505;0;0;714;Абдрахманово;Abdrahmanovo;291.06211333909346
5843649;6793239;57;0.049478603731789965;0.20323361225290282;-0.002221022348007105;0.005165442435667363;0.03719315510055406;0;0;714;Абдрахманово;Abdrahmanovo;239.62241677560985
5843760;6793451;57;0.0033220852270271664;0.01208945049158568;-0.00012494929412936993;0.0003191381091220098;0.0023312929254302086;0;0;714;Абдрахманово;Abdrahmanovo;0.32652871279616535
5844166;6768707;21;0.021661642850288137;0.024694307741473513;-5.235645771962278e-05;0.0011210635106243933;0.005022801647058366;0;2;721;Н.Письмянка;N.Pis'mjanka;0.48041287436506064
5846953;6943953;48;0.03739385446069473;0.07155520181530897;0.00033663115612910416;0.004341842668391891;0.0518998651625667;0;0;717;Заводская;Zavodskaja;0.32994261460964924
5849900;6691168;47;0.040992616211968945;0.08956352773844005;-0.0010441808363545692;0.003469563643291966;0.01786114423488084;0;0;405;Северная;Severnaja;0.10622170368446857
5853902;6835749;52;0.07768663051538437;0.38890616095473723;-0.004521718855759559;0.01276826445651016;0.12129348284207192;0;4;724;Сулеево;Suleevo;0.3799904473337438
5856805;7325691;46;0.07270528536765927;0.27831516178428295;-0.0036674192389650794;0.015547999528651503;0.1586833090584679;0;0;490;Звёздная;Zvezdnaja;0.18300699620231387
5857394;7319977;11;0.09382299645964051;0.22858033748002596;0.002108696062380648;0.04702860175146702;0.13479586702796215;0;2;490;Звёздная;Zvezdnaja;5744.096300086815
5857399;7319911;11;0.09179891729508301;0.21703954549179327;0.0025698401565664142;0.04654426306837489;0.12492880796560328;0;2;490;Звёздная;Zvezdnaja;5810.261398032863
5857779;7331169;46;0.014015895835817563;0.05375510990120649;-0.0007172992923148337;0.0030216337163790834;0.030600290487924477;0;0;488;Глазов;Glazov;180.81488667380003
5857800;7331124;46;0.0008698688584724359;0.0033414678558239637;-4.508177032994431e-05;0.0001888602298443508;0.0018994393351603415;0;0;488;Глазов;Glazov;150.5993341388455
5857815;7331148;46;0.014055908127987356;0.05390813449253907;-0.0007192988053137601;0.0030301463508694082;0.03068763208518627;0;0;488;Глазов;Glazov;140.17450853494586
5857950;7331110;57;0.011598459778625198;0.11839725618519836;-0.0008072400389263744;0.0062763517763887704;0.07919893908002011;0;0;488;Глазов;Glazov;0.12265174477857178
5857965;7331235;46;0.003718264797403717;0.014283197711729399;-0.0001927089710904705;0.0008073003372124412;0.008119175165914736;0;0;527;Юбилейная;Jubilejnaja;0.2746783212475834
5872297;6752510;63;0.18115466660373428;0.6664851111385016;-0.0063021440374532;0.02052476336663534;0.22067229493562152;0;4;842;Бугульма;Bugul'ma;0.19412689183030893
5872297;6752510;63;0.18115466660373428;0.6664851111385016;-0.0063021440374532;0.02052476336663534;0.22067229493562152;0;4;881;Бугульма;Bugul'ma;0.19412689183030893
5872596;6752383;45;0.020331794066345325;0.02925477921886484;0.00045149808266153695;0.003230604052245859;0.028635446881269254;0;0;842;Бугульма;Bugul'ma;324.95696374356055
5872596;6752383;45;0.020331794066345325;0.02925477921886484;0.00045149808266153695;0.003230604052245859;0.028635446881269254;0;0;881;Бугульма;Bugul'ma;324.95696374356055
5872857;6752250;45;0.4911890717067381;0.7067973767385431;0.010910485121657645;0.07805826018977773;0.6918964095769603;0;1;842;Бугульма;Bugul'ma;617.522464114147
5872857;6752250;45;0.4911890717067381;0.7067973767385431;0.010910485121657645;0.07805826018977773;0.6918964095769603;0;1;881;Бугульма;Bugul'ma;617.522464114147
5873408;7075755;36;0.07839266373880167;0.10005507680908667;0.0008351793696578897;0.0036105798414631613;0.01873674293304131;0;0;823;Удмуртская;Udmurtskaja;0.49267154343783737
5899948;7299184;60;0.08187900505681785;0.5450469316627811;-0.002158990222668801;0.034961404384699114;0.5294471809618215;0;4;482;Балезино;Balezino;0.21836220051770674
5906639;7238478;55;0.005481869383137391;0.02429880135973369;-0.00014410321021445093;0.0012783626471561669;0.01691044955817575;0;0;492;Игра;Igra;0.31718742096667313
5906715;7239412;42;0.03237748356982268;0.159640327246524;-0.0014751938560421919;0.00827756737452054;0.09714413333545902;0;0;502;Комсомольская;Komsomol'skaja;0.5500203610038898
5907443;7238584;55;0.052915506366118796;0.19815894628737224;-0.001242055837858428;0.011755991667556627;0.14196077708782467;0;0;492;Игра;Igra;811.0123250665896
5907484;7238638;55;0.05746675365458832;0.25282002869700687;-0.0014518258693971809;0.013095971579028873;0.17124200785432347;0;0;492;Игра;Igra;860.086811670786
5907534;7238649;55;0.0009821442513639452;0.0043193414556313;-2.5415794306161802e-05;0.0002259363480454478;0.002924218744939787;0;0;492;Игра;Igra;911.2621167425681
5907542;7238606;55;0.0013118570796631821;0.005858885912943613;-3.501780933963907e-05;0.00031472029343578803;0.004196611337334278;0;0;492;Игра;Igra;912.0847592248037
5908538;6807365;39;0.02476216843458322;0.04899556723077091;-0.0003235698521514999;0.0021809437272384165;0.012674099757862989;0;0;715;Азнакаево;Aznakaevo;0.4840183557322993
5913167;6442456;40;0.049909296165286846;0.07753042397228012;0.0005312609575298498;0.005667682700083825;0.02933485069907655;0;0;406;Сорочинская;Sorochinskaja;0.22154895835096536
5919452;7118927;48;0.022015848423800232;0.07015941914607596;-5.028982649904205e-05;0.0027265238184232712;0.050293323983489346;0;0;507;Металлург;Metallurg;0.24695299106909485
5923927;7114617;46;0.024514878828504498;0.03952373027841657;0.0009653794411099325;0.001693251394996266;0.037148472923553826;0;0;511;Позимь;Pozim';0.47848979299796046
5924358;7114875;29;0.00628960880490145;0.0067808598135233504;-1.2838291872896279e-05;0.000183183249404481;0.0006260323866410216;0;0;511;Позимь;Pozim';502.716538970484
5924367;7114878;14;0.043513601841312;0.06111265864206208;-0.003108334966867493;0.005328244327543983;0.01574434217791123;0;2;511;Позимь;Pozim';511.98259282371635
5924375;7114858;29;0.0003479359955717309;0.0003749353552720064;-7.014940416340125e-07;1.0170911045599337e-05;3.477115695252781e-05;0;0;511;Позимь;Pozim';509.0934084767224
5924378;7114855;17;0.040296234134673384;0.061114286108813885;-0.0026773021095044458;0.004807287681371959;0.015744740715967584;0;2;511;Позимь;Pozim';510.32804993890375
5924398;7114889;43;0.0005681255920040039;0.0011337313694763868;-1.0610282851808265e-05;4.231678591755335e-05;0.00029419501169429096;0;0;511;Позимь;Pozim';544.2906430893441
5931940;7129309;59;0.06825653251543043;0.3563088700601049;-0.0005924972729258455;0.015765407867370997;0.2539413277850505;0;4;493;Ижевск;Izhevsk;0.2720966000897866
5934558;7129936;7;0.06544447720947943;0.11360453139857025;-0.012638158975722296;0.013191664100022172;0.033066514764809415;0;2;493;Ижевск;Izhevsk;2692.014334589745
5934628;7129953;3;0.011057691531191969;0.01496554994484244;0.00021179777221931153;0.0058617876204757075;0.0060735853926957364;0;2;493;Ижевск;Izhevsk;2764.0487165816508
5934638;7129926;3;0.0013198418758697064;0.0036278707053582714;0.0017471392967252164;0.0017471392967249029;0.0034298078950158887;0;2;493;Ижевск;Izhevsk;2767.6276219239994
5934639;7129923;3;0.0022978851154531444;0.003982395106824765;-0.001496021148471587;0.0014960211484715679;0.0020614876771717265;0;2;493;Ижевск;Izhevsk;2767.9351388420746
5934644;7129910;10;0.09380122859582751;0.2482242791370055;-0.01834870901524882;0.03105108223479392;0.09727903059216222;0;2;493;Ижевск;Izhevsk;2769.959812855903
5934653;7129959;10;0.001357487785674148;0.0034566894032288962;-2.6974030051568838e-05;0.0006710436457317696;0.003267972198761479;0;2;493;Ижевск;Izhevsk;2789.7586357311757
5934668;7129916;10;0.0014351971543949346;0.005443434111097448;-0.00040269772548010805;0.0005631056032945305;0.002817794829622174;0;2;493;Ижевск;Izhevsk;2794.690048938649
5975069;6762050;45;0.05076585495210052;0.09996960628694297;-0.0008255514232356369;0.005207296870928841;0.03873886971123984;0;0;739;Туймазы;Tujmazy;0.45978144755708394
5979619;7061894;32;0.028705129192407846;0.03363472156554444;-7.977547867934954e-05;0.0010420263679986187;0.0055313319858456;0;0;497;Кама;Kama;0.521252309065387
6006460;8241446;3;5.321218855498994e-16;1.016960243553707e-15;2.699696495089742e-16;7.272575370057114e-16;9.972271865146158e-16;0;2;967;Ухта;Uhta;211.48374868070542
6006645;8241549;44;0.17488412909870685;0.39035246395243967;0.007341114862472524;0.01839430166837025;0.2530342408660032;0;4;967;Ухта;Uhta;0.258373142532206
6009101;7098206;42;0.03755777436656613;0.09004615101971424;-0.0007002938607059012;0.0036460461470902974;0.02299574913252376;0;0;499;Каучук;Kauchuk;0.5294550044340853
6013898;7121216;40;0.0005843487167442118;0.002993524744638959;-2.008697414793998e-05;0.00013533577262747208;0.0020687532738126514;0;0;72;Воткинская ГЭС;Votkinskaja GES;11619.498484094775
6013927;7121234;40;0.037877078342500606;0.19218694074356502;-0.0012890940403253298;0.008690199984439607;0.13283768051682807;0;0;72;Воткинская ГЭС;Votkinskaja GES;11614.718733774
6013982;7121211;39;0.0004949290376528103;0.0025749375866369628;-1.7456795091709726e-05;7.264261480871823e-05;0.0008696808172024897;0;0;72;Воткинская ГЭС;Votkinskaja GES;11561.877823315752
6014002;7121226;39;0.03734445362850569;0.19235774134988953;-0.0013050953940629828;0.005427670992314129;0.06479234394043379;0;0;72;Воткинская ГЭС;Votkinskaja GES;11560.68890379291
6021493;7161230;40;0.03013922526850678;0.15624198182655277;-0.00099663800185113;0.0074264822886483395;0.1221313969851416;0;0;517;Сива;Siva;0.3506103960311284
6021494;7111443;60;0.12612812675404236;0.5432713164166718;-0.0026946989461787267;0.02492672650670694;0.5432713164166718;0;4;1864;ОРУ Воткинская ГЭС 220 кВ;ORU Votkinskaja GES 220 kV;0.4443646350845988
6025012;6679742;61;0.3944212769538894;0.7061902629363641;0.011150468289847662;0.0639496545887303;0.6912400059865653;0;1;1140;Аксаково;Aksakovo;0.3645425219088917
6025012;6679742;61;0.3944212769538894;0.7061902629363641;0.011150468289847662;0.0639496545887303;0.6912400059865653;0;1;730;Аксаково;Aksakovo;0.3645425219088917
6075420;7026203;53;0.0596265018716828;0.16255505563581965;-0.001082622487369126;0.00894167755162131;0.11396968079755312;0;0;1899;ОРУ Кармановская ГРЭС 500 кВ;ORU Karmanovskaja GRES 500 kV;0.34295610584876074
6089520;6356988;32;0.05294599234722644;0.06673432433236068;-0.00044385544698619393;0.00476684728917653;0.02239122149425552;0;0;396;Гелий-3;Gelij-3;0.3756866394814172
6100873;6358629;44;0.08349540002885579;0.18419925013137983;-0.0018352205375952203;0.014240371562796573;0.15453536847942492;0;0;397;Каргалинская;Kargalinskaja;0.4393516260825611
6110310;6902937;29;0.03640123872344375;0.0431225384824202;-0.00031413596549796;0.0016366318222138642;0.005711825313740489;0;0;731;Аргамак;Argamak;0.4354962435366144
6115413;7039103;37;0.08292575339350103;0.0959064178035723;1.9884865286341867e-05;0.006242133685224481;0.03780894532973134;0;0;846;Буйская;Bujskaja;0.31124344202052934
6124087;6782343;42;0.05068007990394165;0.09976234354384243;-0.0008405204568107395;0.004578542593731744;0.018986562577134325;0;0;734;Благовар;Blagovar;0.3180090564423562
6128284;6347614;60;0.037414098473713554;0.1396263933636239;-0.0006834350034820998;0.007880396589040628;0.0691066986406753;0;0;401;Оренбургская;Orenburgskaja;0.053755372138118616
6142794;6373735;28;0.09290139303161715;0.11940817378659192;5.384124330061719e-06;0.00824048521894232;0.03121070554038982;0;0;796;Газовая;Gazovaja;0.25537080718622124
6152599;8409281;42;0.16070172070216882;0.26021010272887274;0.0039353454357664245;0.015588704798507144;0.23616981049038444;0;4;957;Зеленоборск;Zelenoborsk;0.5534316406022601
6164351;9089172;15;1.0557266243229839e-14;3.10478524908809e-14;6.339894354401928e-16;6.90511728864398e-15;2.1151691194787373e-14;0;2;177;ГТЭС Южный Хыльчую;GTES Juzhnyj Hyl'chuju;0.4386099986180549
6164830;7295729;23;0.03024848462211843;0.035272109140400555;-0.0003518545447792105;0.0015442939018298297;0.004398058618602169;0;2;481;Апрельская;Aprel'skaja;0.27408329129857123
6169631;7182847;28;0.029135720839899015;0.03167307588616691;-6.341217299348282e-05;0.0008613506340990668;0.0031278180266748716;0;0;515;Светлая;Svetlaja;0.414482627452027
6205070;6611115;49;0.06261367874650403;0.1308821248436304;-0.0014906254259667922;0.005909085264386919;0.021896798735265274;0;0;732;Ашкадар;Ashkadar;0.3084317917649011
6213970;6491942;60;0.06588819474970116;0.15960301335103094;-0.00023536035438620668;0.011170626751969878;0.10580037483133041;0;0;46;Кумертауская ТЭЦ;Kumertauskaja TETs;0.22953801486039582
6214799;6743636;54;0.12359785152873158;0.1932825587893088;-0.0015929724203542466;0.01189028412109803;0.06132070253960109;0;0;844;Бекетово;Beketovo;0.5477804045357328
6215678;6801224;6;0.023517879583225196;0.02571673076040374;0.0006568891069347538;0.0015974857923187057;0.0030394177336534045;0;2;50;Затонская ТЭЦ;Zatonskaja TETs;0.5083303249451812
6220656;6590415;6;0.030044652005289538;0.03369523369005186;0.00101667987224303;0.0025498643959539573;0.00400770916793422;0;2;47;Ново-Салаватская ТЭЦ;Novo-Salavatskaja TETs;0.43204564503539944
6221063;6627258;40;0.016664339378362085;0.031676175520405116;-0.0002137255609458297;0.0015753550025641434;0.00713134279827525;0;0;48;Ново-Стерлитамакская ТЭЦ;Novo-Sterlitamakskaja TETs;0.3454351040734749
6223210;6806015;6;0.018796982464237607;0.020574294145406822;0.0005263625513232637;0.001309573647737463;0.002479112356598579;0;2;735;Затон;Zaton;8158.749801028055
6226293;6798461;12;0.023923685135226278;0.03771792436389046;-0.00287090521151815;0.002797386266693902;0.011872386539565379;0;2;735;Затон;Zaton;0.35125786971044776
6226761;6534567;42;0.04434911588257884;0.10217242148663432;-0.000856231559971441;0.00494219333480215;0.02569562355342192;0;0;738;Самаровка;Samarovka;0.28347700063823655
6243133;6781235;44;0.03875098470985541;0.06335035408963832;-0.00046302675991117067;0.0029831218335222205;0.013159970866196108;0;0;740;Уфа-Южная;Ufa-Juzhnaja;0.34850035982642724
6243230;6781080;22;0.02436816196835898;0.029116271297837254;-7.183198785315377e-05;0.0014772405118184504;0.007044438679163996;0;2;740;Уфа-Южная;Ufa-Juzhnaja;182.6086543724907
6247185;6799282;39;0.023509959008840838;0.04104214143764061;-0.00021274977788440197;0.0021181941910855357;0.009115526194085725;0;0;49;Уфимская ТЭЦ-2;Ufimskaja TETs-2;0.5844297906910078
6253326;7288036;34;0.021788705077015698;0.03983714457231156;-0.0004265083581388556;0.00243893244004463;0.01989188893209607;0;0;523;Химкомплекс;Himkompleks;0.32418914065934107
6253843;6819949;39;0.03350737338832033;0.06276382251119125;-0.0006123769768274277;0.003268424097338804;0.013812586808682518;0;0;737;НПЗ;NPZ;0.45983149153961134
6267484;7294159;12;0.0438905647550639;0.061970190460482404;0.0029834310259569613;0.00813600557465406;0.047152624655292366;0;2;518;Соболи;Soboli;0.49618262867812113
6268135;7292687;57;0.1412013630768966;0.45345435533967837;-0.00572048579297117;0.028259369123324503;0.2584207425128499;0;4;485;Владимирская;Vladimirskaja;0.34974375079126047
6272735;7324171;66;0.1470723655128371;0.6507942863282398;-0.006629758933162157;0.04057060826758341;0.30287377835345836;0;4;1845;ОРУ Камская ГЭС 220 кВ;ORU-220 kV Kamskaja GES;0.5567854169335955
6273781;7385318;50;0.11656397278678185;0.3226772930960583;-0.003064249733948448;0.025244156390191726;0.2832933652876553;0;4;1892;ОРУ Пермская ГРЭС 500/220 кВ;ORU Permskaja GRES 500/220 kV;0.060292121153285944
6274505;6342549;44;0.09442108276764925;0.2357369908330753;-0.0022622171250967923;0.015935588089839855;0.2172240284536999;0;4;404;Саракташ-тяговая;Saraktash-tjagovaja;0.3162571721180053
6275203;7386820;6;0.0382398057969374;0.0432598054119558;-0.0007410195908361829;0.003196753327582259;0.005229255802166127;0;2;1892;ОРУ Пермская ГРЭС 500/220 кВ;ORU Permskaja GRES 500/220 kV;2068.409203333029
6275726;7386644;6;0.03817066258768415;0.04318003304585995;-0.0007394332015504805;0.0031900286849824407;0.005218051836230218;0;2;1892;ОРУ Пермская ГРЭС 500/220 кВ;ORU Permskaja GRES 500/220 kV;2354.045691364939
6278209;7305991;57;0.013703760396759695;0.16955159347477133;-0.0011171418704901397;0.0036653833506434044;0.07297755729345289;0;0;518;Соболи;Soboli;15969.12620968863
6278230;7305935;57;0.013913838098611258;0.17232370840492378;-0.001124544208609346;0.0037603149702651844;0.0755765826979795;0;0;518;Соболи;Soboli;15941.82843477386
6278463;7306090;50;0.06742271424288163;0.24274336860605983;-0.0027293504161672753;0.01776010292067753;0.2074304159700454;0;4;518;Соболи;Soboli;16213.52243509608
6278521;7306050;50;0.06745184141244848;0.2428405173930419;-0.002730319218994929;0.01776747415379169;0.20750524302616527;0;4;518;Соболи;Soboli;16223.514109309488
6279939;7309099;12;0.0014946315969993345;0.0017854897153379205;-1.6347849708191386e-05;0.00013658888675535167;0.00033300559097677396;0;2;1845;ОРУ Камская ГЭС 220 кВ;ORU-220 kV Kamskaja GES;16704.68184043115
6280008;7309086;12;0.001517853325116064;0.002248386370664601;-2.8750633545307644e-05;0.00012114065496714416;0.0007401093407434058;0;2;1845;ОРУ Камская ГЭС 220 кВ;ORU-220 kV Kamskaja GES;16746.261639793818
6280075;7309378;19;0.05732076183995447;0.48295447459387875;-0.0023087826760339195;0.032306233664470364;0.3663844469987635;0;4;1845;ОРУ Камская ГЭС 220 кВ;ORU-220 kV Kamskaja GES;16513.391729115763
6280166;7309410;19;0.05653838674221623;0.4839466309577359;-0.0023449037811021324;0.03192989696333981;0.36712059157954335;0;4;1845;ОРУ Камская ГЭС 220 кВ;ORU-220 kV Kamskaja GES;16525.449429931658
6283489;7386387;36;0.014035772466335313;0.022583317676342543;-0.00020889284935175412;0.0014446872138841765;0.009818402357768806;0;0;495;Искра;Iskra;0.35603440790346247
6288382;6806420;22;0.07861778295690344;0.0917437371055266;4.301503685013213e-05;0.0037041687728353364;0.014738683672151184;0;2;845;Уфимская;Ufimskaja;0.4975145137267717
6289592;8914675;17;0.12342941130314117;0.17282026776959702;-0.0006680038185796721;0.013927935135090755;0.09683453944868788;0;2;968;Харьягинская;Har'jaginskaja;0.5503751438763179
6300085;9119628;15;9.861944563663327e-15;2.725632809458347e-14;3.378530449545224e-16;6.746651801397899e-15;1.8712953827876705e-14;0;2;1810;ПС №1;PS №1;0.2013255325737378
6307317;8849814;35;0.1655612280507554;0.25390429014901944;0.00238329924369478;0.01785012522096688;0.16832675965005972;0;4;962;Северный Возей;Severnyj Vozej;0.5780266856601408
6321140;7581315;49;0.05624926713695588;0.32690662728899783;-0.0020286110841060715;0.010707291773452768;0.2700378168041558;0;4;483;Бумажная;Bumazhnaja;0.36993141186792367
6321882;7522640;3;0.021519950160063247;0.02223584717223613;0.0003759119116482624;0.0010738455182593264;0.001449757429907491;0;2;519;Строгановская;Stroganovskaja;0.4811754059467485
6324069;7505020;5;0.02739191599927044;0.029808626080469445;0.0013106521017305429;0.001751417610665172;0.002934118937557295;0;2;498;Кама Калий;Kama Kalij;0.32880808897843256
6327435;7545172;13;0.019420233085211253;0.02358315526898853;-0.00024772159759540237;0.0011233075912506993;0.0028439799194361556;0;2;503;Космос;Kosmos;0.3627838614331797
6328270;7541656;50;0.03717318486655995;0.23251462050311333;-0.0012931048852276006;0.012013145784954654;0.22949452919043237;0;0;521;Титан;Titan;0.39686120899448174
6334925;7541326;29;0.017303362041495615;0.02121844489534857;-0.00019934978486592044;0.0008514298355661405;0.002833053530493238;0;0;496;Калийная;Kalijnaja;0.5535543054441453
6347322;7212979;57;0.16798154735174484;0.45848773634488166;-0.005987045167355744;0.03520588089428802;0.2741602023605163;0;4;494;Ирень;Iren';0.17616219900521413
6349742;7532550;3;0.015436323062831955;0.015951637716693924;0.0002698023101590726;0.0007729719807929537;0.001042774290951955;0;2;822;Северная;Severnaja;1257.4207402553677
6350964;7532847;40;0.0677233470809455;0.11020831543157797;-0.00041419054052954223;0.007060793833470923;0.0393285718526666;0;0;822;Северная;Severnaja;0.1594384192602745
6362043;8779266;45;0.10395907340382152;0.18004974777478147;0.0032211461934690756;0.009899040012212725;0.1588063736841749;0;0;954;Возейская;Vozejskaja;0.16930634954119295
6362043;8779266;45;0.10395907340382152;0.18004974777478147;0.0032211461934690756;0.009899040012212725;0.1588063736841749;0;0;972;Возейская;Vozejskaja;0.16930634954119295
6362629;6129247;48;0.08721827471824915;0.28795630662856303;-0.0027526476105951257;0.012283536757283348;0.09677960568782812;0;0;895;Актюбинская;Aktjubinskaja;0.4111327415480324
6368029;8768856;36;0.13161585081243898;0.18229477369695904;0.0008905076241442684;0.012596222009836481;0.16074249461128653;0;0;956;Газлифт;Gazlift;0.28774997935853275
6369001;7523603;5;0.022504114785714745;0.024468678744295005;0.0010661618518342986;0.001421381494143727;0.0023747609531334576;0;2;65;Яйвинская ГРЭС;Jajvinskaja GRES;3544.385075065199
6371155;7524098;10;0.01226624030410801;0.013715847636546253;0.00011606111312325234;0.0006275555488652776;0.0012704169315048194;0;2;65;Яйвинская ГРЭС;Jajvinskaja GRES;1343.1539133508238
6371159;7524073;10;0.00019117952387770013;0.00022172888727781765;3.864746466167443e-06;1.1333120966002705e-05;2.214936965558363e-05;0;2;65;Яйвинская ГРЭС;Jajvinskaja GRES;1341.3961098607801
6371165;7524073;10;0.0005376404628656539;0.0006232492483924917;1.0840177157755372e-05;3.1734651117306805e-05;6.196725032786945e-05;0;2;65;Яйвинская ГРЭС;Jajvinskaja GRES;1335.4253719132519
6371171;7524071;10;0.015930181488997337;0.02172495034897153;0.0012658811346369435;0.0015492722659664045;0.006648132698984951;0;2;65;Яйвинская ГРЭС;Jajvinskaja GRES;1329.6549991443867
6372494;7524205;60;0.12166616693320534;0.5671412062173704;-0.005422925223003701;0.03623760074158584;0.4636576087950722;0;4;65;Яйвинская ГРЭС;Jajvinskaja GRES;0.11896428136985424
6373380;6834442;11;0.034971500080657136;0.040805317185773425;-0.0006450028689687165;0.0021148016111537903;0.00656802775059127;0;2;531;Амет;Amet;0.5096184139053396
6377457;8533012;47;0.07801902927019079;0.14168434681846642;0.002614154654610863;0.007484846118632565;0.12572352353910649;0;0;970;Печора;Pechora;0.44176823245285984
6377457;8533012;47;0.07801902927019079;0.14168434681846642;0.002614154654610863;0.007484846118632565;0.12572352353910649;0;0;959;Печора;Pechora;0.44176823245285984
6378704;8537061;44;0.03361138891906892;0.05726398971117546;0.0009593885899513617;0.003260487519769196;0.051265256614805084;0;0;961;Северная;Severnaja;0.4880461035079195
6379228;8524365;41;0.23010172209069446;0.3689048296759596;0.006553801547970758;0.021920716018173508;0.3067258734007981;0;4;1854;ОРУ Печорская ГРЭС 220 кВ;ORU Pechorskaja GRES 220 kV;0.3058827375606708
6380225;8524469;3;6.497656714879218e-16;1.8703266930171602e-15;9.113506387319274e-16;9.276311483914482e-16;1.8389817871235373e-15;0;2;90;Печорская ГРЭС;Pechorskaja GRES;0.33286124779304965
6384132;8709743;46;0.17145849361876767;0.3042821270159665;0.005539116286313905;0.016394736458995758;0.2691170276135822;0;4;966;Усинская;Usinskaja;0.38741281581313053
6384132;8709743;46;0.17145849361876767;0.3042821270159665;0.005539116286313905;0.016394736458995758;0.2691170276135822;0;4;971;Усинская;Usinskaja;0.38741281581313053
6384274;8707814;41;0.01931698332324249;0.030559316743814183;0.0004411209996341066;0.0018518633091777076;0.02700607691266355;0;0;965;КС УГПЗ;KS UGPZ;0.6059489742379183
6384919;8715540;40;0.0336217139101465;0.05189198907950105;0.0006805156451933302;0.0032252322185845487;0.045858323992658476;0;0;960;Промысловая;Promyslovaja;0.5435532093542322
6403111;7469403;54;0.000740536109455417;0.003957958787341359;-2.3525696944138813e-05;0.0002859716827306842;0.003908298695951537;0;0;489;Горная;Gornaja;9880.142351960336
6403140;7469399;54;0.0625936671034314;0.3360537604639573;-0.001953460800891836;0.024009971734620376;0.33185505660360337;0;4;489;Горная;Gornaja;9853.129024436874
6403202;7469448;54;0.0007462551888147393;0.003989408541270131;-2.36995350896955e-05;0.00028813209089705846;0.003939358723046115;0;0;489;Горная;Gornaja;9824.922702393167
6403231;7469445;54;0.06250859001766294;0.3356697072444519;-0.001950156262826176;0.023973391275163444;0.33147620614917095;0;4;489;Горная;Gornaja;9798.523935134348
6403970;6286253;43;0.10206399461320659;0.22106012290057964;-0.002238400672928032;0.011838123268495704;0.10917066914955864;0;0;403;Рысаево;Rysaevo;0.32581774210099945
6405510;6121790;41;0.0038977116669857742;0.00865757917232524;-7.673933111282471e-05;0.00046044866582922565;0.004811152133332318;0;0;896;Ульке;Ul'ke;0.48060691719953647
6405510;6121790;41;0.0038977116669857742;0.00865757917232524;-7.673933111282471e-05;0.00046044866582922565;0.004811152133332318;0;0;1144;Ульке;Ul'ke;0.48060691719953647
6405932;6122151;41;0.0010151184715394093;0.0022547764656586384;-1.9985960779509987e-05;0.00011991906683042044;0.0012530145421734903;0;0;896;Ульке;Ul'ke;554.8632925183466
6405932;6122151;41;0.0010151184715394093;0.0022547764656586384;-1.9985960779509987e-05;0.00011991906683042044;0.0012530145421734903;0;0;1144;Ульке;Ul'ke;554.8632925183466
6405952;6122210;41;0.0007837727556971306;0.0017409124289605384;-1.5431156061673064e-05;9.258948596194572e-05;0.0009674522611716623;0;0;896;Ульке;Ul'ke;609.2483232512043
6405952;6122210;41;0.0007837727556971306;0.0017409124289605384;-1.5431156061673064e-05;9.258948596194572e-05;0.0009674522611716623;0;0;1144;Ульке;Ul'ke;609.2483232512043
6405970;6122185;41;0.06713983302821575;0.16981229062241665;-0.0016021643528629764;0.008289952376106658;0.10459870400774084;0;0;896;Ульке;Ul'ke;605.8420033180417
6405970;6122185;41;0.06713983302821575;0.16981229062241665;-0.0016021643528629764;0.008289952376106658;0.10459870400774084;0;0;1144;Ульке;Ul'ke;605.8420033180417
6410892;9153582;14;9.346077124128592e-15;2.7225981472790596e-14;6.626450209200782e-16;6.33618125435173e-15;1.843479207760337e-14;0;2;1809;ПС №2;PS №2;0.48446723145031195
6411625;7464390;54;0.021339136389897435;0.11406431582016531;-0.000677799745161608;0.008239815143318984;0.11263323232071275;0;0;489;Горная;Gornaja;0.24980434156161432
6414078;6274691;4;0.09795936327790128;0.10926923344614835;0.004549137295290471;0.005278467870053649;0.014853143863186882;0;2;403;Рысаево;Rysaevo;15357.214690214942
6414078;6274719;32;0.0014308843512867435;0.0021596788498890523;3.498417235832741e-06;0.00018599497617430793;0.001316038358490799;0;0;403;Рысаево;Rysaevo;15336.145972380207
6414080;6274529;28;0.077813425968396;0.11000957893881366;-0.0009423247851257946;0.008148388587424789;0.042000176389973894;0;0;403;Рысаево;Rysaevo;15480.84963739888
6422068;7349806;57;0.15460796504456786;0.6493291461943821;-0.003912958560293853;0.043869992435049555;0.47801563033481426;0;4;821;Калино;Kalino;0.049172755867553576
6422068;7349806;57;0.15460796504456786;0.6493291461943821;-0.003912958560293853;0.043869992435049555;0.47801563033481426;0;4;887;Калино;Kalino;0.049172755867553576
6422912;7349977;19;0.005561911857919093;0.014771002191640398;-0.0001768668129874361;0.0018745144690278342;0.01222676196331284;0;2;821;Калино;Kalino;861.1935343558948
6422912;7349977;19;0.005561911857919093;0.014771002191640398;-0.0001768668129874361;0.0018745144690278342;0.01222676196331284;0;2;887;Калино;Kalino;861.1935343558948
6423014;7349979;19;0.24755680189215218;0.6580624163868158;-0.007749771641707112;0.08337132648870826;0.5450341274767425;0;1;821;Калино;Kalino;961.7331116355591
6423014;7349979;19;0.24755680189215218;0.6580624163868158;-0.007749771641707112;0.08337132648870826;0.5450341274767425;0;1;887;Калино;Kalino;961.7331116355591
6428302;7080349;56;0.13209331685131212;0.42706733214216525;-0.005500583076741881;0.027535530858217347;0.2890618766187804;0;4;565;Красноуфимская;Krasnoufimskaja;0.152173617892364
6432816;7327357;44;0.0173372564726029;0.026383732648276387;-0.00027621113418182033;0.0016175743781730951;0.009819115327337754;0;0;526;Эмаль;Emal';1720.613006485614
6432826;7327331;44;0.004373625062953932;0.0069751393628674;-7.463371404145425e-05;0.0004134547802394941;0.0025333504087929376;0;0;526;Эмаль;Emal';1693.8656077999276
6432834;7327333;44;0.01778928314412016;0.027139534061404916;-0.00028447235123089183;0.0016608929856940825;0.010087208339453577;0;0;526;Эмаль;Emal';1695.225433058227
6432964;7325643;44;0.005961636125521203;0.009413843542387949;-0.00010028745872359439;0.0005620032103429145;0.0034369591139308585;0;0;526;Эмаль;Emal';0.34188106075908115
6437047;7326411;44;0.009655895761047346;0.014880556902527124;-0.00015678072661887718;0.0009041855638054179;0.005503676790508019;0;0;487;Генератор;Generator;0.4907689971471029
6449705;8578332;41;0.0019281756481407423;0.00305234912942908;4.393997046887827e-05;0.00018505544401701152;0.0026983589452223853;0;0;964;Сыня;Synja;632.2046804838965
6449760;8578345;41;0.1346869921094235;0.2131825654640797;0.003066323942355962;0.012928114966167015;0.1886089496947012;0;0;964;Сыня;Synja;575.8884072679749
6449837;8578310;41;0.0019457076207763549;0.0030825682376061625;4.392074754454208e-05;0.00018735485173912553;0.002737662465639635;0;0;964;Сыня;Synja;517.0155336405586
6449895;8578324;41;0.13453883867448296;0.2131214171452187;0.0030341760345461086;0.012957181528636213;0.1894152428667225;0;0;964;Сыня;Synja;458.62133446398315
6450044;9177622;9;9.79473550695192e-15;2.292833500836557e-14;-3.5458269373894175e-17;5.790174147897242e-15;1.5743279509025235e-14;0;2;1807;ПС;PS;4372.5054226041775
6450116;9177566;9;6.640680812784671e-15;1.5574537924196087e-14;-2.2940884896054936e-17;3.912129432197854e-15;1.0626842466553877e-14;0;2;1807;ПС;PS;4282.626048805004
6450307;8578526;41;0.008384237048237382;0.013276932658648698;0.00019027578561730656;0.0008057888416323847;0.011761019630945838;0;0;964;Сыня;Synja;0.4257047334189214
6453375;6830103;46;0.06246039625846827;0.1035375758211038;-0.0011241000053913244;0.005114706452771318;0.022444952984806026;0;0;808;Кропачево;Kropachevo;0.44765667732950687
6453899;9175558;9;2.0750432793478823e-15;4.8530710587888386e-15;-9.400571738547982e-18;1.2124759827572204e-15;3.294784815757227e-15;0;2;1807;ПС;PS;0.2776945275356646
6477769;9209054;15;6.437339830269627e-15;1.5287676276295123e-14;-3.0063280357926774e-17;4.900049709241359e-15;1.0501113883333874e-14;0;2;1808;Варандей;Varandej;0.5106244516363444
6485727;6163756;61;0.05793623823105087;0.19859072545093726;-0.0006031785631005694;0.011417301140256223;0.18652611454020349;0;0;894;Кимперсай;Kimpersaj;0.3139574009564696
6489232;7365729;35;0.043258006331651354;0.06720376534990806;-0.0005911836399448814;0.0035699760035359223;0.026209341307763936;0;0;524;Цемент;Tsement;0.29935707663557076
6489615;6671762;47;0.05937198445344705;0.11544788101445641;-0.0011813622765408788;0.00683357938453693;0.060774047670327985;0;0;733;Белорецк;Beloretsk;0.4490727891037973
6492467;6267287;54;0.08429122886053221;0.12305698029552829;0.0005234413626952006;0.01179556112199002;0.10714274749791676;0;0;400;Новотроицкая;Novotroitskaja;0.5200841950833998
6495552;6261426;37;0.01809237137219525;0.024009769990314855;-7.80914023835576e-05;0.0019179633969476837;0.009365019873726992;0;0;394;ГПП-5 Уралсталь;GPP-5 Uralstal';0.1527314632049626
6506966;6270040;4;0.048098942140124834;0.04888112228937995;-0.0008121184954653343;0.0008906440259659082;0.0023908434578573806;0;2;402;Орская;Orskaja;529.6072251865087
6507290;6270430;4;0.09280576411386349;0.09453658344514478;-0.0012360805754490385;0.0021968475044596195;0.005410861351061488;0;2;402;Орская;Orskaja;140.83150702349297
6507401;6270343;61;0.11826456920979299;0.4292750665444263;-0.000901251400404314;0.02271868347947943;0.26130305258418984;0;4;402;Орская;Orskaja;0.5216993198010434
6510479;6267706;6;0.026715428655691126;0.03195950993990474;0.0014279600826511097;0.0031972900371051334;0.006373890453065193;0;2;407;Целинная;Tselinnaja;0.6915070848849425
6512366;7118189;41;0.08275560509751043;0.3222535191046402;-0.003302483265378473;0.015060533146735075;0.1334177439747937;0;0;571;Партизанская;Partizanskaja;0.2826009391299608
6531561;7115434;49;0.07894808427496393;0.25878652535004737;-0.0032060665221426525;0.01561552550843683;0.1272411518543387;0;0;586;Ягодная;Jagodnaja;71.40064716476013
6531601;7115375;49;0.0014930975657490748;0.004649190788017093;-5.509045679965943e-05;0.000291046808921762;0.002089274335981368;0;0;586;Ягодная;Jagodnaja;0.1357035018430231
6546014;6339643;52;0.19561151040022715;0.38266659281504956;-0.0045047339436804145;0.022105953273700713;0.2241341866088539;0;4;1882;ОРУ Ириклинская ГРЭС 500/220/110 кВ;ORU Iriklinskaja GRES 500/220/110 kV;0.4573463135208314
6547265;6334683;28;0.04073877225279649;0.054622203669323396;-0.00033514957229828046;0.0041237087147253165;0.021299470648400744;0;0;1882;ОРУ Ириклинская ГРЭС 500/220/110 кВ;ORU Iriklinskaja GRES 500/220/110 kV;5115.422171138457
6547357;6334642;28;0.001227853540716811;0.0016477191332825213;-1.0103047489505078e-05;0.00012454229375494122;0.0006426329205907761;0;2;1882;ОРУ Ириклинская ГРЭС 500/220/110 кВ;ORU Iriklinskaja GRES 500/220/110 kV;5178.288848854904
6564127;6610632;31;0.09746408237851571;0.11709400670507344;-0.00043889632879033863;0.006686652202279122;0.03172626216876605;0;0;812;Смеловская;Smelovskaja;0.49057576226834615
6568886;6850533;32;0.04149763972482161;0.04930375410765237;-0.00020635986859627217;0.0024088637351753887;0.010955391080648916;0;0;809;Приваловская;Privalovskaja;0.28945840691984415
6570730;6594145;31;0.01896279950846307;0.022800608052741672;-8.532712973798224e-05;0.0013050409351751647;0.0061840220269082785;0;0;549;ПС №30;PS №30;0.3544549885645596
6571079;6598461;50;0.027805704908276132;0.07387388803856886;-0.0008712674702242605;0.003532013817189148;0.026454794863450915;0;0;550;ПС №60;PS №60;0.3763950301261774
6573161;6600135;41;0.02113409695976289;0.0316988207443578;0.0002535749872789471;0.002480697724551597;0.017222931432282554;0;0;552;ПС №86;PS №86;0.2944359023964933
6573592;6600189;10;0.0037100909109894194;0.005935126128667667;-0.0004976175343055726;0.0006265225091055963;0.0034955732183610676;0;2;552;ПС №86;PS №86;434.41339492838716
6573704;6587666;44;0.061480478124776035;0.1389212460694739;-0.002201867335436754;0.00742644486582801;0.07122613829024696;0;0;551;ПС №77;PS №77;0.46108413509550045
6574054;6600212;10;0.02496490967243877;0.03985698952482928;-0.003318215952504167;0.004200044828876152;0.023372439143261037;0;2;552;ПС №86;PS №86;896.3684592253468
6575855;7121198;41;0.02610894584980668;0.11947286015944901;-0.0019822665169384984;0.0050448825709597436;0.08729911169623722;0;0;576;Продольная;Prodol'naja;0.09470084594649078
6576278;7117529;41;0.0007950541522670336;0.002841092234990451;-3.52328322583936e-05;0.0001416970140580011;0.0009697859387598149;0;0;576;Продольная;Prodol'naja;3693.2304090544867
6576290;7117552;41;0.03426033742587835;0.1217619145073628;-0.0015088662745729635;0.006077180385130929;0.04137438353699924;0;0;576;Продольная;Prodol'naja;3671.7847476077286
6576802;7117535;41;0.0035042382646427073;0.012522246559990631;-0.0001552903517572308;0.0006245361994925992;0.0042743767646823295;0;0;576;Продольная;Prodol'naja;3783.3540758384465
6576857;7117533;30;0.008789818562909502;0.037041275826514924;-0.0009724297327492797;0.001887118246890691;0.026980081499968903;0;0;576;Продольная;Prodol'naja;3799.422493980268
6577117;7117524;41;0.126435319819763;0.7017718179038923;-0.011565242864311813;0.02735753962750459;0.5112270749062177;0;4;576;Продольная;Prodol'naja;3884.61910500406
6577131;7117498;41;0.0023037241239742597;0.012692173910958436;-0.0002063242089525514;0.0004923888274272323;0.009244710903945663;0;0;576;Продольная;Prodol'naja;3913.7598632724635
6583877;6609948;49;0.1337598185070562;0.255655671820079;-0.0028106835924228252;0.01873016667952807;0.12455387062756895;0;0;811;Магнитогорская;Magnitogorskaja;0.21350058452624734
6589731;6593565;60;0.13578163215609976;0.5380698978852;-0.004265520307608564;0.021709902115039537;0.2922646346380474;0;4;553;ПС №90;PS №90;0.272544546675814
6619637;6722661;31;0.050564314318877875;0.06079783271060971;-0.00022752483387663414;0.0034798923025974554;0.01648969780985665;0;0;736;Иремель;Iremel';0.2215986016550884
6620624;7106702;11;0.07157530981917415;0.07457854239141075;0.00039158144332041364;0.0023339589569546402;0.006835029073728294;0;2;819;Емелино;Emelino;0.5324315934255256
6625277;7415204;60;0.1528776461452765;0.6819615193782081;-0.007583284019817291;0.032844721282484;0.5610843788955386;0;4;562;Качканар;Kachkanar;0.24575453191653457
6625357;7110311;64;0.0174579322714057;0.9998566940954019;-0.0015123721490411873;0.01616088764257419;0.9891936108122589;0;4;558;Дружинино;Druzhinino;1644.4126628369497
6625394;7110337;64;0.1490854194821271;0.572017149321456;-0.007106980564146472;0.03471766950930927;0.24954493959369844;0;4;558;Дружинино;Druzhinino;1599.928709005019
6626513;7111480;64;0.026921474242431485;0.9944717968451056;-0.0018701988387724165;0.01758493195565368;0.9283328511374966;0;4;558;Дружинино;Druzhinino;0.3798656874086219
6628565;7388671;36;0.025902299857628267;0.038987938517090454;-0.0003453760267839115;0.0018058516556543824;0.013640519520868252;0;0;510;Острая;Ostraja;0.6314044762370177
6641020;6852762;63;0.11011138119740317;0.6417646538256777;-0.0050160304288444455;0.01674718891760919;0.2537041122014831;0;4;806;Златоуст;Zlatoust;0.05633551214666719
6641020;6852762;63;0.11011138119740317;0.6417646538256777;-0.0050160304288444455;0.01674718891760919;0.2537041122014831;0;4;882;Златоуст;Zlatoust;0.05633551214666719
6653514;7412522;41;0.03019392108369437;0.18525890467480255;-0.0016065489303617219;0.00523725061388104;0.0920187898396485;0;0;528;Янтарь;Jantar';0.5211297042241457
6660619;7307331;4;0.3870796951242603;0.5752888339553165;-0.13838868705433358;0.11917642935972295;0.31129900630625773;0;3;889;Тагил;Tagil;7283.555351302062
6660619;7307331;4;0.3870796951242603;0.5752888339553165;-0.13838868705433358;0.11917642935972295;0.31129900630625773;0;3;817;Тагил;Tagil;7283.555351302062
6660935;7307528;4;0.025486162683769527;0.04160948933231551;-0.011380856497610546;0.009938605683540743;0.02436111382427307;0;2;889;Тагил;Tagil;7104.298741725369
6660935;7307528;4;0.025486162683769527;0.04160948933231551;-0.011380856497610546;0.009938605683540743;0.02436111382427307;0;2;817;Тагил;Tagil;7104.298741725369
6662880;7405197;70;0.18835551669045486;0.8552110910862191;-0.008831458449054315;0.04084284650962284;0.5039434943814366;0;4;63;Нижнетуринская ГРЭС;Nizhneturinskaja GRES;0.27799025102819175
6663342;7197968;51;0.0011990805857063772;0.00269640243489896;-2.3163338379330403e-05;0.00010098061866520553;0.0008317535215185516;0;0;61;Верхнетагильская ГРЭС;Verhnetagil'skaja GRES;12170.514096230982
6663397;7197971;8;0.1366897545033627;0.17853633629006166;-0.008102313818559548;0.012569062931201257;0.04993154456332097;0;2;61;Верхнетагильская ГРЭС;Verhnetagil'skaja GRES;12118.050639280114
6663487;7197976;43;0.032979042380161847;0.055992929141878735;-0.0004466160172823548;0.002658326669671093;0.014381297394100774;0;0;61;Верхнетагильская ГРЭС;Verhnetagil'skaja GRES;12032.21920346191
6663498;7197938;43;0.0005477774294097023;0.0009470913453922821;-7.603115896693667e-06;4.4571894048801705e-05;0.0002407117648843463;0;0;61;Верхнетагильская ГРЭС;Verhnetagil'skaja GRES;12035.65253311002
6664987;7389999;36;0.035307067792631965;0.05237789798388158;-0.0004526173656092573;0.0022673246377443077;0.017166306006861913;0;0;63;Нижнетуринская ГРЭС;Nizhneturinskaja GRES;15343.58465576506
6665019;7389985;36;0.000495255924864426;0.0007364642087433202;-6.366114727783099e-06;3.205114276753753e-05;0.00024325837582508253;0;0;63;Нижнетуринская ГРЭС;Nizhneturinskaja GRES;15361.875535865696
6665840;7119152;60;0.04353139473380123;0.07662118325911368;5.083715012265824e-05;0.00513500294233314;0.05627945096043135;0;0;573;Первоуральская;Pervoural'skaja;0.4748821030986571
6666167;7118260;60;0.1478076738804752;0.692450334695916;-0.005617085754165788;0.04427152529327914;0.5057735460205046;0;4;573;Первоуральская;Pervoural'skaja;949.5892249330785
6666174;7118231;60;0.0021932436599278815;0.01250275512909923;-6.080101993206118e-05;0.0006595862463637139;0.009743758810877511;0;0;573;Первоуральская;Pervoural'skaja;979.2321656833392
6666264;7118319;60;0.045913723441770825;0.1130368475223472;-0.0016013206213043585;0.009694419262405723;0.08282326861093259;0;0;573;Первоуральская;Pervoural'skaja;934.2582308489491
6666274;7118288;60;0.0011224753221867232;0.0031394434096311988;-3.20556634039711e-05;0.00025926695734843395;0.002289044038573347;0;0;573;Первоуральская;Pervoural'skaja;966.4342764559171
6666344;7118321;51;0.0015788932258357547;0.004920374274402021;-5.6326375502852515e-05;0.0004297079480319874;0.0035875637591737683;0;0;573;Первоуральская;Pervoural'skaja;971.4653325306257
6666357;7118264;51;0.005490292870561097;0.031882349632445024;-0.00023948736096200446;0.0018324257795184725;0.02484683751180444;0;0;573;Первоуральская;Pervoural'skaja;1027.105548085785
6667050;7303912;60;0.16734338926218312;0.4936593792731575;-0.004896681108767271;0.016923514689653515;0.1629725957621011;0;4;889;Тагил;Tagil;0.6564213971745886
6667050;7303912;60;0.16734338926218312;0.4936593792731575;-0.004896681108767271;0.016923514689653515;0.1629725957621011;0;4;817;Тагил;Tagil;0.6564213971745886
6668030;7406509;42;0.016737522798170007;0.05096761772660858;-9.832934782722943e-06;0.0029947694795977495;0.04887057365146591;0;0;63;Нижнетуринская ГРЭС;Nizhneturinskaja GRES;5314.629357395817
6668298;7406469;42;0.05318721662615494;0.41491967885146674;-0.0038649964919516178;0.021868550569902057;0.3733122548707607;0;4;63;Нижнетуринская ГРЭС;Nizhneturinskaja GRES;5565.453070442142
6668414;7117855;6;0.0028191981506501852;0.0031224932296128466;0.00013662503098104683;0.00015179665896793653;0.00027396611373212707;0;2;59;Ревдинская ГТ ТЭЦ;Revdinskaja GT TETs;0.030194204806047408
6668535;7118249;6;0.010121458036907132;0.011195213826628305;0.00048355242474268687;0.000536759058193648;0.0009665762807233129;0;2;59;Ревдинская ГТ ТЭЦ;Revdinskaja GT TETs;412.18815280293734
6668540;7118258;6;0.0039415992982890094;0.004320400507131057;0.00017017790240840642;0.0001877429207018828;0.0003331327588081221;0;2;59;Ревдинская ГТ ТЭЦ;Revdinskaja GT TETs;422.2649314246799
6668556;7118258;6;0.009371208719671658;0.010383516480185664;0.0004560505419305392;0.0005068301985801709;0.0009153522585832376;0;2;59;Ревдинская ГТ ТЭЦ;Revdinskaja GT TETs;427.3129423632396
6669551;6230566;46;0.0664149242214002;0.13767639066419246;-0.0016676997685857993;0.007620928691615537;0.0763470384093463;0;0;398;Киембай;Kiembaj;0.14453183132081532
6672512;7114101;17;0.012862647104153488;0.014243927365236018;-5.940698219141029e-06;0.0004416863071463658;0.0012494462378252347;0;2;568;Метиз;Metiz;0.47126889504306413
6674718;7202294;58;0.05646891333810421;0.13131324044762688;-0.00122236369614427;0.007471276308616499;0.0775844023111283;0;0;61;Верхнетагильская ГРЭС;Verhnetagil'skaja GRES;0.3301374260865527
6679235;7306827;47;0.0018203128681010068;0.00925632607032639;-0.00010903271224451564;0.000243695170247803;0.003434299515971082;0;0;557;Вязовская;Vjazovskaja;10618.776840964209
6679254;7306735;47;0.055842992333695794;0.28096825455628666;-0.0033037922763918415;0.007413622964658361;0.10503449637338014;0;0;557;Вязовская;Vjazovskaja;10530.405810622762
6679345;7306836;47;0.001239022792740045;0.006299040280387349;-7.419794558573487e-05;0.0001658467536612079;0.002336954910387109;0;0;557;Вязовская;Vjazovskaja;10569.585588072892
6679354;7306793;47;0.05574903544532369;0.2804319047152448;-0.0032974760868000994;0.00739988930010183;0.10482827308067955;0;0;557;Вязовская;Vjazovskaja;10528.071267767811
6679744;7128836;12;0.01959384409040113;0.022823920657943454;0.0010487771532993527;0.0018219970846142706;0.014455724093616439;0;2;584;Трубная;Trubnaja;0.4470516870554155
6684769;7297765;47;0.03259609822902494;0.1657332767925581;-0.001952214578828845;0.004363450836361142;0.061489011976558025;0;0;557;Вязовская;Vjazovskaja;0.658324980230166
6688249;7192333;65;0.15429316467175738;0.7540819045743785;-0.006456284929506333;0.044690409668696494;0.5927720223268488;0;4;572;Первомайская;Pervomajskaja;0.3509011250400656
6689821;7130638;12;0.021227532953818087;0.023250178201727395;9.219497630836567e-05;0.0008199334542799687;0.0018321931024123314;0;2;584;Трубная;Trubnaja;10236.91688606834
6690566;7188793;70;0.13455967272658573;0.9606291588868895;-0.0069005128473883575;0.027585705735610287;0.43372485712955416;0;4;574;Песчаная;Peschanaja;0.519774356422405
6692176;7748044;33;0.034095993619448144;0.051620361230113876;-0.000408794248701872;0.0015480646456693715;0.01032577272494404;0;0;555;Белка;Belka;0.20858679346918896
6694930;7607202;36;0.08329294676276437;0.2969537920649476;-0.002092721206406124;0.011392489521231102;0.23848373573442577;0;4;818;БАЗ;BAZ;0.473509451864511
6694930;7607202;36;0.08329294676276437;0.2969537920649476;-0.002092721206406124;0.011392489521231102;0.23848373573442577;0;4;888;БАЗ;BAZ;0.473509451864511
6696109;7418183;36;0.0006207634509878967;0.0017870524129092167;-1.61882732644384e-05;7.114305450292213e-05;0.001238901709913195;0;0;575;Платина;Platina;11281.843793000593
6696135;7418155;36;0.020755008768717574;0.05965633731698025;-0.0005400024001360325;0.0023658334411737524;0.04129786622754525;0;0;575;Платина;Platina;11245.620291636478
6696173;7418196;36;0.0007481319636197455;0.0021537205978115308;-1.950979015543522e-05;8.574021711245695e-05;0.0014931000971372009;0;0;575;Платина;Platina;11267.475336590098
6696175;7418198;36;0.0010665243609971084;0.007654177800977668;-6.936817091712525e-05;0.0002435431088015378;0.006965522959806844;0;0;575;Платина;Platina;11268.487884213488
6696214;7418235;36;0.0007182247437913984;0.005154518819337088;-4.671429796282376e-05;0.00016400814957252845;0.004690761061006917;0;0;575;Платина;Platina;11286.525538298585
6696231;7418215;36;0.06466994177930778;0.4767999777857843;-0.004504670832947509;0.015222593890061684;0.4337939725903896;0;4;575;Платина;Platina;11261.373907106818
6700761;7407905;36;0.006179705190011754;0.033085980183578854;-0.0003001582004176586;0.0011123126849891152;0.028482703618485913;0;0;575;Платина;Platina;0.27512269890727203
6701179;7409058;36;0.0005877549013279409;0.0019795617786628815;-1.7961925622635126e-05;7.525616969274442e-05;0.0014774319699495438;0;0;581;Сопка;Sopka;885.9409373052077
6701208;7409107;36;0.001277470677084769;0.00880448768198259;-7.983366258422462e-05;0.0002825950346452982;0.007961263594520412;0;0;581;Сопка;Sopka;903.07186203146
6701209;7409051;36;0.012588614128103838;0.04236968202209981;-0.00038418296590092294;0.0016050538169024697;0.031598067661442505;0;0;581;Сопка;Sopka;860.3432018637383
6701294;7409091;36;0.01648579323504731;0.11354509473408879;-0.001029248030536352;0.003639122141338031;0.10264355067871837;0;0;581;Сопка;Sopka;837.2360061492354
6701790;7408417;36;0.006086728781140011;0.0328405602929193;-0.00029792771007528353;0.0011023383093872153;0.02832045618278204;0;0;581;Сопка;Sopka;0.40791324987004013
6702628;7597537;59;0.07380915072700645;0.4909768854797226;-0.0024339288668434695;0.026154289889228643;0.4786983299744832;0;4;564;Краснотурьинск;Krasnotur'insk;0.2415851203389826
6704637;7060018;44;0.020178824570094796;0.02893917144483603;-0.00022228397129488804;0.00142006540956205;0.007506529068299524;0;0;567;Малахит;Malahit;0.20371789174679866
6705211;7063430;10;0.022146804104483876;0.022893361660748544;4.2720146637773976e-05;0.0005643953081126168;0.0011915562879950548;0;2;582;СТЗ;STZ;0.4631818315141137
6712594;8681789;44;0.21508624255139921;0.3668058022090366;0.0061214582328337295;0.02091938213338357;0.32874680842931187;0;4;958;Инта;Inta;0.31332898008727045
6712594;8681789;44;0.21508624255139921;0.3668058022090366;0.0061214582328337295;0.02091938213338357;0.32874680842931187;0;4;969;Инта;Inta;0.31332898008727045
6714578;7590321;6;0.07794983166361803;0.09554442365921938;-0.009070062113288955;0.008780625964746894;0.03179302393945543;0;2;564;Краснотурьинск;Krasnotur'insk;13959.927555957107
6715106;6987883;40;0.03552295484091009;0.05901362255859409;-0.0004749679331101029;0.002595114222655289;0.01751047290515228;0;0;540;Мраморная;Mramornaja;0.35849429518960574
6716264;7134795;54;0.024508171737224062;0.04783455518280143;-0.00036250187849594146;0.002280736188368593;0.012486792767936936;0;0;60;Среднеуральская ГРЭС;Sredneural'skaja GRES;18328.12647233701
6716293;7135481;54;0.002310345757808093;0.004551314876469429;-3.523701789850146e-05;0.00021714215429523187;0.0012155009095099032;0;0;60;Среднеуральская ГРЭС;Sredneural'skaja GRES;17891.669065204067
6727482;6830388;45;0.043485322294147075;0.06116036029998647;-0.0002608437915129855;0.00410371289251792;0.021903123368997773;0;0;546;Чебаркуль;Chebarkul';0.17954456198776583
6730730;7146049;54;0.06464057190077792;0.10630649435123067;-0.0009849840267727383;0.006280177968175926;0.04356526465824952;0;0;60;Среднеуральская ГРЭС;Sredneural'skaja GRES;0.2553342130518964
6731584;7109768;10;0.019392807603046024;0.0215039047040467;0.00021533609213675515;0.0008220892379235474;0.0017009715456926117;0;2;577;Рябина;Rjabina;0.39822261360430533
6735065;7559318;14;0.05159157314271219;0.056759463435523884;-0.00010246899040678834;0.0022200262622380047;0.004944111523010976;0;2;588;Сосьва;Sos'va;0.4394702482259276
6737710;7317629;60;0.15877189886580523;0.6670311671820323;-0.004449625735331338;0.02835856030856749;0.4720971257120194;0;4;578;Салда;Salda;0.15479954858550138
6738513;7106954;18;0.020475500044669387;0.02336922098558012;-0.00022530384214594117;0.00073037182686584;0.0023050082059021086;0;2;816;Южная;Juzhnaja;7359.222821349125
6738513;7106954;18;0.020475500044669387;0.02336922098558012;-0.00022530384214594117;0.00073037182686584;0.0023050082059021086;0;2;885;Южная;Juzhnaja;7359.222821349125
6738513;7106954;18;0.020475500044669387;0.02336922098558012;-0.00022530384214594117;0.00073037182686584;0.0023050082059021086;0;2;886;Южная;Juzhnaja;7359.222821349125
6738719;7122683;36;0.02081158462657185;0.030103497090701675;-0.0002102408280860804;0.0012851885783587574;0.008685187344253331;0;0;559;Искра;Iskra;0.19306095031624193
6738980;7138762;24;0.009186721724628626;0.011521340616856718;-0.00011098796503167855;0.0006307174173532775;0.00374390966070699;0;2;579;Сварочная;Svarochnaja;537.9341528216697
6738996;7138744;24;0.015509413627037212;0.020126437593571772;-0.00020361142828675082;0.0012062448236117697;0.0073848416509989506;0;2;579;Сварочная;Svarochnaja;533.7525542534258
6739005;7138747;24;0.017990196444473142;0.023125866638249778;-0.00023090503279097653;0.0013525249475063595;0.00822134867405978;0;2;579;Сварочная;Svarochnaja;524.5720196236786
6739444;7139034;35;0.005621520680097963;0.013121810237109411;0.00032764385952855973;0.0005612957247400433;0.009825071678252088;0;0;579;Сварочная;Svarochnaja;0.12950694818495365
6739466;7106839;18;0.007251539892132792;0.008265399311935387;-8.460201626062903e-05;0.0002535236069278795;0.0007233093805247351;0;2;816;Южная;Juzhnaja;6407.044859189285
6739466;7106839;18;0.007251539892132792;0.008265399311935387;-8.460201626062903e-05;0.0002535236069278795;0.0007233093805247351;0;2;885;Южная;Juzhnaja;6407.044859189285
6739466;7106839;18;0.007251539892132792;0.008265399311935387;-8.460201626062903e-05;0.0002535236069278795;0.0007233093805247351;0;2;886;Южная;Juzhnaja;6407.044859189285
6743569;7565207;14;0.008382246072016956;0.009303451813554181;1.1515385126733582e-06;0.00035185620742005883;0.0008159004266975406;0;2;587;Электросталь;Elektrostal';0.5022847393505201
6745664;7105215;67;0.17600053459904108;0.9362463889706234;-0.006155019884959426;0.030761258656459137;0.4179665517367993;0;4;816;Южная;Juzhnaja;0.28151335641267766
6745664;7105215;67;0.17600053459904108;0.9362463889706234;-0.006155019884959426;0.030761258656459137;0.4179665517367993;0;4;885;Южная;Juzhnaja;0.28151335641267766
6745664;7105215;67;0.17600053459904108;0.9362463889706234;-0.006155019884959426;0.030761258656459137;0.4179665517367993;0;4;886;Южная;Juzhnaja;0.28151335641267766
6746723;6538767;35;0.050884045440250096;0.06629019443336277;7.407435617023157e-05;0.004894964597877477;0.027232050979243992;0;0;533;Карталы;Kartaly;0.4346604410484996
6752788;7125910;54;0.028382144849836637;0.054015929625808826;-0.0003068131471070088;0.003095847927729432;0.018711962492470282;0;0;560;Калининская;Kalininskaja;0.4199407693361931
6754002;6828918;34;0.0013345943499728438;0.0018082453850400782;-4.2498863243586224e-06;0.0001408039719568946;0.0006800983813140462;0;0;807;Челябинская;Cheljabinskaja;1708.1787122241933
6754106;6828919;34;0.09049066491600169;0.12250025037695828;-0.00028777030479395534;0.009510886250394451;0.04606227940378429;0;0;807;Челябинская;Cheljabinskaja;1669.7752438265295
6754111;6829928;34;0.00415937264257068;0.005635544902271954;-1.3245118947139518e-05;0.00043882711547120647;0.002119582329680537;0;0;807;Челябинская;Cheljabinskaja;789.7816302610794
6754663;6830493;35;0.0498533020019839;0.06442567386097536;-0.00010226143968825297;0.003757218529499984;0.019157538373185623;0;0;807;Челябинская;Cheljabinskaja;0.5516331476802526
6757523;7573000;65;0.151393263834187;0.8891038098795553;-0.006788731270383766;0.05104650763070691;0.4961259015298226;0;4;64;Серовская ГРЭС;Serovskaja GRES;0.19003267931667722
6772800;7120027;34;0.024355604064915794;0.03847938675208167;-0.00034857201225400126;0.001355847656621409;0.011505315583937543;0;0;58;Новосвердловская ТЭЦ;Novosverdlovskaja TETs;0.18883328532155896
6784599;6560694;8;0.01979314623403587;0.027203506498912566;6.75507961766938e-05;0.0035908222006195865;0.012183518297534309;0;2;539;Михеевский ГОК;Miheevskij GOK;0.6004092700138718
6798530;6795420;45;0.000496228092837815;0.0006506893853181198;-1.450040489851583e-06;4.513416154543774e-05;0.00021504198276980338;0;0;536;КС-19;KS-19;28218.30567825701
6798532;6795412;45;0.0005372506811567093;0.0008308851364124005;-4.837007447883715e-06;5.210878831508083e-05;0.0003317820605750312;0;0;536;КС-19;KS-19;28210.183048026327
6798538;6795445;45;0.03946667245261127;0.05176969050657058;-0.00010801221491922362;0.0035742400440608047;0.01708746260399285;0;0;536;КС-19;KS-19;28237.90599223235
6798547;6795393;45;0.03799086662793874;0.06219400111426578;-0.0004313269235074082;0.0037373175530736446;0.024812594397032796;0;0;536;КС-19;KS-19;28186.72845075767
6798573;6795446;45;0.0005719143122481744;0.0007499345112914312;-1.6712050797904447e-06;5.201816126844061e-05;0.0002478408406443975;0;0;536;КС-19;KS-19;28224.641233428494
6798587;6795400;45;0.0006778707938376778;0.0010483611966673756;-6.10304685223835e-06;6.574775414898822e-05;0.00041862277084306137;0;0;536;КС-19;KS-19;28176.9106564746
6809992;6769635;35;0.005629069980373592;0.00765850816057418;-1.2651275465544251e-05;0.0004931780627827258;0.002559215392928237;0;0;536;КС-19;KS-19;0.5612943059921622
6810938;6768746;35;0.01778622401696515;0.02402228178266884;-2.8952274607099084e-05;0.001463848438925578;0.007995917035779562;0;0;536;КС-19;KS-19;1297.60550586689
6810939;6768722;35;0.0004906361418378628;0.0006635629103732371;-7.947865915609291e-07;4.061435106032368e-05;0.00022112712655352666;0;0;536;КС-19;KS-19;1314.8771511651332
6810940;6768714;35;0.0005535633777580481;0.0007539138014325503;-1.6570876167347528e-06;5.051992796124516e-05;0.0002521495572750752;0;0;536;КС-19;KS-19;1321.1593386326122
6810942;6768686;35;0.016762672466266185;0.02324967641444678;-9.446716219289968e-05;0.0015722118553869221;0.006882979871436726;0;0;536;КС-19;KS-19;1342.23507540827
6810968;6768747;35;0.0005481018532122099;0.0007412826530391452;-8.878758953850518e-07;4.5371303059311665e-05;0.0002470266201863826;0;0;536;КС-19;KS-19;1318.9537889767548
6810973;6768686;35;0.0005812555002349066;0.0007916284952961179;-1.7399837675306667e-06;5.304719780754565e-05;0.0002647633910349001;0;0;536;КС-19;KS-19;1364.3425009345415
6811110;6833120;56;0.0008566129056496634;0.0025066135025171962;-1.8252757874486842e-05;0.00010252523976688354;0.0006222605324749297;0;0;538;Медная;Mednaja;11791.102883988551
6811148;6833134;56;0.05310685381587909;0.14975311748384992;-0.0010862521942777148;0.006277283491626793;0.03619665606305954;0;0;538;Медная;Mednaja;11799.51760605505
6811313;6833294;56;0.0007839303617137222;0.0023024373173668134;-1.7045449336212058e-05;9.399125412562736e-05;0.0005714949476009019;0;0;538;Медная;Mednaja;11936.00495884628
6811346;6833300;56;0.052634356038196974;0.14961985445772125;-0.0011271924250514237;0.0064159564957893;0.036159393089480435;0;0;538;Медная;Mednaja;11937.84339153446
6813060;6749779;8;0.03979112526874307;0.05047460426645589;0.002607446469920325;0.006901782420611733;0.0166107852166362;0;2;54;Южноуральская ГРЭС-2;Juzhnoural'skaja GRES-2;0.2429897112554475
6816480;6747889;66;0.125087809653322;0.7850578009163769;-0.004752054067836753;0.03686499449362687;0.7850578009163767;0;4;53;Южноуральская ГРЭС;Juzhnoural'skaja GRES;0.11944404387748049
6820215;6867285;11;0.03479495618486866;0.03607309538417979;-0.00016970940191481267;0.0008505400350530725;0.0023429275930006294;0;2;810;Шагол;Shagol;614.0658911554445
6820215;6867285;11;0.03479495618486866;0.03607309538417979;-0.00016970940191481267;0.0008505400350530725;0.0023429275930006294;0;2;884;Шагол;Shagol;614.0658911554445
6820215;6867285;11;0.03479495618486866;0.03607309538417979;-0.00016970940191481267;0.0008505400350530725;0.0023429275930006294;0;2;883;Шагол;Shagol;614.0658911554445
6820500;6867486;11;0.0012454654115156897;0.0012910087271395193;-6.080163751910428e-06;3.049534209649083e-05;8.392090444991679e-05;0;2;810;Шагол;Shagol;328.5781077313646
6820500;6867486;11;0.0012454654115156897;0.0012910087271395193;-6.080163751910428e-06;3.049534209649083e-05;8.392090444991679e-05;0;2;884;Шагол;Shagol;328.5781077313646
6820500;6867486;11;0.0012454654115156897;0.0012910087271395193;-6.080163751910428e-06;3.049534209649083e-05;8.392090444991679e-05;0;2;883;Шагол;Shagol;328.5781077313646
6820569;6401083;48;0.11928593262960642;0.3089214525976367;-0.002982065127601183;0.015598425907937578;0.12076804798657678;0;4;899;Житикара;Zhitikara;0.333920498185936
6820818;6867402;66;0.14688329167493872;0.6718595747442179;-0.004382138647692659;0.03048811020994408;0.6607039122811112;0;4;810;Шагол;Shagol;0.4243588226389797
6820818;6867402;66;0.14688329167493872;0.6718595747442179;-0.004382138647692659;0.03048811020994408;0.6607039122811112;0;4;884;Шагол;Shagol;0.4243588226389797
6820818;6867402;66;0.14688329167493872;0.6718595747442179;-0.004382138647692659;0.03048811020994408;0.6607039122811112;0;4;883;Шагол;Shagol;0.4243588226389797
6826247;7120408;64;0.10072062251579512;0.6788294813389589;-0.003964592974079084;0.014258952641965549;0.1903697510502359;0;4;57;Белоярская АЭС;Belojarskaja AES;0.2761913815476283
6827627;7122533;8;0.05639178347800963;0.06954446243240002;0.004915622946116408;0.00648595314237342;0.02560043065397918;0;2;815;Курчатовская;Kurchatovskaja;0.4196222355002948
6828491;6870388;40;0.005943673665321371;0.007929364846130982;-6.722978739468306e-06;0.0004958589951712567;0.002606342345758243;0;0;542;Очистные сооружения;Ochistnye sooruzhenija;0.6014633565480323
6830332;6869766;40;0.015567699523083645;0.020797786264266795;-1.347146252510704e-05;0.0012965718257334125;0.006822615592898989;0;0;542;Очистные сооружения;Ochistnye sooruzhenija;1942.6897964830237
6830334;6869739;40;0.015588562384708354;0.02081954655674489;-1.4073670465066006e-05;0.0012981285120875618;0.006829926180250141;0;0;542;Очистные сооружения;Ochistnye sooruzhenija;1953.382847564527
6832222;6864425;21;0.014245068559872944;0.018504539330117257;-0.00027662974397716706;0.0011139294579668902;0.005307500721173794;0;2;545;Цинковая;Tsinkovaja;0.3037284641253261
6835799;6863530;6;0.01576687554926368;0.018232527308076972;0.0011253535384822902;0.0013404364112688486;0.0021268092714900946;0;2;55;Челябинская ГРЭС;Cheljabinskaja GRES;0.34216406909356356
6836063;6839386;56;0.03204154300768563;0.09394281281967719;-0.0006900897872986901;0.0038348228921209816;0.02331945373456612;0;0;532;Исаково;Isakovo;0.3846395314189701
6838447;6878493;60;0.02600380315541832;0.17379911216860924;-0.0008726532438519823;0.0053841468000279755;0.10407400730168655;0;0;534;Каштак;Kashtak;0.42664361179130456
6838719;6864012;39;0.00899729699624963;0.011945107651810115;-1.2734123692902204e-05;0.000620177031481696;0.002784076143941945;0;0;544;Хромовая;Hromovaja;0.23501974313448162
6839104;6863094;43;0.009773799630202291;0.013163379801397796;1.0981090243209785e-05;0.0007561079951086856;0.0030953061739637374;0;0;547;ЧФЗ;ChFZ;0.5363247527338997
6839944;6874660;35;0.005678479791616457;0.008018815622876483;-7.506061383093293e-05;0.0002837883632805689;0.0014853379403947011;0;0;530;ГПП-9;GPP-9;0.2239200295740486
6841893;6866574;40;0.05935979494400902;0.45186960356436384;-0.003998463945508288;0.02463264346745076;0.43167631729272327;0;4;890;Новометаллургическая;Novometallurgicheskaja;0.24015182735402674
6842207;6873867;35;0.014322759986710173;0.020085107826181198;-0.00018702898056305862;0.0007009401308509442;0.003580684321711422;0;0;535;Конвертерная;Konverternaja;464.42279828435255
6842213;6866206;11;0.02112111040967476;0.027858255871542715;-0.0009159430637537791;0.0019557672319868474;0.0073619964596617835;0;2;541;Новометаллургическая;Novometallurgicheskaja;0.3969135544676772
6842216;6873868;35;0.013668644278179463;0.01915071740862559;-0.00017820851993498226;0.0006671249533480771;0.003397005554032339;0;0;535;Конвертерная;Konverternaja;462.88299338631845
6842235;6873905;35;0.004503845685787537;0.00637359980815546;-5.975495068197764e-05;0.00022651836100523993;0.0011940541626453962;0;0;535;Конвертерная;Konverternaja;425.3137110020544
6842239;6874330;44;0.006179851318622193;0.031635642872594155;-0.00043233766962336384;0.0013535172879121065;0.022067678623340678;0;0;535;Конвертерная;Konverternaja;0.4985647593528619
6842518;6940847;36;0.00040026688812829306;0.0006702873469546999;-7.63221510864225e-06;2.6702890785848326e-05;0.00020240274121714622;0;0;537;Кунашак;Kunashak;6696.882219634481
6842546;6940846;36;0.027169863772656802;0.045368064403829816;-0.0005160077629756568;0.0018027693709979887;0.01358506939273662;0;0;537;Кунашак;Kunashak;6668.865614469713
6842550;6940814;36;0.0004326486902825341;0.000724513946504484;-8.249665332423136e-06;2.8863168720442563e-05;0.0002187772296296435;0;0;537;Кунашак;Kunashak;6664.103451527187
6842551;6940560;36;0.0004943583853550857;0.0006485481068682256;-1.160642653910946e-06;3.6718611537568316e-05;0.00020687036151149842;0;0;537;Кунашак;Kunashak;6662.492999820485
6842551;6940810;36;0.001430741611984982;0.0018769880138756036;-3.3590605333882414e-06;0.00010626874554457115;0.0005987114677711787;0;0;537;Кунашак;Kunashak;6663.019024635648
6842580;6940566;36;0.027790289335474425;0.03643622217935181;-6.5112182174291e-05;0.0020567355011547293;0.011598338110204338;0;0;537;Кунашак;Kunashak;6633.3993715934985
6845303;6867435;25;0.018952479741482786;0.02104866548333685;-8.511696968338843e-05;0.0008538630555855539;0.0037230385903514775;0;2;56;Челябинская ТЭЦ-3;Cheljabinskaja TETs-3;0.49775849518105947
6849213;6940671;36;0.009220869650698241;0.012118908834042432;-9.338219275802052e-05;0.0005848529661836672;0.003506635105536655;0;0;537;Кунашак;Kunashak;0.4318226150577177
6849402;7159650;55;0.026330361296503815;0.05576782424990614;-0.00038749011439825654;0.0030967475300933936;0.015099851781464495;0;0;570;Окунево;Okunevo;0.30675242333780145
6862592;6683577;63;0.24509484443459575;0.696679642866212;-0.006786469493798618;0.036751533423326946;0.37323324430244;0;4;52;Троицкая ГРЭС;Troitskaja GRES;0.3899067814496662
6868879;7163146;51;0.1083534517164012;0.20561798192803943;7.821472323516791e-05;0.013149336828268614;0.16733482343894213;0;0;62;Рефтинская ГРЭС;Reftinskaja GRES;0.232472493465721
6873548;6872545;46;0.07363177615628519;0.10004511624086174;4.70933881798483e-06;0.0063398589010017934;0.032386588153106945;0;0;891;Козырево;Kozyrevo;0.4422110463829116
6885446;7031293;7;0.04484279702754764;0.050861948866340205;0.002400078756435317;0.00283763375828152;0.0071672823806103805;0;2;814;Исеть;Iset';0.4787210565894935
6889524;7479854;51;0.11396349025479544;0.5616612744890849;-0.0063304373852512376;0.022773501624413658;0.38396216168657693;0;4;563;Кошай;Koshaj;0.4255949231033185
6899215;7045865;42;0.007595901233894458;0.009743105336516242;3.841756142413272e-05;0.0005087799383955146;0.002942850045338512;0;0;585;Электролизная;Elektroliznaja;0.0934803200101249
6901039;7043265;7;0.008478214097954411;0.009308318885055738;0.00026324040174322835;0.00027340551955392766;0.000651746904222315;0;2;566;КУМЗ;KUMZ;0.12898123900102043
6901297;7041477;65;0.12170339942556353;0.6608467236102111;-0.005332221180739589;0.018871620866662005;0.26998267667761755;0;4;561;Каменская;Kamenskaja;0.36291851720472357
6901392;7138363;41;0.01805395350931118;0.02614915963081668;-0.00010718818343295585;0.0010246518145122527;0.007940832227884664;0;0;580;Сирень;Siren';0.49229723691449545
6904991;7048177;46;0.04243118875244479;0.061983176887923756;-0.00023171567495472545;0.0030603617772132323;0.018922209086608167;0;0;583;Травянская;Travjanskaja;0.4473858517215329
6909010;7125876;12;0.03200082793202872;0.034625912105923945;0.00019946921848782825;0.0006898337727318679;0.002376979419208336;0;2;554;Анна;Anna;0.4275923872689842
6909337;6643261;29;0.04881068891989099;0.06474346194758573;-0.00025711557708590747;0.004349734684045863;0.024012667350584643;0;0;903;Приуральская;Priural'skaja;0.3901878148142128
6996680;6583840;37;0.05034527455359906;0.0660004360994303;-0.0002062461822340708;0.004804784006775596;0.024623438895271767;0;0;1143;Качары;Kachary;0.25510895547532914
7011244;6524857;54;0.14058778789875148;0.37710298884118787;-0.003810647163503863;0.019713972995920814;0.17925695837666458;0;4;1938;Сокол;Sokol;0.5830532836866453
7011244;6524857;54;0.14058778789875148;0.37710298884118787;-0.003810647163503863;0.019713972995920814;0.17925695837666458;0;4;900;Сокол;Sokol;0.5830532836866453
7017039;7249536;29;0.03126519753534945;0.035531333751820666;-0.00024348836599841372;0.0007352330465231439;0.002376737226335447;0;0;569;Ница;Nitsa;0.10824107541392207
7023316;6527602;14;0.30295398579726485;0.6801354990720506;-0.03709036054724142;0.07324722988058553;0.36677068822774506;0;4;901;Сарбай;Sarbaj;0.4770231039958787
7050520;6869457;49;0.09604502056025115;0.6858948671520949;-0.004742003997928243;0.018841435668086496;0.636733102036088;0;4;548;Шумиха;Shumiha;0.3190217855474572
7051654;6538688;34;0.09565993658708252;0.12939844451768637;-0.00030379308931910345;0.010028889638283812;0.048668973136088804;0;0;902;Костанайская;Kostanajskaja;0.43950256048999053
7076538;7867300;35;0.04674482413811685;0.08322642546063863;-0.00012218981971965455;0.0026442526986352743;0.025605637295245405;0;0;1173;Картопья;Kartop'ja;0.2622528743849884
7085682;7007288;49;0.0411697336023362;0.05874964805170435;0.0002617014474484405;0.004101176087721534;0.028797862886834107;0;0;556;Высокая;Vysokaja;0.3089041423781355
7105783;8973620;36;0.19923561616474605;0.2780279933747882;0.0010924829346357625;0.019471007062830628;0.24902283740619188;0;4;955;Воркута;Vorkuta;0.3919645411426386
7194249;7759863;18;0.0010189818046538541;0.0010658738717143012;-4.020076780677942e-06;2.1478793117388683e-05;0.0001551165426338961;0;2;1177;Новая;Novaja;9006.911689026785
7194291;7759930;18;0.0009702232061961809;0.0010539560890985413;-2.062675264430547e-06;2.0725913922676936e-05;5.544667478858288e-05;0;2;1177;Новая;Novaja;9006.6708243905
7194315;7759838;18;0.06660569396657029;0.06972586128419647;-0.0002627530944513152;0.0014130219567278183;0.010125801756928995;0;2;1177;Новая;Novaja;8937.621103119507
7194331;7759872;18;0.0007387871333059754;0.0007727850473415105;-2.9146555776604527e-06;1.5572658826267707e-05;0.00011246334854800137;0;2;1177;Новая;Novaja;8941.979315617265
7194335;7759880;18;0.0007536066748569615;0.0008186449661050787;-1.6021528215511188e-06;1.609855028708277e-05;4.3067393103433634e-05;0;2;1177;Новая;Novaja;8942.82795568197
7194351;7759915;18;0.06744422179640101;0.0733045189029406;-0.0001443784030873304;0.001446616790002228;0.003868686428745674;0;2;1177;Новая;Novaja;8947.913050758085
7201916;7755136;36;0.0919567584290506;0.13178536881360364;-0.0011245459964892267;0.0043347902680478815;0.029879985878619994;0;0;1177;Новая;Novaja;0.1997761228873285
7214520;7590457;34;0.05215725322284315;0.07448377689098658;-0.00061968445174585;0.0017433872979218952;0.007212451524783288;0;0;1182;Ягодная;Jagodnaja;0.4289695198024038
7270113;7306848;52;0.03057163961587349;0.11387650341121956;0.00010366125016575875;0.007800281206358718;0.11089926103714305;0;0;1157;Тавда;Tavda;0.46076050138072383
7273875;6905322;49;0.06837915242432518;0.5174186291722155;-0.003481697451332937;0.013935232241318827;0.48439675849883157;0;4;543;Промышленная;Promyshlennaja;0.23116619648142805
7276602;7991029;10;0.02428830837374689;0.025457489510721097;-0.00023456884482688845;0.0005225515251912053;0.0012506257578298423;0;2;1171;Вандмтор;Vandmtor;0.4281453612847411
7293569;8007003;10;0.09313249000532091;0.09823187179847792;0.00045292705672904637;0.0021512951101819566;0.005867868367152862;0;2;124;Няганская ГРЭС;Njaganskaja GRES;0.6183468276632393
7296081;7159970;31;0.02221880895274606;0.16998034646815335;0.0008218760643936196;0.010927802863397815;0.15511904067092017;0;0;1162;Ожогино;Ozhogino;0.22226151190555496
7305321;7177595;52;0.11189017725354009;0.280445794399054;0.0008792204177802092;0.02121691830032521;0.27043525192623763;0;4;1240;Тюмень;Tjumen';0.5343570517592423
7305745;7159260;34;0.0768458052489544;0.47362782160153055;0.001572669620814287;0.028284471157156803;0.4307036108453549;0;4;123;Тюменская ТЭЦ-2;Tjumenskaja TETs-2;0.25691352694773467
7308237;7176765;5;2.5837954292326266e-05;0.00012918977146151358;2.5837954292289735e-05;3.229744286538046e-05;0.00012918977146149125;0;2;805;Тюмень;Tjumen';3031.9639761060257
7308526;7176758;5;0.0013329301319827732;0.006664650659910688;0.0013329301319816567;0.0016661626649776909;0.006664650659909934;0;2;805;Тюмень;Tjumen';3312.6419388162076
7310496;7162531;8;0.025610020144907812;0.08390531291446775;-0.005566995769096579;0.01005774246875519;0.0665145432383177;0;2;1158;ТММЗ;TMMZ;0.5007835854782539
7315158;7160159;5;0.009248292595247874;0.009590391430201512;0.0002376784038210495;0.00024168838390170762;0.0004795429065151159;0;2;1152;Губернская;Gubernskaja;3272.9289713968315
7315188;7160195;5;0.006261040098043296;0.006448669861892303;7.282659959669093e-05;0.00019278608190322327;0.00038329031355531593;0;2;1152;Губернская;Gubernskaja;3238.641047632266
7315200;7160193;5;0.010233840178387315;0.010661757587900129;0.0002603745492920016;0.00027097149390572324;0.0003533712746975493;0;2;1152;Губернская;Gubernskaja;3226.9724921369557
7318403;7160586;5;0.005792769936184705;0.006026326367552944;0.0001526833286346785;0.00015661876327650393;0.00026552050367115946;0;2;1152;Губернская;Gubernskaja;0.3687827681650743
7324751;7116087;42;0.045345617216417465;0.28945147921574843;0.0005956225820177428;0.015495836566630328;0.2641554008391186;0;4;1155;Княжево;Knjazhevo;0.12744273123300986
7326596;7564330;18;0.06587446972025451;0.06891897312110823;-0.0002596589110572308;0.001389443875921129;0.010005146847188034;0;2;1183;Луговая;Lugovaja;394.3820208598524
7326642;7564310;18;0.0008602698016061778;0.0008993158718872762;-3.3913242836440815e-06;1.802758679491132e-05;0.00013083169652112223;0;2;1183;Луговая;Lugovaja;369.52298166354734
7326654;7564357;18;0.0009714368665945827;0.0010155286062975073;-3.829563038894768e-06;2.0357174453424852e-05;0.00014773822477830503;0;2;1183;Луговая;Lugovaja;331.2652682934164
7326925;7564548;34;0.10575573508491734;0.12053698179251338;9.513531847895525e-05;0.003994718475344779;0.030363636356767296;0;0;1183;Луговая;Lugovaja;0.42541453916718464
7331267;7563851;40;0.07407278890998532;0.22386540706007313;-0.002037908714968976;0.008706853524801658;0.08977608922949076;0;0;1179;Сотник;Sotnik;0.5747233418714411
7331552;6889596;32;0.07165589195985826;0.10483200352129135;0.0013147938338081604;0.005029700314479362;0.051992593885146654;0;0;813;Курган;Kurgan;0.48349367281845546
7331552;6889596;32;0.07165589195985826;0.10483200352129135;0.0013147938338081604;0.005029700314479362;0.051992593885146654;0;0;1160;Курган;Kurgan;0.48349367281845546
7331637;7970882;13;0.0013390872153957313;0.0014663225276376258;-1.9066683644809654e-05;2.9785711806748906e-05;9.375584036036685e-05;0;2;1175;КГПЗ;KGPZ;451.0986845757067
7331757;7971103;3;0.00046097379369538886;0.00046202829560523643;-6.927430799402317e-07;1.5817528647713497e-06;2.2744959447112143e-06;0;2;1175;КГПЗ;KGPZ;207.09473828724467
7331775;7971087;13;0.023569863997340977;0.031224488985117486;-0.0009066019371945953;0.0010905641359614498;0.008754995299617915;0;2;1175;КГПЗ;KGPZ;221.44670561150144
7331785;7971308;34;0.050159864800100734;0.08201494477031827;-0.0009958802983434495;0.004898033680053292;0.07768219304553155;0;0;1175;КГПЗ;KGPZ;0.3831797604513296
7356841;7174973;12;0.0628983037352869;0.06708132789551294;-0.00034436010001477315;0.0019581952969012395;0.005687252982336431;0;2;1152;Губернская;Gubernskaja;41042.202482229164
7356846;7175001;12;0.0003989072972754604;0.0004260378773372804;-2.2926308678793262e-06;1.234618059285379e-05;3.648639271943148e-05;0;2;1152;Губернская;Gubernskaja;41056.70744843159
7357145;7099889;17;0.05914794447729723;0.06813441076570108;-0.00032978792339423445;0.0018853406751531414;0.008212588358322462;0;2;1161;Беркут;Berkut;0.3707910065488942
7357366;7885195;14;0.04534307923903227;0.050318924382970344;-0.0004923148966985908;0.0009413022311745316;0.003008746265033113;0;2;1180;Хора;Hora;0.48710726756080724
7394949;7926491;34;0.04210151308110832;0.056183276721125004;0.00016827970063887967;0.0029438992696333454;0.053169151531955436;0;0;1176;Красноленинская;Krasnoleninskaja;0.3833789257578043
7400500;7896911;31;0.12005756491481039;0.14352331117908643;-0.0014153780298742063;0.002905713710121094;0.01312656403052774;0;0;1184;Ильково;Il'kovo;0.15641611216184223
7406677;7065747;32;0.0757200462216103;0.4808893247738686;0.0017121994138499866;0.030663438805044047;0.4391811939728775;0;4;1153;Заводоуковск;Zavodoukovsk;0.4042811539911839
7431570;8779174;3;0.21310355096361164;0.2150914793740453;-0.001514281619757427;0.00151428161975721;0.002935221991786613;0;2;1216;Салехард;Salehard;0.5329488619649044
7439898;7554235;37;0.06049922965008776;0.11687108305123244;-0.001129658486725413;0.0034959713773802963;0.035827379846761334;0;0;1174;Катыш;Katysh;0.5404621826349968
7485927;6866959;37;0.04848349951613613;0.11158858084694595;-0.0013674105912666098;0.00587336304431917;0.04841331070445044;0;0;1148;Макушино;Makushino;0.3156093312887202
7533944;7553085;39;0.055019612848309266;0.08821574107583215;-0.0008585875800649528;0.0034493206665103773;0.018681902828280555;0;0;1172;Ильичевка;Il'ichevka;2273.261025520811
7534008;7553086;39;0.4983524054119664;0.702281533328239;0.0006895088815875081;0.0901737720222102;0.6593070152542165;0;1;1172;Ильичевка;Il'ichevka;2260.532861462571
7534392;7555314;39;0.05302389508324227;0.07332893913728253;5.069364771352203e-05;0.009079663226884062;0.06645251734199216;0;0;1172;Ильичевка;Il'ichevka;0.32519724766134284
7607075;7348594;47;0.08180877818498374;0.29640527806966743;-0.0008059193000480128;0.018832314331621268;0.2568862959867459;0;4;1163;Иртыш;Irtysh;0.27396941391056967
7610247;7051310;28;0.07510899982459478;0.43255581075934046;0.0007977263848161301;0.030150512827578524;0.3941836392520366;0;4;1151;Голышманово;Golyshmanovo;0.6055768826768293
7618214;7348961;3;0.01030446011811524;0.010444947342761048;0.00018509001444139587;0.00021073083696871407;0.00039582085141007944;0;2;1207;Полимер;Polimer;0.5335137589183978
7619344;7345464;11;0.012583797779685152;0.013127718286308317;-2.607761602627225e-05;0.0003320703797707422;0.0006666739787072398;0;2;132;Тобольская ТЭЦ;Tobol'skaja TETs;0.3097615199736859
7619568;7352238;3;0.07572509786542704;0.07674351104908479;0.0013418507519737824;0.0015276197754866341;0.0028694705274601995;0;2;1164;Тобол;Tobol;0.45065717540009115
7637953;7581678;34;0.05214549106286087;0.07564147683432591;-0.0005290051391394237;0.002082295681282428;0.009661412276333804;0;0;1181;Чеснок;Chesnok;0.18272802111109765
7638340;7579591;34;0.010209565565847132;0.012795516186361695;-0.00021034956398486342;0.0015387606896056585;0.01201631159558995;0;0;1170;Болчары;Bolchary;1440.9667173182281
7638347;7579627;34;0.5594642805508099;0.7010880204610618;-0.011522104594425667;0.08428863953887705;0.6582264410304658;0;1;1170;Болчары;Bolchary;1404.3283582619918
7638390;7579627;34;0.011024683250277768;0.013817092614629297;-0.00022714358410359385;0.0016616132284443426;0.012975677400140913;0;0;1170;Болчары;Bolchary;1398.6670300035482
7638398;7579627;34;0.0005102953770001469;0.0007393008837348002;-5.003798959815874e-06;1.9892677934285056e-05;8.428225793934792e-05;0;0;1170;Болчары;Bolchary;1397.7571852145743
7638424;7579589;34;0.0005535051704372055;0.0008019019573753998;-5.4275008571864745e-06;2.1577111192335284e-05;9.141894606175618e-05;0;0;1170;Болчары;Bolchary;1432.9544101677204
7638431;7579627;34;0.028287270705880805;0.040934779074983184;-0.00027606152333925076;0.0011026758250330165;0.004605852466355368;0;0;1170;Болчары;Bolchary;1394.483008795398
7638553;7581016;34;0.04558416149074492;0.05654003378785453;-0.0008935355901153461;0.006567618899278019;0.05121634110956047;0;0;1170;Болчары;Bolchary;0.13570829083886748
7687080;7808669;20;0.05374880348619761;0.05848739610938816;-0.000524869754321072;0.0011452915161978528;0.0035323155775130663;0;2;1292;Югра;Jugra;0.4058332285906745
7687080;7808669;20;0.05374880348619761;0.05848739610938816;-0.000524869754321072;0.0011452915161978528;0.0035323155775130663;0;2;1248;Югра;Jugra;0.4058332285906745
7687090;7808802;4;0.058934939079729944;0.05943506525341679;0.0002705441957035153;0.00026366355278069586;0.00043852202719819183;0;2;1292;Югра;Jugra;133.28478945696762
7687090;7808802;4;0.058934939079729944;0.05943506525341679;0.0002705441957035153;0.00026366355278069586;0.00043852202719819183;0;2;1248;Югра;Jugra;133.28478945696762
7687153;7808784;4;0.05893234341711049;0.059432447563815806;0.00027053228016639115;0.00026365194028667854;0.0004385027134386904;0;2;1292;Югра;Jugra;136.3194839356985
7687153;7808784;4;0.05893234341711049;0.059432447563815806;0.00027053228016639115;0.00026365194028667854;0.0004385027134386904;0;2;1248;Югра;Jugra;136.3194839356985
7722215;7566647;52;0.12139447241368052;0.3857169366351026;-0.00032854433399902305;0.036524417390130515;0.3770516011461278;0;4;1166;Демьянская;Dem'janskaja;0.49036356004476866
7723130;7563420;4;0.0059862474502718616;0.007703478487830441;0.0014502753973756946;0.0013049857091496787;0.0027578825914094766;0;2;1165;Нелым;Nelym;2961.9025003239844
7724081;7557543;4;0.06399499389794831;0.08240950339073981;0.015593927204249052;0.01402766372429569;0.02969029852382544;0;2;1165;Нелым;Nelym;7168.064837544625
7725897;7564477;27;0.10605612808442039;0.11632115340202134;-0.0006509046262603897;0.0026585244866122945;0.02199958002637553;0;0;1165;Нелым;Nelym;0.3521661692510326
7733382;7007576;28;0.014342601312787208;0.08289838319315732;0.00011726660310123712;0.00574761539512023;0.07583546397360345;0;0;1154;Ишим;Ishim;0.2947719440093282
7734019;6751624;43;0.09462288990975827;0.17824266206075493;-0.0016375767805928796;0.012673680913432753;0.08347857736980756;0;0;1149;Аврора;Avrora;0.31344021753711265
7737464;7013057;7;0.000488587581940068;0.0005046177632451884;4.01076162660246e-06;1.4251437899395257e-05;2.6266809405577063e-05;0;2;1203;Витязь;Vitjaz';377.217192252849
7737474;7013108;7;0.042821394173345136;0.044197176593517365;0.0003434086390131665;0.001252217551529624;0.0022859896934700197;0;2;1203;Витязь;Vitjaz';424.62862589675564
7737559;7012692;28;0.08327782169308652;0.43865629508354304;0.00260457765698355;0.031784943652642624;0.3861816272893;0;4;1203;Витязь;Vitjaz';0.43946787226305484
7737623;7013138;7;0.0008347082873684143;0.000862094421764791;6.852028361189792e-06;2.4347310003923006e-05;4.4874500097907724e-05;0;2;1203;Витязь;Vitjaz';450.45225710465576
7737696;7013146;19;0.0478448221147527;0.05144971148956593;-0.0003967801368177116;0.0013833969215781244;0.005768358323010016;0;2;1203;Витязь;Vitjaz';474.0418740265004
7737708;7013095;19;0.0005479673569635487;0.0005890657005825126;-4.538190886739778e-06;1.5788057242853082e-05;6.593525052960708e-05;0;2;1203;Витязь;Vitjaz';429.45995684194156
7737758;7013152;19;0.0005991750458990691;0.000644114040186448;-4.962285979821752e-06;1.726345520940835e-05;7.209691646852337e-05;0;2;1203;Витязь;Vitjaz';500.9760205144102
7817078;7820095;20;0.08613931736183916;0.09213426882998826;4.403612717983236e-05;0.0022547323573106127;0.009228273735815307;0;2;1247;Росляковская;Rosljakovskaja;0.2665379897263549
7817078;7820095;20;0.08613931736183916;0.09213426882998826;4.403612717983236e-05;0.0022547323573106127;0.009228273735815307;0;2;1291;Росляковская;Rosljakovskaja;0.2665379897263549
7828560;7856689;12;0.0774954937031475;0.08257208913191046;-0.0010327774033245878;0.0017192642387705167;0.006280308828382014;0;2;1189;Шубинская;Shubinskaja;0.27930817971022504
7881119;7601473;36;0.04118305119480477;0.07089013663498886;-0.00014042200435262185;0.00225720960739174;0.017629768658854177;0;0;1178;Снежная;Snezhnaja;0.33091075770464456
7946758;6917717;34;0.04479145756014282;0.08809970373816003;-0.0008927786274302856;0.003907875555293994;0.03370651218054269;0;0;1196;Называевская;Nazyvaevskaja;0.07874293472665209
7987706;7781996;34;0.05718424469930619;0.09419930892327025;-0.0002091227467642543;0.004139988847408561;0.05092209942357877;0;0;1246;Правдинская;Pravdinskaja;0.39638849483828403
8028237;7949081;33;0.04757496182734417;0.06316676284955892;-0.0009737694138153483;0.0016129524779304979;0.017773200594204272;0;0;1186;Контур;Kontur;0.40177567034710043
8033313;7910024;36;0.04902880662370377;0.10391167712510961;-0.0011000522570124662;0.0025337744334723244;0.02416026603088514;0;0;1187;Пимская;Pimskaja;0.417210643519657
8035688;7713848;46;0.11395244108185848;0.3044052815929927;-0.0008576969225429014;0.022319421866530496;0.2835873465661807;0;4;1204;Магистральная;Magistral'naja;0.3439087797734808
8049115;7903475;13;0.12492367124609387;0.13423930813590731;-0.0006499137028617554;0.004516320896754029;0.024324736129981026;0;2;1185;Пересвет;Peresvet;0.3069642476660877
8061872;7796104;52;0.019136592611702717;0.07115724907730979;-0.0001468533205497919;0.005860993645335676;0.06616403305228899;0;0;1239;Каркатеевы;Karkateevy;0.4547488306961039
8067794;7714270;6;0.07061910287189588;0.07624667710500223;0.0029213566191667968;0.0054890202698240674;0.022101110691270985;0;2;1208;Святогор;Svjatogor;0.3555008996319487
8071140;7791707;46;0.04247721569375942;0.13436121425894118;-0.0006155772365467757;0.00941416662656644;0.12495268815015309;0;0;1239;Каркатеевы;Karkateevy;10257.756065271637
8071173;7791823;46;0.042827088131645825;0.13462873426666724;-0.0005770366638759875;0.00952662968056995;0.1252014889175894;0;0;1239;Каркатеевы;Karkateevy;10238.537285179807
8071244;7791832;46;0.0010755358925601073;0.00375389424467487;-2.1842993697827516e-05;0.0002605928761177829;0.0034904777783671113;0;0;1239;Каркатеевы;Karkateevy;10299.339136527997
8071322;7791842;6;0.06462778245346203;0.38085077047445826;0.055000046431755635;0.07617015409489164;0.37393484622814716;0;4;1239;Каркатеевы;Karkateevy;10366.247687973571
8071372;7791849;6;0.000596735613716964;0.0035166461016574438;0.0005078438071491961;0.0007033292203314969;0.0034528785210132078;0;2;1239;Каркатеевы;Karkateevy;10408.982957802244
8072914;7764389;14;0.0009084378638035364;0.0022153172798331116;-1.9590323192268182e-05;0.000507200759036869;0.002061643966523778;0;2;1212;Кратер;Krater;21665.672735195916
8072941;7764375;14;0.058428994606778355;0.14284078192699262;-0.0013753427106599585;0.032923956242564965;0.13295184315297479;0;2;1212;Кратер;Krater;21635.826625479596
8072946;7764720;5;0.000965721194003045;0.0010693099752414623;-6.512086359093183e-06;7.225897738783615e-05;0.00017565973191267597;0;2;1212;Кратер;Krater;21730.472366720674
8072948;7764658;5;0.0013597113601582593;0.0015058557785967584;-9.29068066543765e-06;0.00010167829353286166;0.0002474243890707409;0;2;1212;Кратер;Krater;21710.318442759217
8072962;7764298;14;0.0009269237849093829;0.002260977424292332;-2.006974473643911e-05;0.0005177658273076925;0.002104130527314231;0;2;1212;Кратер;Krater;21594.152023740407
8072991;7764284;14;0.057926081745189165;0.14284307538227406;-0.0015666001712523981;0.033178446335528175;0.1329535906133686;0;2;1212;Кратер;Krater;21562.40470714739
8073004;7764721;5;0.0411423972159763;0.05145262838293317;-0.004371407544738525;0.0054297918963299475;0.010832419130781368;0;2;1212;Кратер;Krater;21675.365983267984
8073062;7764661;5;0.04108030737211225;0.05138740057675578;-0.004367577816244779;0.005418035774472953;0.01080416770826536;0;2;1212;Кратер;Krater;21602.228858000068
8073149;7764575;33;0.0007095846037870622;0.0009450511104377862;-6.0665461023949876e-06;2.3299502528321946e-05;0.00010870856757310917;0;0;1212;Кратер;Krater;21493.831841079686
8073206;7764631;33;0.0010667033594984607;0.0013220005880479817;-7.900786509822464e-06;2.831455197190964e-05;0.00017428165740000713;0;0;1212;Кратер;Krater;21455.785117068328
8073208;7764541;33;0.058697581968659825;0.07795516963460386;-0.0004991821277191968;0.0019251755784268905;0.008856883925187714;0;0;1212;Кратер;Krater;21427.480121353772
8073259;7764556;33;0.0006265360078356388;0.000834443908131874;-5.356527686846031e-06;2.05725676976896e-05;9.598549853145281e-05;0;0;1212;Кратер;Krater;21383.082827123195
8073264;7764566;33;0.0008540420778905404;0.0010584424611917046;-6.325661270057204e-06;2.2669675299418868e-05;0.00013953632703853666;0;0;1212;Кратер;Krater;21381.23112684606
8073272;7764610;33;0.05592685652120181;0.06933121190172714;-0.0004128703929994392;0.0014840519633159525;0.009151412691679475;0;0;1212;Кратер;Krater;21386.527208418174
8073550;7727381;41;0.03174549676388756;0.07478943487700096;-0.0006064000266736336;0.0032760930578617847;0.05351649262423454;0;0;1210;КС-5;KS-5;0.37071727958517176
8074236;7723214;10;0.03912684691212778;0.04355980913712804;-0.0009240112192041756;0.0012590991047758944;0.00290424117426704;0;2;1209;Средний Балык;Srednij Balyk;0.16942709238703843
8079052;7761301;16;0.026822519118558832;0.027583981206482835;-8.866968283633416e-05;0.0003506845341767729;0.0018609867911682162;0;2;1212;Кратер;Krater;14958.400108213864
8079196;7761230;16;0.019203568606985598;0.01973041822993413;-4.241146550428757e-05;0.0002578424017462893;0.0013210180671834222;0;2;1212;Кратер;Krater;14803.134246193018
8086130;7827592;46;0.04873290300641976;0.14117991104502842;-0.000941424344083741;0.01147007976338275;0.13127309485502767;0;0;1238;Усть-Балык;Ust'-Balyk;0.3538712350432913
8093706;7758298;31;0.03285024003534116;0.03562903882838268;0.00012447739951876305;0.0010142215391139493;0.010570104970582493;0;0;1212;Кратер;Krater;0.17550809163408393
8106384;7760242;33;0.0945167453397169;0.11286006978911423;0.0011926721936220167;0.004233234599480681;0.03251176865949566;0;0;1205;Пыть-Ях;Pyt'-Jah;0.307280881500029
8106525;7760667;13;0.04537908789673203;0.10569385347736407;-0.00013256443255044365;0.02520341025526923;0.09836188082719342;0;2;1206;Пыть-Ях;Pyt'-Jah;0.5613047734684733
8109294;7747930;31;0.030537471694215532;0.041133573744664254;-9.011841470016839e-05;0.0014576080184772377;0.012982701288599813;0;0;1213;ЮБГПЗ;JuBGPZ;0.4467499069712034
8120914;7831340;4;0.03355006665341494;0.03446226945503009;8.145212608549249e-05;0.0008807315607015156;0.0016246203052540306;0;2;1237;Вектор;Vektor;0.27208728419610484
8122451;7860836;33;0.09635130922782179;0.11384645335368536;-0.0005991325847500824;0.0025198075749140215;0.011152865868862064;0;0;1190;Сомкинская;Somkinskaja;0.3281080610561598
8125138;7826935;35;0.0373041887561063;0.06558191328828794;-0.0004480885754018063;0.0014893799349703358;0.015865516429218338;0;0;1236;Ленинская;Leninskaja;0.18561198921901784
8131423;8556493;41;0.12063371105008867;0.2435039637189179;0.003409147604753212;0.011425848252662216;0.15692454837666864;0;0;1930;Надым;Nadym;0.5932832124256161
8131423;8556493;41;0.12063371105008867;0.2435039637189179;0.003409147604753212;0.011425848252662216;0.15692454837666864;0;0;1217;Надым;Nadym;0.5932832124256161
8131778;6822281;45;0.069765599172668;0.1290903560976932;-0.0009695634449813589;0.010536252057337712;0.050829229992720604;0;0;1199;Лузино;Luzino;0.2845375543183541
8131982;7848976;37;0.014228272182650152;0.027354887542156637;-0.00014429201957028446;0.00135148678024944;0.017041908463038616;0;0;1243;Искра;Iskra;0.12291285662649759
8132362;7848838;5;0.011131178910515648;0.011502902556839648;-0.00024182083348327533;0.00020391617271180466;0.0005726575632646197;0;2;1242;Искра;Iskra;0.6510723837121439
8135461;7854126;42;0.06852426393733126;0.1316017895556722;2.7033748250541585e-05;0.008388335814551175;0.08732439410689166;0;0;1188;Полоцкая;Polotskaja;0.09586959839560548
8136351;7850312;42;0.032729880078535535;0.0610946562988915;-0.00032246699906594915;0.0026131601096355695;0.03747930785820104;0;0;1188;Полоцкая;Polotskaja;3916.5566334201885
8136415;7850235;41;0.029466258594054568;0.05925013874609293;-0.0004088637274517882;0.002528069475272193;0.03721585902248108;0;0;1188;Полоцкая;Polotskaja;4006.336340222529
8141016;7871841;31;0.012513338746970226;0.014792028532832473;-0.0001599857340248372;0.0003160399719669227;0.0013544364876514423;0;0;1188;Полоцкая;Polotskaja;18565.44629227139
8141055;7872149;31;0.028220107895358452;0.03350639958130365;-0.00033949084219270996;0.0007056836485850244;0.0028533516427716905;0;0;1188;Полоцкая;Polotskaja;18871.08506778065
8141136;7861946;33;0.01190478530673755;0.015329208777987394;-0.0001512651995608685;0.00034156021927696055;0.0016887454506631303;0;0;1188;Полоцкая;Polotskaja;9662.114859915673
8141270;7862170;33;0.014113922841145486;0.04007759573223091;-0.000411905934864881;0.0011098244408840117;0.02480448110541338;0;0;1188;Полоцкая;Polotskaja;9922.137429254022
8143037;7851399;20;0.016638482150460602;0.01841840644319515;-0.00024815007875500923;0.000374969561109677;0.0014360276285638792;0;2;1188;Полоцкая;Polotskaja;8051.8780784729815
8143119;7851413;20;0.027863520826846337;0.030002620266513187;-0.00027923427656761696;0.0005929450602269497;0.0028469221978962567;0;2;1188;Полоцкая;Polotskaja;8124.3932066458865
8148704;6842644;12;0.017265300115631477;0.018853786307173333;0.00030264247399362483;0.0005486524997928255;0.0019823753317852223;0;2;1197;Нефтезаводская;Neftezavodskaja;0.20768151147582514
8148830;6842896;39;0.02337250045140604;0.04722828039727941;-0.0005837756648554765;0.0026195848769255577;0.015176722721832247;0;0;1198;Ароматика;Aromatika;0.42457721508594887
8149802;7845715;20;0.01699261913472102;0.01852651386809421;-0.00021427364193598832;0.0003765711374947617;0.0016250193719338016;0;2;1244;Барсово;Barsovo;0.6089432887286814
8149957;6844846;46;0.08900923394356036;0.24746533338958426;-0.003531798048665716;0.0132516288011881;0.08475291816316041;0;0;127;Омская ТЭЦ-4;Omskaja TETs-4;0.38164530693854576
8159060;6894960;34;0.029599260675489264;0.0576132346230873;-0.0006104255584393366;0.002550252339320217;0.020206590965072248;0;0;1201;Загородная;Zagorodnaja;0.2370021083352968
8162325;6848652;12;0.015365769125700141;0.016694933772322777;0.00024898939424102185;0.0004876248372575568;0.0017398381734423252;0;2;127;Омская ТЭЦ-4;Omskaja TETs-4;12940.669982981315
8162344;6848638;12;0.00039748395610531554;0.00043142428726501307;6.321747142154869e-06;1.2661986547920174e-05;4.516942545721217e-05;0;2;127;Омская ТЭЦ-4;Omskaja TETs-4;12954.725486394282
8162358;6848664;12;0.00048439252145154134;0.0005257537948735706;7.70397645271677e-06;1.5430488441927204e-05;5.504557241536314e-05;0;2;127;Омская ТЭЦ-4;Omskaja TETs-4;12975.739931666078
8162360;6848665;12;0.00042097096580401657;0.0004623789930683247;8.034216590066525e-06;1.3957198025838288e-05;4.8779217080448386e-05;0;2;127;Омская ТЭЦ-4;Omskaja TETs-4;12977.945649694855
8162369;6848691;12;0.021445910880280954;0.023579134023932517;0.00041568550979902136;0.0007123394772286747;0.0024765122600700663;0;2;127;Омская ТЭЦ-4;Omskaja TETs-4;12994.21765247272
8162389;6848678;12;0.00039525431362759004;0.0004341327701590745;7.543415156378082e-06;1.310456818637626e-05;4.579934848852597e-05;0;2;127;Омская ТЭЦ-4;Omskaja TETs-4;13009.487779495146
8167920;7850175;51;0.02621576661138148;0.060092982405872165;0.00020523019149687861;0.004895161699969685;0.0594834277416235;0;0;1245;Сургут;Surgut;0.254799410864135
8172128;7915150;34;0.04418839906820753;0.06153044898596952;-0.0006167771040545918;0.0013771794809633504;0.008286859290114482;0;0;1235;Пачетлор;Pachetlor;0.4211787869428734
8178864;8577207;38;0.035379480001986284;0.05221410540442893;0.00024098025880080843;0.003189559764390816;0.04864024662175044;0;0;1218;Правохеттинская;Pravohettinskaja;0.39405234339184786
8179024;7849286;52;0.16384486606339416;0.38260197837312415;0.0010181621305946629;0.02639255329189668;0.2860608629162755;0;4;1922;ОРУ Сургутская ГРЭС-1 500/220 кВ;ORU Surgutskaja GRES-1 500/220 kV;0.49478970455110977
8179024;7849286;52;0.16384486606339416;0.38260197837312415;0.0010181621305946629;0.02639255329189668;0.2860608629162755;0;4;1887;ОРУ Сургутская ГРЭС-1 220 кВ;ORU Surgutskaja GRES-1 220 kV;0.49478970455110977
8180505;7848532;7;0.02995248119749423;0.20593401531132896;0.007354786261120401;0.06864467177044296;0.20593401531132893;0;2;126;Сургутская ГРЭС-1;Surgutskaja GRES-1;0.5677642558477083
8180538;6831925;32;0.013084180566871901;0.025792584480659853;-0.0002943483738402258;0.0009780700077427762;0.009046188917223405;0;0;128;Омская ТЭЦ-5;Omskaja TETs-5;0.34821456028714126
8180638;6838276;42;0.0542969901597994;0.09980274506545089;-0.0010369926127285658;0.006737701180798964;0.035034502755140876;0;0;1200;Ульяновская;Ul'janovskaja;0.11636876620987563
8180751;6819488;52;0.08161920287148071;0.3694471317785193;-0.003208590928259652;0.01575694070150115;0.21187414463121793;0;4;1195;Московка;Moskovka;0.43496028494734473
8183475;7848608;44;0.15875046893128472;0.20720113799151005;0.00013582760893802285;0.01162015001484324;0.07620692847229948;0;0;125;Сургутская ГРЭС-2;Surgutskaja GRES-2;0.6242959715166616
8190639;8569465;38;0.05150563466215664;0.07367598721178012;0.0004604628831054553;0.004271169824210749;0.06793850049342096;0;0;1218;Правохеттинская;Pravohettinskaja;14092.269733073937
8190672;8569488;38;0.1816178456940536;0.2661818111942777;-0.0015062039590619993;0.016927562320909924;0.20568517698097402;0;4;1218;Правохеттинская;Pravohettinskaja;14107.256177241268
8190673;8569503;38;0.10155932258336081;0.15445609100592902;0.0005140387644027676;0.00984097294551632;0.14500341061481886;0;0;1218;Правохеттинская;Pravohettinskaja;14099.89139602543
8198228;6770959;48;0.1369826387551699;0.2966050337549803;-0.0022473389718033394;0.024842845061583914;0.2092420245582903;0;4;1150;Таврическая;Tavricheskaja;0.08043860858357836
8198228;6770959;48;0.1369826387551699;0.2966050337549803;-0.0022473389718033394;0.024842845061583914;0.2092420245582903;0;4;1926;Таврическая;Tavricheskaja;0.08043860858357836
8200902;7918098;41;0.07796978903687597;0.17314713877013724;-0.0014646784654474424;0.006893032868653848;0.10642826031677696;0;0;1232;Имилор;Imilor;0.4700172332099298
8217283;8038713;33;0.064718486218612;0.08341154610793301;-0.0005345899147272338;0.0018956261850439236;0.011242813201822258;0;0;1233;Когалым;Kogalym;26440.39871676104
8217328;8038805;33;0.07074749229769574;0.09068647952073251;-0.0004279918688069899;0.002039523929292828;0.012481867838200975;0;0;1233;Когалым;Kogalym;26338.293466553576
8226586;7931649;38;0.07523882124140292;0.1169563318978263;-0.000674744826180717;0.003748990180867483;0.02514558354445459;0;0;1234;Восточно-Моховая;Vostochno-Mohovaja;0.44220068867070456
8227021;8063295;37;0.007948130759297366;0.011012663995595478;-7.466466591450075e-05;0.0003282359594763165;0.0027941731831740476;0;0;1233;Когалым;Kogalym;0.29480139123029786
8228269;8062491;37;0.05206468142691175;0.07676844113034524;-0.0008505492063361302;0.0024957903116382594;0.019088413513400453;0;0;1233;Когалым;Kogalym;1484.7688993607846
8228384;8062574;37;0.056629729097612186;0.07773821358860482;-0.0004463208739334995;0.0024516052400108614;0.019861087712821003;0;0;1233;Когалым;Kogalym;1542.175516116484
8256097;6832976;6;0.10722772613886226;0.11138012841816618;0.002521050956177202;0.002476598107712133;0.00454856490278828;0;2;1192;Восход;Voshod;0.36317824670985266
8286287;8642201;41;0.14645688125524678;0.24985043764861706;0.0020417674286176946;0.014948352628737399;0.2424581215243683;0;4;1931;Пангоды;Pangody;0.5233501678871317
8286287;8642201;41;0.14645688125524678;0.24985043764861706;0.0020417674286176946;0.014948352628737399;0.2424581215243683;0;4;1219;Пангоды;Pangody;0.5233501678871317
8293748;8027453;33;0.0814246727749795;0.1432598285041691;0.002760631811816947;0.004865698661270449;0.03917790600541759;0;0;1231;Кирилловская;Kirillovskaja;0.5461172492225437
8306102;8167611;43;0.20886484198285515;0.3205616335690708;1.9968950840544263e-05;0.018937837607289242;0.2124377421133286;0;4;1924;Холмогорская;Holmogorskaja;0.42372081679272744
8318990;7860011;37;0.004147140624306103;0.006009261041300446;-4.57651006809819e-05;0.00017317242097571184;0.0014812845792268733;0;0;1269;КС-3;KS-3;32100.18161657929
8319762;7859640;37;0.040463053266650235;0.05848900931369558;-0.0004437264038185099;0.0016895769440623432;0.014385913705819271;0;0;1269;КС-3;KS-3;31865.34308090804
8319879;8270706;35;0.07471453406027595;0.09296728643653794;-0.00036986122189311985;0.0034960761286718838;0.030757933955377598;0;0;1294;Пуль-Яха;Pul'-Jaha;0.4560227389465585
8321739;8267992;35;0.07495684988967938;0.093241472333755;-0.0003679960727235603;0.003505748945277322;0.03093341144117756;0;0;1293;Аврора;Avrora;0.3572538037849669
8334557;8318873;35;0.15458744864146784;0.17773506214672508;0.0019480529169835184;0.009210950136573146;0.1465696691697986;0;0;1229;Муравленковская;Muravlenkovskaja;0.32895295959752613
8334557;8318873;35;0.15458744864146784;0.17773506214672508;0.0019480529169835184;0.009210950136573146;0.1465696691697986;0;0;1300;Муравленковская;Muravlenkovskaja;0.32895295959752613
8340601;7883747;42;0.10709182841182217;0.17580516681428296;-0.0008917330117401683;0.007752491653203212;0.09095548748621396;0;0;1269;КС-3;KS-3;0.17700612917517436
8342304;6664428;36;0.11124616604773917;0.30015339742460617;-0.0029373242659366944;0.011944977429911102;0.0957386401083224;0;0;1191;Иртышская;Irtyshskaja;0.5634813403014078
8342304;6664428;36;0.11124616604773917;0.30015339742460617;-0.0029373242659366944;0.011944977429911102;0.0957386401083224;0;0;1906;Иртышская;Irtyshskaja;0.5634813403014078
8363401;7845307;51;0.053487571391218035;0.137565555253249;0.0009190004775130464;0.00595438383240353;0.12541879425405095;0;0;1925;Урьевская;Ur'evskaja;0.49778900175525204
8363401;7845307;51;0.053487571391218035;0.137565555253249;0.0009190004775130464;0.00595438383240353;0.12541879425405095;0;0;1271;Урьевская;Ur'evskaja;0.49778900175525204
8364374;7846914;14;0.07237472943638178;0.2634307924093163;0.009204016963848698;0.04388113049248316;0.20490037511389103;0;4;1925;Урьевская;Ur'evskaja;1878.167412664562
8364374;7846914;14;0.07237472943638178;0.2634307924093163;0.009204016963848698;0.04388113049248316;0.20490037511389103;0;4;1271;Урьевская;Ur'evskaja;1878.167412664562
8364389;7846973;14;0.0010218376590442415;0.003410441392605027;0.00014303546006549025;0.0005996477578304962;0.002667192393809551;0;2;1925;Урьевская;Ur'evskaja;1936.485261755196
8364389;7846973;14;0.0010218376590442415;0.003410441392605027;0.00014303546006549025;0.0005996477578304962;0.002667192393809551;0;2;1271;Урьевская;Ur'evskaja;1936.485261755196
8364420;7846884;14;0.06245107730694569;0.26325754347187075;0.007498912233187075;0.047396555992712266;0.22401010664558313;0;4;1925;Урьевская;Ur'evskaja;1877.1391334675297
8364420;7846884;14;0.06245107730694569;0.26325754347187075;0.007498912233187075;0.047396555992712266;0.22401010664558313;0;4;1271;Урьевская;Ur'evskaja;1877.1391334675297
8364448;7846974;14;0.0011325391408639944;0.004262742615884209;0.000157004705597662;0.000793727282673584;0.003614368368591031;0;2;1925;Урьевская;Ur'evskaja;1968.087384135987
8364448;7846974;14;0.0011325391408639944;0.004262742615884209;0.000157004705597662;0.000793727282673584;0.003614368368591031;0;2;1271;Урьевская;Ur'evskaja;1968.087384135987
8373174;6358905;33;0.10703713421695414;0.26072186442657913;-0.0039335658291836054;0.008501199280918;0.08443302982585096;0;0;1346;Экибастузская;Ekibastuzskaja;0.43581245886303144
8374821;7850040;33;0.12042840966412988;0.14759990719000846;0.00027424834212990714;0.005142619007736056;0.03724355918362489;0;0;1214;Трачуковская;Trachukovskaja;0.3565147552475178
8376072;7886180;22;0.0397719987360377;0.04312723011174947;-0.0003931121447861571;0.0008353042070720496;0.004141188797587805;0;2;1270;Лас-Еганская;Las-Eganskaja;0.035992220872549344
8379621;7920987;38;0.046620958373995845;0.06641365079507286;-0.00042386139989486965;0.002659961686613097;0.030379879722087798;0;0;1268;Прогресс;Progress;0.42887337481289467
8389566;6358539;33;0.0671681968450367;0.13726154024166623;-0.0011835516858546987;0.007246485998167133;0.0755775432428506;0;0;130;Экибастузская ГРЭС-1;Ekibastuzskaja GRES-1;0.09625803737267043
8415099;8181903;29;0.07549612447128802;0.080685388941695;-0.00017370538191420777;0.0017931327582019;0.008154790407641443;0;0;1290;Янга-Яха;Janga-Jaha;0.37747150776175376
8437379;6649965;36;0.07813848352810106;0.3114822889427996;-0.0035511140786503074;0.01207514639182778;0.1489377856641581;0;0;1344;Валиханово;Valihanovo;0.15427783238564532
8440504;7823025;10;0.04665525521012745;0.05134917360936728;-0.0010008072790382793;0.001408840217547699;0.005240620145777329;0;2;1272;Васильев;Vasil'ev;0.3970535112738259
8450995;6863776;52;0.14576776574866096;0.5220269602464476;-0.006338483460045969;0.029271719904680023;0.3386060950619124;0;4;1202;Татарская;Tatarskaja;0.4092699113663481
8473436;7810495;36;0.05649821979749846;0.08881113402601273;-0.0006940932180507536;0.0025706091971777296;0.021572852148822083;0;0;1273;Кирьяновская;Kir'janovskaja;0.38686464254688124
8494176;8870829;37;0.19209210986985348;0.27418738477407517;-0.0025172108653568033;0.01791278862267712;0.21248014444562774;0;4;1221;Оленья;Olen'ja;0.4283863333239626
8500461;7799937;44;0.015921879772864824;0.02500411651673009;-0.00021594482122203295;0.0010518583404015187;0.008584736329743922;0;0;1249;ГПП-2;GPP-2;0.42071009224458034
8501053;7805842;44;0.051042602880185944;0.09749931666916643;-0.0007017204583206003;0.004693785792784155;0.04690611522239411;0;0;1249;ГПП-2;GPP-2;5934.643166257721
8501057;7805836;44;0.000361865921508063;0.0006501789669218239;-2.4550959203762965e-06;2.9665947844900527e-05;0.0003134458321513269;0;0;1249;ГПП-2;GPP-2;5929.073553938206
8501060;7805833;44;0.0005171249328264772;0.0014892195602663855;-1.148287793614561e-05;6.089146975696302e-05;0.0008217680018591033;0;0;1249;ГПП-2;GPP-2;5926.39099553931
8501070;7805827;44;0.02688809833090623;0.058321386429489704;-0.0003781461884959973;0.0029489409596758936;0.0320189383311187;0;0;1249;ГПП-2;GPP-2;5921.441123713835
8504742;8399423;40;0.08886720372999873;0.15775205759684166;-0.0009567952846750915;0.004819809163210718;0.044928546309959974;0;0;1222;Тарко-Сале;Tarko-Sale;560.3342856266022
8504827;8399377;40;0.0015013074990284018;0.002690676124286822;-1.6363832323551764e-05;8.17909685694971e-05;0.0007781899927160317;0;0;1222;Тарко-Сале;Tarko-Sale;499.3727812456018
8504864;8399570;40;0.002105784623040011;0.003774033242204433;-2.2952464104280932e-05;0.00011472277599935912;0.001091515576606067;0;0;1222;Тарко-Сале;Tarko-Sale;410.4748048894342
8505273;8399601;40;0.09377256240570393;0.19749560785901668;0.005458409456541149;0.007826549469342543;0.08723077492148942;0;0;1222;Тарко-Сале;Tarko-Sale;0.3017454871795925
8505389;8400042;33;0.024738827858202802;0.0790085875755627;0.0020391738218659477;0.005661132728982969;0.0733114594232477;0;0;1222;Тарко-Сале;Tarko-Sale;455.8962628170567
8505488;8399916;26;0.48278676337649784;0.7059069853101709;0.01843868255111874;0.17839225473933248;0.6286548073406429;0;1;1222;Тарко-Сале;Tarko-Sale;381.185489035097
8505599;8399610;33;0.01373019083615383;0.024005705875428298;-0.00015332132852384343;0.00476847153358152;0.021379960576103425;0;0;1222;Тарко-Сале;Tarko-Sale;325.8232104246055
8507843;8402263;33;0.018120434643813046;0.02962199551356877;3.997528627513685e-06;0.0021117122087964822;0.02046736188464488;0;0;1223;ГГПЗ;GGPZ;0.5532769481071237
8511028;7798745;44;0.03837471640794746;0.2421243787328093;-0.001763948459677833;0.009305126531899;0.14092199449627107;0;0;1288;Мегион;Megion;0.5211050564676759
8511155;7798959;7;0.037974207247225854;0.17672307484960906;0.02529864201110082;0.02945384580826818;0.08909637588096733;0;2;1288;Мегион;Megion;248.40019957863979
8511156;7798928;7;0.037970543293366556;0.17670429110007202;0.025296139185973412;0.029450715183345393;0.08908951195348933;0;2;1288;Мегион;Megion;222.8567502918999
8511273;7798751;6;7.52383333083441e-16;2.6786992979803154e-15;2.2726093229041964e-17;1.0662621249435232e-15;2.489162377655264e-15;0;2;1288;Мегион;Megion;244.60943389488662
8511277;7798724;6;7.476122293067057e-16;2.6692664667539915e-15;2.4611823783313228e-17;1.0592313816794377e-15;2.4767049233109578e-15;0;2;1288;Мегион;Megion;249.44841621132622
8512762;7845091;31;0.026633848734844662;0.030264405581044363;-0.0001412106811005716;0.0008397627352323548;0.0034680091939685055;0;0;1250;Комета;Kometa;0.46075733380901907
8525403;7798481;44;0.145018562172961;0.327133549818257;-0.002497287228032748;0.014870106651447886;0.15424281674495263;0;4;1257;Сибирская;Sibirskaja;0.3888537625177434
8526574;7825044;38;0.03184380178134299;0.07556767663999685;-0.000828716158632686;0.0021464283157299627;0.032049744272579936;0;0;1255;Кварц;Kvarts;0.12295039614869191
8530370;7835309;34;0.014367808024863055;0.019710415964341647;-0.00013902384566138437;0.0005718885708942841;0.0030155906863235816;0;0;1253;Мирная;Mirnaja;462.07051812067505
8530372;7835336;34;0.010044331244193674;0.01379116464940488;-8.321308164579237e-05;0.00043291456295491067;0.0021958282828103345;0;0;1253;Мирная;Mirnaja;486.9410357695927
8530375;7835324;34;0.0005059622100256127;0.0006940718274131353;-4.9125465063020205e-06;2.0135383213775768e-05;0.0001061177801044013;0;0;1253;Мирная;Mirnaja;474.6085383938299
8530375;7835327;34;0.00040545627886778856;0.0005566688861468306;-3.3713263250531927e-06;1.747955287653255e-05;8.859660922664735e-05;0;0;1253;Мирная;Mirnaja;477.45420441790463
8530526;7834874;34;0.0044190157974725915;0.006064988962992689;-3.978579375882542e-05;0.0001832358606488832;0.000946988981011615;0;0;1253;Мирная;Mirnaja;0.28690564515533407
8530808;6641327;36;0.08708687518614738;0.3219329987390978;-0.0035640941153129413;0.012327150713944654;0.15182956016512308;0;0;1345;Мынкуль;Mynkul';0.24721622026258955
8531799;7839221;34;0.08803657100882989;0.12075797506800207;-0.0013886132819714023;0.003628867746501187;0.018981491969313785;0;0;1215;Кустовая;Kustovaja;0.36838181212047044
8532657;7833592;38;0.034169546629649085;0.07465245082155361;-0.0008047297510980904;0.0021507758127615973;0.029790347359883958;0;0;1254;Топаз;Topaz;0.4629465837535608
8534838;7792974;26;0.027872826088690912;0.030948266993399427;-0.00014787599146901044;0.0008295190590571279;0.0034301100456295246;0;2;1263;Эмтор;Emtor;0.6602764947629731
8537480;7842507;9;0.02753495195230251;0.031599783589694466;-0.0006702596498166959;0.0012413193282604811;0.003952676563844935;0;2;1251;Факел;Fakel;0.5153244598287133
8540995;8697094;41;0.28218900166647737;0.4376177658720225;0.0023064455493795022;0.02555257752402801;0.29536328018448665;0;4;1932;Уренгой;Urengoj;0.47101962694432653
8540995;8697094;41;0.28218900166647737;0.4376177658720225;0.0023064455493795022;0.02555257752402801;0.29536328018448665;0;4;1220;Уренгой;Urengoj;0.47101962694432653
8541129;8696611;39;0.3506858165521215;0.7054268830555555;-0.008095956161088548;0.11852174474809934;0.6279394742527716;0;1;1932;Уренгой;Urengoj;501.52544308148975
8541129;8696611;39;0.3506858165521215;0.7054268830555555;-0.008095956161088548;0.11852174474809934;0.6279394742527716;0;1;1220;Уренгой;Urengoj;501.52544308148975
8541156;8696635;39;0.003817300798474179;0.007545865293772463;-7.882601369382393e-05;0.0012674341106819736;0.006717417313763043;0;0;1932;Уренгой;Urengoj;486.72403110808926
8541156;8696635;39;0.003817300798474179;0.007545865293772463;-7.882601369382393e-05;0.0012674341106819736;0.006717417313763043;0;0;1220;Уренгой;Urengoj;486.72403110808926
8541179;8696590;39;0.0046399609115683055;0.009172062107617722;-9.581367611907338e-05;0.0015405767169051222;0.008165076688483982;0;0;1932;Уренгой;Urengoj;536.8480599368531
8541179;8696590;39;0.0046399609115683055;0.009172062107617722;-9.581367611907338e-05;0.0015405767169051222;0.008165076688483982;0;0;1220;Уренгой;Urengoj;536.8480599368531
8544707;7843512;31;0.029274571262125883;0.03322703046730185;-0.00017572841482184926;0.0008968329067502417;0.0037703605436396857;0;0;1252;Орбита;Orbita;0.3320289891621978
8555803;7825791;40;0.01875157522232737;0.042101746348686;-0.0003669816390426216;0.0014069240270009038;0.014657042841205344;0;0;1259;Надежда;Nadezhda;0.42537818429053786
8557463;7824505;44;0.01752482629882256;0.03840571127270195;-0.0002864913965606195;0.0018861371919031992;0.01570550761716944;0;0;1260;Кольцевая;Kol'tsevaja;0.4702791717528877
8558116;6394696;49;0.12251402546223367;0.43008129893263264;-0.0017487432711505737;0.02821351508011466;0.3139966560123084;0;4;129;Ермаковская ГРЭС;Ermakovskaja GRES;0.3349923567843807
8558586;7810235;37;0.030998748796057858;0.055249036870977666;-0.0005111159132560515;0.0016382421313375585;0.012953473899014481;0;0;1262;Космос;Kosmos;0.5482136154572449
8560794;7813680;33;0.03568595574879912;0.05060789661503566;-0.0002969117341218758;0.001504083767099988;0.00718084973327187;0;0;1261;Мираж;Mirazh;0.3908463746783035
8562800;7825888;40;0.00038718417041525043;0.0008847591375467494;-7.5865905649020405e-06;2.880696075945342e-05;0.00031666512466079226;0;0;1260;Кольцевая;Kol'tsevaja;5512.952714614838
8562800;7825892;40;0.0004148734858768361;0.0009151116137438294;-8.110535180785509e-06;3.1462049507395516e-05;0.0003093817519065368;0;0;1260;Кольцевая;Kol'tsevaja;5513.957232548972
8562802;7825899;40;0.028284872945028523;0.0619092472164658;-0.0005490071458692176;0.0021324983588590736;0.020731881899737667;0;0;1260;Кольцевая;Kol'tsevaja;5517.656813229609
8562804;7825883;40;0.014480414115541943;0.03281849187821729;-0.0002815083174798559;0.0010705304008953361;0.011640466262462089;0;0;1260;Кольцевая;Kol'tsevaja;5515.574028528593
8563717;7824713;44;0.036273441273580884;0.0996167306096451;-0.0008965778446035832;0.004572419246676248;0.03971869697269646;0;0;1260;Кольцевая;Kol'tsevaja;6257.2121995647885
8563739;7824622;44;0.02765998532928932;0.08370977130044686;-0.0010335518044763555;0.0037304447274070086;0.0396983950765897;0;0;1260;Кольцевая;Kol'tsevaja;6276.850620253959
8563764;7824730;44;0.001076423168833116;0.0023315731492466476;-1.7584510102909497e-05;0.00011523931801254231;0.0009515509573183427;0;0;1260;Кольцевая;Kol'tsevaja;6304.76920843123
8563833;7824640;44;0.0014392358095275846;0.0031912609385692306;-2.3542014691496317e-05;0.0001573939358428654;0.0013076604816093923;0;0;1260;Кольцевая;Kol'tsevaja;6371.189474202035
8565370;7797287;32;0.08326657979409254;0.09816171166291979;0.00010679046834315554;0.0038249126413994693;0.015625673410301133;0;0;135;Нижневартовская ГРЭС;Nizhnevartovskaja GRES;0.4779738180551815
8566002;8144073;42;0.12166792386105049;0.18858170602256247;0.0004938483296479379;0.010893078519854087;0.13265759930107374;0;0;1289;Вынгапур;Vyngapur;0.4092894585666001
8566002;8144073;42;0.12166792386105049;0.18858170602256247;0.0004938483296479379;0.010893078519854087;0.13265759930107374;0;0;1299;Вынгапур;Vyngapur;0.4092894585666001
8576986;7846961;41;0.017447879752324605;0.0373838778061062;-0.0003372224748225032;0.0015703729480066463;0.012338728138897338;0;0;1258;Газовая;Gazovaja;0.45245889266863365
8577543;7843630;44;0.134327543079946;0.19149750590144843;0.0002631379309307936;0.01001107968682547;0.10839035763463317;0;0;1929;Белозерная;Belozernaja;0.20567829192058126
8577543;7843630;44;0.134327543079946;0.19149750590144843;0.0002631379309307936;0.01001107968682547;0.10839035763463317;0;0;1256;Белозерная;Belozernaja;0.20567829192058126
8579341;7844558;7;6.7072278796723775e-16;1.7764354404428316e-15;1.5462389968073305e-16;5.951451667826524e-16;1.0026523557234133e-15;0;2;1929;Белозерная;Belozernaja;2023.5645353438972
8579341;7844558;7;6.7072278796723775e-16;1.7764354404428316e-15;1.5462389968073305e-16;5.951451667826524e-16;1.0026523557234133e-15;0;2;1256;Белозерная;Belozernaja;2023.5645353438972
8579366;7844531;7;6.735663308285424e-16;1.7795295810352865e-15;1.5444658195839616e-16;5.93860507973733e-16;1.0028701033034127e-15;0;2;1929;Белозерная;Belozernaja;2033.706300993708
8579366;7844531;7;6.735663308285424e-16;1.7795295810352865e-15;1.5444658195839616e-16;5.93860507973733e-16;1.0028701033034127e-15;0;2;1256;Белозерная;Belozernaja;2033.706300993708
8588734;7774513;50;0.08727657258583905;0.2713488955397433;-0.00024062506063055053;0.01702943613914375;0.14769086041804086;0;0;1287;Советско-Соснинская;Sovetsko-Sosninskaja;0.206886273185435
8588734;7774513;50;0.08727657258583905;0.2713488955397433;-0.00024062506063055053;0.01702943613914375;0.14769086041804086;0;0;1280;Советско-Соснинская;Sovetsko-Sosninskaja;0.206886273185435
8609120;8677225;5;0.08146724501040967;0.08558647932817352;-0.0006654637287314869;0.0031070611239895837;0.006578011545474591;0;2;134;НГХК ГТЭС;NGHK GTES;0.47455749870544406
8620282;6644900;36;0.006741074577578223;0.025235769341365098;-0.00027983531263098526;0.0009662546585208678;0.011912603568406774;0;0;1319;Районная;Rajonnaja;0.0831926074492632
8620319;6644313;36;0.06394292978609269;0.25590192674971235;-0.0029191830695150284;0.009921322113455165;0.12240031922611389;0;0;1319;Районная;Rajonnaja;588.2352899305397
8620360;6644315;36;0.04169959835648865;0.1435403475791296;-0.0015334196788608964;0.005413775414365637;0.06657935606145726;0;0;1319;Районная;Rajonnaja;590.2441804199149
8622685;8036513;44;0.06990906977990283;0.18680462713136903;-0.00029494831718844305;0.008250520651555017;0.1559029614779435;0;0;1298;Северный Варьеган;Severnyj Var'egan;0.5434227162644775
8622685;8036513;44;0.06990906977990283;0.18680462713136903;-0.00029494831718844305;0.008250520651555017;0.1559029614779435;0;0;1295;Северный Варьеган;Severnyj Var'egan;0.5434227162644775
8623743;7985063;34;0.05664092992279153;0.07626210332999946;-0.00048174336071777577;0.0023586523151243603;0.011295771226388154;0;0;1266;Компрессорная;Kompressornaja;0.057864150986631994
8625437;7987185;46;0.07198946258529312;0.18538048810858854;0.00014064259560845526;0.008453295646034023;0.15461190263470753;0;0;1265;Варьеган;Var'egan;0.17477168085825262
8625437;7987185;46;0.07198946258529312;0.18538048810858854;0.00014064259560845526;0.008453295646034023;0.15461190263470753;0;0;1297;Варьеган;Var'egan;0.17477168085825262
8630864;7992746;31;0.05687620749351711;0.06446966472700943;-0.00035653871124665857;0.0017096951921174504;0.007624396016951071;0;0;1267;Мачтовая;Machtovaja;0.5064720834234686
8632699;8005208;33;0.06636406300692871;0.08484165777201083;-0.0003474106337005285;0.0020419167770858353;0.011786408996953601;0;0;1296;Зима;Zima;0.29030440926889195
8650163;8437231;7;0.10531176866132841;0.11044038634152592;8.292323017033484e-05;0.0027569972088770955;0.007188890647592011;0;2;1224;Арсенал;Arsenal;0.5734111948054562
8688292;7656011;42;0.11051222276972099;0.3143818180413571;-0.002734431346213275;0.014388501283815651;0.1808063591949187;0;4;1274;Чапаевка;Chapaevka;0.4494750810558276
8688946;8695853;4;0.08813558563510215;0.09255506911183208;-0.0014159179886465273;0.003001004747819336;0.007091001869711927;0;2;1225;Исконная;Iskonnaja;0.4485231884902662
8689505;6639820;41;0.014601310389583594;0.04631284642113937;-0.00048665612729166546;0.0025324395307854707;0.021475891877878343;0;0;1312;Карасук-тяговая;Karasuk-tjagovaja;0.47479452500160874
8692000;8688628;9;0.24892727474967158;0.2829708411401828;0.007235390258742178;0.016101507894998687;0.07953114746919276;0;2;133;Уренгойская ГРЭС;Urengojskaja GRES;0.40545225502335386
8693619;6640302;41;0.09845146451520002;0.33233021871163626;-0.0026029834468046195;0.017731858615584156;0.15401259804293363;0;4;1328;Урожай;Urozhaj;0.5788382346562755
8723677;6901336;52;0.1472911948385288;0.46115285660242566;-0.006335103542613711;0.03024433196071352;0.30510948781205927;0;4;131;Барабинская ТЭЦ;Barabinskaja TETs;0.0822276119498364
8730153;6899924;19;0.10670562814147377;0.12142518849350196;0.000992598248565792;0.004197566419871717;0.023585351920260136;0;2;1193;Барабинская;Barabinskaja;0.393586801656659
8753293;6636665;41;0.06606627333777498;0.15922627585868526;-0.0015433661931245752;0.00839945385283512;0.07381866263965435;0;0;1311;Зубково;Zubkovo;0.5239951529355629
8798489;7565376;46;0.103527271457912;0.40262173011998864;-0.0036164284874279458;0.017863631195304725;0.22898014031973923;0;4;1275;Раскино;Raskino;0.5779338465074483
8821380;6637590;41;0.032332197264787844;0.03547025797952842;0.0003019843670665221;0.000973020325395421;0.02925862498826888;0;0;1313;Краснозерская;Krasnozerskaja;0.3488606022804075
8821695;6636947;41;0.05690268267946875;0.17979370845958098;-0.0018807142046749104;0.00981792160802419;0.08342360104490147;0;0;1313;Краснозерская;Krasnozerskaja;716.3606865981756
8821743;6636963;41;0.6553291783862207;0.7032507683519925;0.006404112128978662;0.016675327247332453;0.5649388261399021;0;1;1313;Краснозерская;Krasnozerskaja;724.8473050949076
8823174;7884982;30;0.06936531417968728;0.07885401807138667;-0.000451668407447545;0.0020115847900625742;0.009335443589420844;0;0;1264;Узловая;Uzlovaja;0.4743437574969519
8844974;6358477;33;0.001473480630263669;0.003545384260927327;-5.421754022204116e-05;0.00011507440670772696;0.001161231550467644;0;0;1333;Южная;Juzhnaja;201045.45862044333
8845032;6358393;33;0.10609276926681736;0.25601888723813926;-0.003889419462074158;0.008307025634205727;0.08347455030072928;0;0;1333;Южная;Juzhnaja;200965.28768451928
8845147;6358391;33;0.001562478024758536;0.0037595234597909513;-5.749224890607701e-05;0.00012202483561714488;0.0012313692776112386;0;0;1333;Южная;Juzhnaja;200854.7988866828
8845643;6358379;33;0.009494892310840814;0.010101473708961776;-3.676496174588155e-05;0.0005822071399885723;0.008700663649676707;0;0;1333;Южная;Juzhnaja;200377.3182133512
8845756;6358377;33;0.6628262312121501;0.705276906341806;-0.0025594479938291026;0.0406584543092644;0.6075519035303228;0;1;1333;Южная;Juzhnaja;200268.7667887272
8845823;6358458;33;0.009180614870348306;0.009767118647469384;-3.554805504499173e-05;0.0005629362979608923;0.008412674885519321;0;0;1333;Южная;Juzhnaja;200228.70486269996
8867849;7531679;38;0.062054458853384314;0.11096391043747508;-0.001115579682951869;0.0040970388709461614;0.02476210398757485;0;0;1276;Вертикос;Vertikos;0.42910983432813526
8889065;6641991;41;0.07825561461798324;0.18012308286022619;-0.001428404936887889;0.008277370596146746;0.08050425724371128;0;0;1329;Урываево;Uryvaevo;0.49206951756207995
8907236;6870403;48;0.011295295384219592;0.31185133084306926;-0.000995123932736494;0.007446787837048974;0.29892564427191676;0;4;1341;Груздевка;Gruzdevka;0.5695063320211754
8907337;6869860;47;0.11260885416168906;0.3272066187895322;-0.005162309893981666;0.025391736408652027;0.2934587565437537;0;4;1341;Груздевка;Gruzdevka;551.842899687808
8947748;7499026;41;0.0009098140889636201;0.00378371338410182;-3.011604460112318e-05;0.00010843943914902743;0.0013719026444604437;0;0;1277;Завьялово;Zav'jalovo;734.2168083175885
8947796;7498981;41;0.0006565162765418514;0.0027302519204267027;-2.1731990060492085e-05;7.82476924750886e-05;0.000989932400627631;0;0;1277;Завьялово;Zav'jalovo;733.0923929601267
8947800;7499055;41;0.050021901464638426;0.27682965565420153;-0.0020880771686721004;0.007626623129912824;0.11837709824191181;0;0;1277;Завьялово;Zav'jalovo;676.6404222451803
8947823;7498996;41;0.05004906806509003;0.2768901473677949;-0.002088690633769317;0.0076285814974772865;0.11838557050980467;0;0;1277;Завьялово;Zav'jalovo;704.0310352648104
8948282;7499530;41;0.004394665732285427;0.018276252810001;-0.00014547071701240662;0.000523788645405625;0.0066266048300938135;0;0;1277;Завьялово;Zav'jalovo;0.5779421603312183
8976197;6634616;41;0.656992444744116;0.7050559904248173;0.00642274494856872;0.01672487568751611;0.5664799550547327;0;1;1321;Световская;Svetovskaja;2203.4988222300153
8976255;6634590;41;0.03942072725054993;0.08114396672474752;-0.00044920588192750666;0.003314519749325006;0.034894389686400074;0;0;1321;Световская;Svetovskaja;2214.318566775965
8976773;6636743;41;0.05758428479935447;0.06206746142545516;0.0005840278639552139;0.0016296014038933257;0.05220287778556667;0;0;1321;Световская;Svetovskaja;0.2365898797622435
8994496;7469021;39;0.0007409680201667506;0.001579834039152431;-1.0315913939483638e-05;5.660131446967582e-05;0.0004430135332279706;0;0;1278;Каргасок;Kargasok;7500.214287214046
8994498;7469080;39;0.03904326719749939;0.0826011853106646;-0.0005371922114642811;0.0029747884392719304;0.022954463698604557;0;0;1278;Каргасок;Kargasok;7461.417049055086
8994575;7469055;39;0.03904774023715628;0.082608118278573;-0.0005374023571851609;0.002975045601648275;0.022949499855028553;0;0;1278;Каргасок;Kargasok;7417.590433727779
8994576;7469013;39;0.000621448701236838;0.0013249620302990866;-8.654298153535915e-06;4.747007942869864e-05;0.00037143191141388867;0;0;1278;Каргасок;Kargasok;7443.606879714277
9000299;7473773;39;0.012400518651293428;0.026438992781850718;-0.00017266623970653511;0.0009472414583913391;0.00741285288127146;0;0;1278;Каргасок;Kargasok;0.33188758629197423
9014400;6849811;57;0.16278015124823292;0.597733996520365;-0.005544128877439054;0.040346333251915625;0.3446977669717832;0;4;1340;Чулымская;Chulymskaja;0.4681251953361292
9031345;6274171;49;0.14574945848266863;0.3349812348367317;-0.0008311406169849644;0.027984892308392424;0.309656328813703;0;4;1337;Рубцовская;Rubtsovskaja;0.46341068273005653
9037089;6299223;49;0.03136486658380636;0.11283907818077642;-0.00033725341512689627;0.0075925116995332305;0.08404370354768487;0;0;1333;Южная;Juzhnaja;0.3631249492099303
9042083;6646765;42;0.08928290953048132;0.19069719236624968;-0.0011045427578644214;0.010116488257047154;0.09635939941792179;0;0;1320;Светлая;Svetlaja;0.40135124320376997
9066072;6645954;42;0.07227560680137388;0.11616214622396613;-0.0003772167584681391;0.00575852970892057;0.036304779498875214;0;0;1317;Плотинная;Plotinnaja;0.4330894117314199
9066263;6226806;45;0.047624771020995424;0.13069077177518953;-0.0006258302107882574;0.007814359204793309;0.1001279503597746;0;0;1309;Горняк;Gornjak;0.3889982650025719
9070434;7411697;49;0.10443136529874313;0.4816772725120197;-0.0028489434927206135;0.02703439971161961;0.3405060833491208;0;4;1279;Парабель;Parabel';0.4457113858545659
9148078;6827033;42;0.0905200177967647;0.31138432749761985;-0.0024912433245958456;0.012870588380405697;0.18981323173981862;0;4;1310;Дружная;Druzhnaja;0.611428171129706
9158714;6119529;45;0.05831644069003795;0.16003059915192486;-0.0007663278917053053;0.00956866784506078;0.12260648300013186;0;0;1347;Усть-Каменногорская;Ust'-Kamennogorskaja;0.22137174649897012
9160778;8794733;7;0.0011055547761003447;0.0011542689398716603;9.371940435791957e-06;4.070121210396544e-05;8.630670914518894e-05;0;2;1226;Мангазея;Mangazeja;566.2967523419715
9160792;8794761;7;0.14075923171001783;0.1463806434749932;0.0015289691175641295;0.005439035806005799;0.010828864930072873;0;2;1226;Мангазея;Mangazeja;534.9919035957562
9160839;8794746;7;0.0014085576225796204;0.0014706230291890367;1.1940537388626582e-05;5.185632028062885e-05;0.0001099610581711478;0;2;1226;Мангазея;Mangazeja;529.7672014319448
9161030;8795240;7;0.19221217843377245;0.22431325281828385;0.013424792465935214;0.01875672142767124;0.08042264380466405;0;2;1226;Мангазея;Mangazeja;0.14111024151841087
9164017;6648962;42;0.0768702518436863;0.15184177804969684;-0.0008517840794885712;0.006865983245458654;0.0600604723307219;0;0;1324;Сузун;Suzun;0.5838092590362443
9198084;6819310;29;0.03572614833772061;0.04756280491164841;-0.0004762707486636862;0.0016207124318202962;0.0070880523740932955;0;0;1339;Тепличная;Teplichnaja;13220.91527537809
9206908;6825302;29;0.031209080177971728;0.0432090059983209;-0.0005625661044342598;0.0015988972999077217;0.006348806759264955;0;0;1339;Тепличная;Teplichnaja;2586.505110208443
9208763;6827105;5;0.003480731570689663;0.0035331337699927353;3.99797820810313e-05;4.468737926728334e-05;9.341120901829297e-05;0;2;1339;Тепличная;Teplichnaja;0.4838746649411245
9209116;6826556;5;0.005530426609961725;0.005614836758482845;6.42643261999585e-05;7.179047695236363e-05;0.00014916633081974752;0;2;1339;Тепличная;Teplichnaja;652.9490515631734
9209132;6826577;5;0.028140407283078595;0.028555734423899422;0.0003217440311145301;0.0003542335718938446;0.0007389445162206236;0;2;1339;Тепличная;Teplichnaja;644.4325430463882
9209137;6826568;5;0.01395814786325896;0.01412933510367582;0.0001403009529428712;0.00015118359944608093;0.0003430258856075008;0;2;1339;Тепличная;Teplichnaja;654.673955138949
9210524;8786932;4;9.690068959997695e-17;2.3312682114497006e-16;5.768037545600263e-17;1.1290664409341485e-16;1.9724002029573251e-16;0;2;1226;Мангазея;Mangazeja;50186.4723149767
9210533;8786933;4;1.9033662390845015e-16;2.9521925470929936e-16;-3.3210415100594596e-18;1.210440832482611e-16;1.9650090629892256e-16;0;2;1226;Мангазея;Mangazeja;50195.182650118164
9212100;6823983;29;0.015960991961619823;0.021418133327706302;-0.000219316064233819;0.0007293842786964772;0.0031354794687168935;0;0;1323;Строительная;Stroitel'naja;0.4079534278995471
9221447;7312611;40;0.09371175278537221;0.3096828627936574;-0.001406895071207231;0.010184422047628693;0.11756224499148543;0;0;1281;Чажемто;Chazhemto;0.5629403002177392
9223851;6833699;42;0.05073295863313713;0.17503406339361036;-0.0016212099344311795;0.007455412193072181;0.10791155349751526;0;0;140;Новосибирская ТЭЦ-3;Novosibirskaja TETs-3;0.41495084032005114
9226270;6842262;40;0.03130345148941943;0.04019309173416068;-1.9415952689559826e-05;0.002573230534815111;0.009043444167179192;0;0;1318;Правобережная;Pravoberezhnaja;0.6075772631454741
9227321;6821616;32;0.02884989121858437;0.054475112627401165;-0.0004975438439028044;0.002235861919591463;0.02075833446184433;0;0;1326;Тулинская;Tulinskaja;0.3134138656388995
9236511;6849780;30;0.03247000992072791;0.039153975495971334;-0.0002969240973933802;0.0018823312222733101;0.008156540422068287;0;0;1316;Отрадная;Otradnaja;0.14719147346608635
9238070;6808623;61;0.09440811948108134;0.6106303842034464;-0.004622602804047629;0.039195074870848584;0.4951558686180685;0;4;141;Новосибирская ГЭС;Novosibirskaja GES;0.3895097426496727
9243799;6833280;61;0.13354497789752232;0.41661706303399115;-0.0024132299644300877;0.025066889960938685;0.2854249972597949;0;4;1306;Восточная;Vostochnaja;0.43993931529197217
9246197;6832708;36;0.008020781439000077;0.010132596435714307;7.839203103153283e-05;0.0005360442158718399;0.0028943973916537675;0;0;143;Новосибирская ТЭЦ-5;Novosibirskaja TETs-5;0.4150372029822429
9246390;6644184;42;0.07303143820345909;0.13237991200258176;-0.0006039082985827413;0.006189829531846436;0.04792259079926782;0;0;1314;Ларичиха;Larichiha;0.33297634930381304
9252350;6809428;46;0.026256214063245364;0.06966726046776305;-0.00014257947292493401;0.003339976401064121;0.05748002118668427;0;0;1315;Научная;Nauchnaja;0.5051768487261812
9276529;6764535;46;0.018290212330801393;0.039960786791936806;-0.0001759637494795036;0.002369672909757271;0.014937515408594473;0;0;1334;Южная;Juzhnaja;0.3815252820895221
9281067;6750809;47;0.018937015625762093;0.0881701193257223;-0.00034535776496471735;0.0032981728027954155;0.050084571431949304;0;0;1332;Электродная;Elektrodnaja;0.5429840978387431
9288339;6760985;46;0.018036080389848025;0.0404048317800135;-0.00018194123145176734;0.002356960871720842;0.014938265909054806;0;0;1334;Южная;Juzhnaja;12331.802391440773
9288341;6761012;46;0.034645467082395506;0.06993398953430409;-0.0002839743049490126;0.004392855604688137;0.027064743797231554;0;0;1334;Южная;Juzhnaja;12325.974300384712
9288352;6761007;46;0.029613892557211745;0.05749594940734478;-0.00022304358097709727;0.0037170933967088223;0.0226410908883272;0;0;1334;Южная;Juzhnaja;12337.944574739522
9290241;9003917;5;0.1619169172139214;0.1691538491438434;-0.0016149947271971686;0.00565678330701723;0.013001653125850027;0;2;1840;Ванкор;Vankor;0.4726846722023832
9290712;6837597;51;0.10805173915463606;0.16293151430119884;0.00010202816360510923;0.012487961533131727;0.045546697945117814;0;0;1194;Заря;Zarja;0.35656295356109485
9290771;9003983;6;1.1939428865238746e-16;2.3312682114497006e-16;2.8393479417741624e-17;9.378088855330008e-17;1.9724002029573251e-16;0;2;1840;Ванкор;Vankor;534.546181569314
9290787;9003984;6;1.7573524236039372e-16;2.9521925470929936e-16;-8.691879019929711e-18;9.013205677536908e-17;1.9650090629892256e-16;0;2;1840;Ванкор;Vankor;550.5477576290017
9309593;6573128;48;0.06625788112785098;0.29516033169704126;-0.0022283940877461496;0.01001000723124099;0.13626367801102537;0;0;1308;Власиха;Vlasiha;0.5244866540329546
9313182;6613242;19;0.6981193294420778;0.7047346481993999;0.0013090603442078514;0.0043862826733699345;0.032925440165871844;0;1;1336;Алтай;Altaj;723.2917113278385
9313222;6613316;19;0.008662511415902208;0.008744290118092399;1.6176414770618634e-05;5.4232490566588055e-05;0.00040636500889682826;0;2;1336;Алтай;Altaj;703.3735608308882
9313260;6613214;14;0.6151697595636312;0.7052259848128904;0.01139337697020433;0.09392003727636208;0.60751969567918;0;1;1336;Алтай;Altaj;641.4007761733114
9313293;6613274;14;0.0068845022211271225;0.007892104187614251;0.00012746958990109524;0.00105090544143274;0.006797807210442542;0;2;1336;Алтай;Altaj;623.1287896382482
9313355;6613180;33;0.010845822992798466;0.012852011227350765;-0.00018141809247945633;0.0006633286312793243;0.008181913830734572;0;0;1336;Алтай;Altaj;542.0807036557725
9313476;6613614;23;0.5196808685255467;0.7048928342436999;-0.033184084462541265;0.02965788705732049;0.61064207099242;0;1;1336;Алтай;Altaj;661.6660708225302
9313510;6613678;23;0.005231487018583708;0.007096458214708185;-0.00033416729832078936;0.00029858156488127925;0.006148635501551699;0;2;1336;Алтай;Altaj;693.4037799709803
9313649;6613553;23;0.008311738942236987;0.011274788198005693;-0.0005309219609660678;0.00047438367168685115;0.009768896101304415;0;2;1336;Алтай;Altaj;514.7876906823948
9313891;6613099;25;0.05306051521209501;0.06497213798676323;-0.0006022153138962132;0.002717638083862947;0.014031494954487939;0;2;1336;Алтай;Altaj;0.3990958299346907
9314296;6612964;19;0.0017782860857582742;0.001927627252336937;1.8910555832000096e-05;7.05247136367934e-05;0.00020445338727027819;0;2;1336;Алтай;Altaj;426.8446102253293
9314392;6612921;19;0.019259552860269456;0.020881009256216044;0.00020533024955425954;0.000764637086561593;0.0022260786588156126;0;2;1336;Алтай;Altaj;531.6106621189978
9314409;6612956;19;0.0010888361676357052;0.0011802770582719103;1.157884398065725e-05;4.3181948919734834e-05;0.0001251858429519861;0;2;1336;Алтай;Altaj;537.3338489977788
9324185;6615496;44;0.15593553435003357;0.2283266351050266;-4.8196955480157136e-05;0.01889956888041052;0.17553881972623278;0;4;1335;Барнаульская;Barnaul'skaja;0.4282934157739888
9344912;7162359;48;0.1057223628542902;0.43135223994066196;-0.0021169639061661993;0.025945790889203298;0.2893560250218503;0;4;1282;Володино;Volodino;0.6035880045464703
9349372;6584869;58;0.15094902760191242;0.5576308775288505;-0.006415974300722653;0.029565223460806506;0.33539369903060123;0;4;1330;Чесноковская;Chesnokovskaja;0.3742492206065695
9359555;7073142;31;0.04168431154961708;0.04943044802956797;5.725940578431864e-05;0.0025977595056382104;0.013012061622523677;0;0;1283;Мельниково;Mel'nikovo;0.08992001818712314
9406937;6611152;58;0.09700279411322009;0.421196379721227;-0.004165192347220461;0.015106894047144154;0.141616201285156;0;4;1331;Шпагино;Shpagino;2546.5977102874913
9406955;6611150;58;0.09451445142890233;0.42128643114596726;-0.00429425733604844;0.014908366300462618;0.14164621892107027;0;4;1331;Шпагино;Shpagino;2534.082355181356
9408488;6609132;58;0.017991934371828923;0.08282578493431549;-0.0007940838572989936;0.002865072987058541;0.026587030174950822;0;0;1331;Шпагино;Shpagino;0.19401298921527826
9420390;7120763;42;0.0441824543060442;0.12609269254856753;-0.00039251385164162987;0.006640954190522504;0.07668323786707917;0;0;1285;Орловка;Orlovka;3117.4723436639983
9420413;7120810;42;0.0007497201711847022;0.002157845611432496;-6.923901177647713e-06;0.00011299124707229824;0.0013116903005343512;0;0;1285;Орловка;Orlovka;3155.6015078127293
9420437;7120776;42;0.0441824431835745;0.12613045504276113;-0.0003928994606732389;0.006641805056502243;0.07670649852539824;0;0;1285;Орловка;Orlovka;3116.1385224200235
9420449;7120802;42;0.000546093004681415;0.0015723127884511576;-5.049276447569886e-06;8.231581298537657e-05;0.0009557664950267152;0;0;1285;Орловка;Orlovka;3137.6901441841073
9421326;7117789;42;0.008336890708540665;0.023999444277331965;-7.70393043780523e-05;0.0012565662528060699;0.014588582163483042;0;0;1285;Орловка;Orlovka;0.4869425523814447
9427974;6521497;51;0.0491400399501762;0.08840683858458677;0.00025754526067470077;0.006484022501266151;0.05323987388820557;0;0;1325;Троицкая;Troitskaja;0.47914377721323637
9433173;6933388;40;0.05938513371144165;0.08053770148771781;0.0005791376062198422;0.005651970353354441;0.021763242637580567;0;0;1338;Юрга;Jurga;0.3143393393511515
9434625;6525285;12;0.20482748934258446;0.4316531208283631;-0.021685967494789193;0.06657230133759663;0.2576462869378149;0;4;1325;Троицкая;Troitskaja;7653.674126848039
9441238;7085140;58;0.022479195442232085;0.14109350291265307;-0.0003959903720503385;0.004323637625233283;0.0558214708445844;0;0;136;ТЭЦ СХК;TETs SHK;0.6285038510608997
9451096;7086384;54;0.007210210378173334;0.01715796357484449;-6.823873557290712e-05;0.0011496503987058057;0.009668392010305598;0;0;1301;ЭС-1 СХК;ES-1 SHK;0.313247825908404
9452215;7089437;58;0.0431112377570687;0.2633534794234123;-0.0009333293536245818;0.008199181811171201;0.09565536600704841;0;0;1302;ЭС-2 СХК;ES-2 SHK;0.38427250755880793
9460991;6629903;40;0.034274274502797894;0.040971043173647866;0.00035576932637389273;0.0023733108176020173;0.011249441941353813;0;0;139;ТЭЦ АКХЗ;TETs AKHZ;0.3749720528716763
9464204;7069651;59;0.08877126336926114;0.5803979806895206;-0.0027336197165847777;0.01680752248620346;0.13648887374761887;0;4;1305;Восточная;Vostochnaja;0.47064981524932575
9466484;7083833;40;0.026281622067816396;0.04542445886119774;8.339456609547096e-05;0.002808553669548371;0.0285526033547251;0;0;1303;ГПП-220;GPP-220;0.5417274661670411
9467173;7085340;35;0.02033060556336155;0.026149206342542454;0.00028496034301668153;0.001640304847267245;0.0071021817537344455;0;0;137;ТЭЦ-3;TETs-3;0.47307442193075117
9471763;6449785;32;0.018439422332898657;0.020553506031029033;8.659054073103803e-05;0.0009291576290094689;0.004564264905386894;0;0;138;Бийская ТЭЦ;Bijskaja TETs;0.6147509409266124
9472929;7059034;29;0.04326491034696484;0.05134626075517461;-2.7182031165478653e-05;0.0026977749960885094;0.014154690099782985;0;0;1286;Зональная;Zonal'naja;0.6998241829475577
9479423;6462105;56;0.10679680540598202;0.4490066860643116;-0.003678843049014269;0.01814520611418476;0.1960070123097384;0;4;1307;Бийская;Bijskaja;0.4431983970035788
9483820;6652919;58;0.12391815800226844;0.4973573433326941;-0.004809197942214306;0.017387461266415;0.14517203907705206;0;4;1322;Смазнево;Smaznevo;0.3594696251698406
9500276;7093808;49;0.09186611965880048;0.14295266600860587;0.0013230238749567065;0.014138618603021276;0.1429526660086056;0;0;1353;Томская;Tomskaja;0.3617829464558208
9500276;7093808;49;0.09186611965880048;0.14295266600860587;0.0013230238749567065;0.014138618603021276;0.1429526660086056;0;0;1284;Томская;Tomskaja;0.3617829464558208
9537294;6670577;58;0.0605697451615207;0.17788190679641477;-0.001484996397845925;0.007867485955683168;0.08079080369878275;0;0;1327;Тягун;Tjagun;0.3741757992076201
9568341;6885004;37;0.021768883598794826;0.02886438966808069;0.0005628118535022116;0.0015722390276337978;0.007313329960535773;0;0;1354;Азот;Azot;0.1455061508307818
9572527;6877979;60;0.10671939880428687;0.5674432358249034;-0.0019334290202195515;0.0192852031007673;0.4242822976935083;0;4;1352;Кемеровская;Kemerovskaja;0.3006681390109283
9585751;7138101;31;0.031935567215922854;0.03832731643801355;0.00012265226175226174;0.0021959363145074317;0.01042090837660654;0;0;1304;Асино;Asino;0.5146825126395922
9586859;7002124;47;0.18381630977858643;0.6235179288678744;-0.004530998059005764;0.03073031900424223;0.24933174118807427;0;4;1358;Ново-Анжерская;Novo-Anzherskaja;0.3143540201786981
9586859;7002124;47;0.18381630977858643;0.6235179288678744;-0.004530998059005764;0.03073031900424223;0.24933174118807427;0;4;1359;Ново-Анжерская;Novo-Anzherskaja;0.3143540201786981
9587833;7001861;26;0.010773490761309627;0.04923346825247441;-0.0010210995097317186;0.002691354237685387;0.017560056206540185;0;2;1357;Ново-Анжерская;Novo-Anzherskaja;500.8768943401573
9587881;7002338;26;0.08759321245364521;0.4858799452519577;-0.01007695003035102;0.025738850624111548;0.1570553001993707;0;4;1357;Ново-Анжерская;Novo-Anzherskaja;141.13884186782755
9588022;7002325;13;0.13959758470707823;0.15984133697167952;0.004237838393473057;0.00499895831420849;0.02518184035571927;0;2;1357;Ново-Анжерская;Novo-Anzherskaja;0.4592211350099789
9588989;7000791;46;0.00785389716817647;0.01684959387432326;-1.7762609270968716e-05;0.0010902582588931595;0.006775960162013991;0;0;1357;Ново-Анжерская;Novo-Anzherskaja;1813.6265742666658
9589640;7000619;46;0.06021710627147152;0.1491605406439343;3.4440196226943415e-05;0.008551863324478921;0.050149820644062565;0;0;1357;Ново-Анжерская;Novo-Anzherskaja;2351.587724259393
9592151;6880878;46;0.06384296257764058;0.15459338247839588;7.351090637010056e-05;0.008944513796987052;0.050581996876898155;0;0;1355;Заискитимская;Zaiskitimskaja;0.518242723199019
9594302;6711700;35;0.04978423492681764;0.0606631106240168;0.0005393158948838442;0.003146435979014628;0.01759287925677308;0;0;1343;Бачатская;Bachatskaja;0.478613883275788
9595037;6789652;42;0.042712388425741266;0.06147657052521757;6.204280235154814e-05;0.004685388761771502;0.0364295889620648;0;0;1351;Краснополянская;Krasnopoljanskaja;0.4676365376509361
9596289;6926544;50;0.023203514496558907;0.04018807332465145;-8.825706560860918e-06;0.0027335648263158187;0.016402535554928512;0;0;1356;Крохалевская;Krohalevskaja;0.5895897223653707
9601165;6940937;50;0.0005359819760636047;0.0009675173149126648;-3.1093317635245223e-06;6.87427006377282e-05;0.00044392459108241896;0;0;1356;Крохалевская;Krohalevskaja;15196.328937741599
9601165;6940960;50;0.0323137398419638;0.057386255434412135;-0.00017167194530159406;0.004108031404249791;0.026506749690423513;0;0;1356;Крохалевская;Krohalevskaja;15218.114342126712
9601201;6940979;50;0.0007245325997082326;0.0013078757621380209;-4.203149222529269e-06;9.292537777073553e-05;0.0006000907724799229;0;0;1356;Крохалевская;Krohalevskaja;15247.673989249732
9601450;6940571;50;0.0006466945500524045;0.0011175655775158037;2.400427075948793e-06;7.376279605904331e-05;0.0003856793503785419;0;0;1356;Крохалевская;Krohalevskaja;14946.162200245351
9601462;6940555;50;0.047906312155361806;0.08154975252713681;0.00020295076284889416;0.005409634052123843;0.02821089932021402;0;0;1356;Крохалевская;Krohalevskaja;14935.300033439
9601498;6940581;50;0.0009394583546126076;0.0016234964691440384;3.487119647066434e-06;0.00010715580487208009;0.0005602794826171471;0;0;1356;Крохалевская;Krohalevskaja;14972.18097523681
9602627;6696379;58;0.07587499796320724;0.27094556951102555;-0.002494601000982703;0.01000562424043924;0.10127533588052356;0;0;1342;Артышта;Artyshta;0.26361980202292956
9609851;6812770;23;0.046898213959055836;0.05041300552482303;0.00011322251785183996;0.0020368274359420383;0.005986311935924499;0;2;1351;Краснополянская;Krasnopoljanskaja;27457.536598681112
9609863;6812772;23;0.046832155184622026;0.050358468529672344;0.00011373446632306865;0.0020350772653944227;0.005968540790037669;0;2;1351;Краснополянская;Krasnopoljanskaja;27465.69648354676
9610216;6812081;23;0.02273210592199061;0.02569285378363423;-6.163310932541036e-05;0.0009228123043867872;0.005251211943845011;0;2;1351;Краснополянская;Krasnopoljanskaja;27082.872933987535
9610224;6812091;23;0.035193888704969686;0.04011109125729369;-0.00011035459750639214;0.001453769354756611;0.00867593837992238;0;2;1351;Краснополянская;Krasnopoljanskaja;27095.6384744725
9620844;6746277;62;0.15598721762548137;0.33607365190930377;-0.001910065491526296;0.023795441357162425;0.21780540258352;0;4;142;Беловская ГРЭС;Belovskaja GRES;0.352372814017116
9621025;6747175;58;0.0001258703939004971;0.0004994094822866073;-2.898137245356276e-06;1.8519187466289267e-05;0.0001735320568351259;0;0;142;Беловская ГРЭС;Belovskaja GRES;916.1132075043962
9621025;6747176;58;0.08835221386015576;0.31935616625353624;-0.0019294601726096861;0.012659366780054812;0.10235649017201826;0;0;142;Беловская ГРЭС;Belovskaja GRES;917.0935894247599
9635902;8958349;40;2.8651149648509207e-15;9.100604692039993e-15;4.4125160024810105e-17;2.238055055704786e-15;8.010268999743766e-15;0;0;1813;Игарка;Igarka;0.3971780067484806
9666260;6662701;49;0.15745101486217758;0.20204140041273708;0.001785523438763492;0.015512460405160392;0.08087815562322519;0;0;1350;Новокузнецкая;Novokuznetskaja;0.4263288062238572
9666411;6661888;55;0.016935372418672687;0.12876462470377434;-0.0010182343773394835;0.0030239995389443534;0.06881299826072894;0;0;1372;Северный Маганак;Severnyj Maganak;0.58580993344839
9667619;6662445;18;0.029908904987894322;0.04376070192571699;0.0015704129968509932;0.004144416578409199;0.012239457295983566;0;2;1372;Северный Маганак;Severnyj Maganak;1330.1604456501284
9667621;6662455;18;0.02989745944010208;0.04374406621588496;0.0015698293530327376;0.004142853163481271;0.012234765890698697;0;2;1372;Северный Маганак;Severnyj Maganak;1336.1929345615158
9667937;6662462;18;0.0015640566419126683;0.002286373995823531;8.199878865622152e-05;0.0002160693295404554;0.0006409194236141062;0;2;1372;Северный Маганак;Severnyj Maganak;1630.2721831560175
9667941;6662455;18;0.0015762060757248282;0.002304128486222968;8.263483155729319e-05;0.00021774654602072963;0.0006458984763075184;0;2;1372;Северный Маганак;Severnyj Maganak;1631.56824876323
9673524;6684022;10;0.0790270460801402;0.08319695055227098;0.0012148770750596192;0.0020946479227610224;0.008515764368519543;0;2;1348;Кузбасская;Kuzbasskaja;0.15098135666139764
9676326;6706800;20;0.04858989972984783;0.054505162537915874;-2.239261147368733e-05;0.0015913097674298746;0.0107524928898547;0;2;1349;Соколовская;Sokolovskaja;0.3221297426804314
9689423;6646570;40;0.023560258922438616;0.03079626676993742;6.086497157678145e-05;0.0018363639210842535;0.014710547443203166;0;0;1366;КМК-1;KMK-1;1512.9321525843689
9689424;6646579;40;0.02091133707549093;0.02710962801649612;7.29621880225244e-05;0.00160657738115931;0.012898819992937408;0;0;1366;КМК-1;KMK-1;1516.6616834098488
9689452;6646578;40;0.01096514569229641;0.014759945428418025;-7.706388639183835e-06;0.0009020031949958502;0.007148161751476576;0;0;1366;КМК-1;KMK-1;1492.1638809204562
9690727;6645802;40;0.006438648925361194;0.008404228801047034;2.042887744564982e-05;0.00048542424365918406;0.004056631605936015;0;0;1366;КМК-1;KMK-1;0.4890006544536714
9693522;6646414;5;0.0130981850108676;0.013253200994464136;5.809207715090869e-05;0.0001755034576943807;0.0004358750626722238;0;2;1367;Металлург;Metallurg;2236.2085578574856
9693523;6646423;5;0.00848330567576426;0.008596558355208067;3.5918519426472995e-05;0.00012189134034797534;0.0002986204616488332;0;2;1367;Металлург;Metallurg;2244.4789677417466
9693546;6646422;5;0.01020205378942765;0.010331618521068172;4.404147816698024e-05;0.00014228696134566165;0.0003506129476831595;0;2;1367;Металлург;Metallurg;2236.6586287216655
9694203;6644284;5;0.009341388361314994;0.009457807526944785;4.062613486064301e-05;0.00012887593719241967;0.00031823782272471894;0;2;1367;Металлург;Metallurg;0.37341119373921045
9696570;6680884;32;0.029127826250704734;0.03538448393712565;-6.32202531403438e-05;0.0016748283071944827;0.00970168763506709;0;0;1371;Ускатская;Uskatskaja;0.28026419832109045
9696778;6646173;40;0.01382201427173701;0.01884875285288337;-3.5433926685495495e-05;0.0011983032309137419;0.009098198867412519;0;0;1370;Опорная-9;Opornaja-9;0.1324003414498184
9712364;6644871;62;0.08649516567817075;0.3107100659068001;-0.0020423626899576334;0.017321453580620698;0.3107100659067983;0;4;1362;НКАЗ-2;NKAZ-2;0.11073734583659325
9712759;6642517;8;0.022610312127923943;0.023519767465753356;0.00027416727505220006;0.0009140507400665111;0.0022545150233232066;0;2;146;ГТЭС Новокузнецкая;GTES Novokuznetskaja;0.5037912469453212
9713370;6644344;8;0.023259354854700067;0.024196873287478694;0.0002756772042787566;0.0009732495372370549;0.002329685958930683;0;2;1363;Ферросплавная;Ferrosplavnaja;0.3273156419640666
9713666;6659344;56;0.008552736518464426;0.02115542082047561;-0.00018366755819884648;0.001312049108217475;0.007576788192213178;0;0;1368;Опорная-1;Opornaja-1;0.49321313889637547
9714659;6658851;56;0.05992012413917548;0.1462769107095412;-0.0012011006925496334;0.009961707908275785;0.05209424249388703;0;0;1365;ЗСМК;ZSMK;0.344312255111108
9718241;6661845;16;0.01130702001370697;0.012720563191021089;0.00020093874372238934;0.0005073815093693148;0.0013753804640316437;0;2;1369;Опорная-25;Opornaja-25;0.3348906989760738
9718843;6660479;16;0.04631232044566759;0.052124139016524844;0.0008263698289053777;0.0020764022058288607;0.005719417380143768;0;2;1364;Евразовская;Evrazovskaja;0.3122583850969207
9720530;6639232;37;0.042264418651485204;0.07053638249380328;0.0002012785274844676;0.003750301449009928;0.030557544974920213;0;0;1361;Еланская;Elanskaja;0.43837979095108387
9750169;6644850;62;0.10054939011988809;0.23259919728842515;-0.0015334982489030476;0.01900249802120666;0.22697463017863095;0;4;147;Томь-Усинская ГРЭС;Tom'-Usinskaja GRES;0.22420999123935514
9772386;9074875;52;4.43743864501607e-15;2.0287226468518993e-14;1.9171575370697677e-16;3.4834663716248034e-15;1.791990321974006e-14;0;0;179;Усть-Хантайская ГЭС;Ust'-Hantajskaja GES;0.5013063322691435
9801037;9311808;23;3.4111986905681863e-15;1.0223952677676419e-14;1.7747460927142716e-16;2.766520206110401e-15;8.975212331556527e-15;0;2;1811;Опорная;Opornaja;0.27925594026623035
9801982;6629315;54;0.06976185964104928;0.16480602765601232;-0.0014847653646744637;0.01200857704056126;0.07361098691632995;0;0;1373;Междуреченская;Mezhdurechenskaja;244.6616784232781
9802216;6629387;56;0.047018819120344356;0.14000192392553654;-0.0009206392923841549;0.007753859826027221;0.04035576199106245;0;0;1373;Междуреченская;Mezhdurechenskaja;0.4932428591463557
9824507;9312002;50;2.559429067023207e-15;1.015258166912521e-14;8.569834248608884e-17;1.9852404773366807e-15;8.862848096294797e-15;0;0;1812;Приёмная;Priemnaja;0.5188336354693016
9833901;8857931;34;4.422891508228045e-15;1.437226373241041e-14;1.2769497120794802e-16;3.5704157319708e-15;1.2668395870341297e-14;0;0;178;Курейская ГЭС;Kurejskaja GES;0.5550980902771627
9834608;8856912;23;3.019248421691678e-17;5.821723525810432e-17;8.451030514152009e-19;1.6247781420375985e-17;3.811064727308273e-17;0;2;1826;ГПП-2;GPP-2;788.3161269765856
9834612;8856931;23;2.8632488790517286e-16;8.37786534440393e-16;1.4304380573854338e-17;2.181023692453503e-16;6.56260092880957e-16;0;2;1826;ГПП-2;GPP-2;779.9348123089602
9834714;8856946;23;3.675839861019756e-17;8.245754177625034e-17;1.194825992570531e-18;2.1820881003757646e-17;5.0516258776105664e-17;0;2;1826;ГПП-2;GPP-2;677.2332000510013
9834715;8856972;23;2.7150573518938763e-16;8.059336432594298e-16;1.3811620832052826e-17;2.0887333585467327e-16;6.183390119280048e-16;0;2;1826;ГПП-2;GPP-2;670.5471704894386
9835372;8857107;23;1.9429161285592934e-16;5.610128972528866e-16;9.687947156544996e-18;1.466293728863616e-16;4.2379245937699866e-16;0;2;1826;ГПП-2;GPP-2;0.18614752137836899
9835912;8856919;39;5.362437289622036e-16;4.590079255298729e-15;-3.5435684160486203e-17;3.783894133269364e-16;2.508788387506357e-15;0;0;1825;ГПП-1;GPP-1;0.4625664483650058
9857148;6623794;54;0.08275267995013492;0.2480697888096857;-0.002010118961150001;0.015801132321287527;0.16458945706338102;0;0;1374;Теба;Teba;0.3199292593587779
9912652;6597570;56;0.10795657114615112;0.39889452358413624;-0.004027090929822052;0.013854443614752559;0.0997707667974766;0;4;1377;Чарыш;Charysh;0.4568312701419317
9914097;6898652;16;0.7024686619847577;0.7054550613793353;-0.0002963735673088357;0.0011657853715760188;0.0077185596014820446;0;1;1360;Итатская;Itatskaja;1728.1124750797248
9914119;6898589;16;0.006764855785636493;0.006791577287407553;-2.438306904837254e-06;1.1461348324154757e-05;7.398865099939728e-05;0;2;1360;Итатская;Itatskaja;1747.9125803443571
9915251;6921814;35;0.02786388648044766;0.04710358456557969;0.0003026866135728348;0.0035682787605979395;0.03249545046699241;0;0;144;Березовская ГРЭС;Berezovskaja GRES;0.512344074229056
9915418;6898942;16;0.03049213227423424;0.030612577645486513;-1.0990504309828847e-05;5.166125638382419e-05;0.00033349886598571174;0;2;1360;Итатская;Itatskaja;717.7016248615241
9915505;6899654;39;0.1255211228226333;0.2573711663295768;0.0001216426152412829;0.01395473701515394;0.11451687076326586;0;0;1360;Итатская;Itatskaja;0.5756132117693886
9917927;6925227;33;0.07149448452389646;0.08791154180651083;0.000553321560768134;0.005003931692678296;0.023885084072882153;0;0;144;Березовская ГРЭС;Berezovskaja GRES;4336.824966897462
9917933;6925234;33;0.0003014374490208881;0.0003702139763193283;2.328632926599696e-06;2.101242596282324e-05;0.00010005220886665314;0;0;144;Березовская ГРЭС;Berezovskaja GRES;4346.035780812808
9917958;6925188;33;0.0006965319569513476;0.0008554539797693809;5.380775529568202e-06;4.855344358745124e-05;0.00023119078623293503;0;0;144;Березовская ГРЭС;Berezovskaja GRES;4325.538295022393
9917974;6925182;33;0.0007475404909075519;0.0009319929808189167;4.108405861443261e-06;5.650436549468904e-05;0.00029841765970466496;0;0;144;Березовская ГРЭС;Berezovskaja GRES;4330.90331110096
9918032;6925183;33;0.042723924288163045;0.05333894951553013;0.00023633060913751908;0.003242790259843794;0.017144438225262675;0;0;144;Березовская ГРЭС;Berezovskaja GRES;4368.377655137592
9918038;6925190;33;0.00030582082902138013;0.00038128083963734745;1.6807599077030911e-06;2.311608817058938e-05;0.00012208346864880617;0;0;144;Березовская ГРЭС;Berezovskaja GRES;4377.5956360204655
9919958;6917036;39;0.04113006201083712;0.08414807178717432;-0.0006316097699577586;0.004810373766192913;0.06379411476462936;0;0;1406;Шарыповская;Sharypovskaja;0.4981311970452687
9928863;6933585;38;0.02925185184029263;0.07055198370749849;-0.0005518384442203123;0.0032516168936503114;0.04484351824550163;0;0;1403;БУР-1;BUR-1;0.43452764974661034
9964385;6595929;56;0.1003093901221171;0.46870048312054813;-0.004420749355051119;0.013075719028775329;0.1379484799658799;0;4;1375;Бискамжа;Biskamzha;0.05637987310555918
9970263;6569251;57;0.1167809864855821;0.42421650043920983;-0.00501553329354815;0.011526207702751614;0.09365947211450262;0;4;1376;Тёя;Teja;0.3069507604410523
10001126;6876556;37;0.09486317409555854;0.25645085256352834;-0.0015891356657985792;0.023763297057840825;0.24587463469712637;0;4;1923;Ужур;Uzhur;0.33385200158289463
10001256;6876789;22;0.07644101668575193;0.08747652016937406;-0.00017030221549406101;0.0034306680050792773;0.02406148289947025;0;2;1387;Ужур;Uzhur;0.19550063994826095
10001653;6876724;3;0.1969102946902512;0.3449381282159578;0.12289637792737365;0.22204175028855994;0.3449381282159538;0;1;1387;Ужур;Uzhur;402.1509614802326
10012282;6731902;39;0.017629215097632687;0.025597443294882026;3.546856464872911e-05;0.0013804403182124476;0.00632275272192321;0;0;1398;Туим;Tuim;0.37620185988494753
10016334;6564961;57;0.1365102078703884;0.5052322447391323;-0.005778002108269646;0.012306783562876915;0.11664944929442554;0;4;1378;Югачи;Jugachi;0.41794257855941497
10016689;6940281;47;0.0005539668707203491;0.0009335885177956356;-1.7570870896244566e-06;6.527778684221721e-05;0.00037495334340929864;0;0;1404;Красная Сопка;Krasnaja Sopka;3940.3376631724523
10016715;6940275;47;0.04084220985185303;0.06762694005458485;-0.00010252586287592627;0.004791373952388733;0.02724255273866499;0;0;1404;Красная Сопка;Krasnaja Sopka;3918.0843686443704
10016762;6940238;47;0.03644565546754905;0.06762416297792695;-0.0004267239333256243;0.004842829439013348;0.027236058560250517;0;0;1404;Красная Сопка;Krasnaja Sopka;3887.4475438024197
10020382;6941654;47;0.009552209580580033;0.016263267088293242;-3.813422634553817e-05;0.001138563671398252;0.006531107162765735;0;0;1404;Красная Сопка;Krasnaja Sopka;0.5353597102212565
10023215;6939243;20;0.03281903393339748;0.03813629510960313;1.324018274540087e-05;0.001614834403861712;0.010672944940830303;0;2;1405;Красная Сопка-тяговая;Krasnaja Sopka-tjagovaja;0.2673003567496919
10023775;6736216;39;0.05435414214191906;0.07835709091338693;0.00011734464298392799;0.004268472633155192;0.019210250640570033;0;0;1398;Туим;Tuim;12275.788357215011
10023801;6736222;39;0.0005792897284563802;0.0008411275911516907;1.165268615024573e-06;4.536073710250181e-05;0.00020775746385063502;0;0;1398;Туим;Tuim;12302.238960999564
10023839;6736179;39;0.054364326654261545;0.07837577202227285;0.00011702385180826126;0.004269031672836189;0.01921612172248733;0;0;1398;Туим;Tuim;12322.834814373507
10023864;6736186;39;0.0005810071181094253;0.0008436117778757059;1.1691554941061475e-06;4.549529589445654e-05;0.00020838528795868246;0;0;1398;Туим;Tuim;12348.710401622338
10026448;6472516;54;0.18846002706318105;0.5186898957364258;-0.006765517138718549;0.020080157889963337;0.2469375908375308;0;4;1380;Абаза;Abaza;0.4346850466699813
10054451;6676044;59;0.07613394940669654;0.2340652724485928;0.000226039553077121;0.012130261259026798;0.1283837133167499;0;0;1397;Сора;Sora;0.4305344826267215
10055214;6675798;10;0.18879318098878883;0.4738711441474255;-0.030466595095992477;0.040479638963141995;0.19766949381038845;0;4;1397;Сора;Sora;801.3699138096604
10057534;6994098;59;0.15193913564794498;0.350188669707243;-0.0018319436461127299;0.025377191289437377;0.3501886697072392;0;4;1863;ОРУ Назаровская ГРЭС 220/110 кВ;ORU Nazarovskaja GRES 220/110 kV;0.2749917271621737
10070271;6545387;58;0.15910255793943767;0.4555241398652255;-0.005936104207801191;0.01559256279574966;0.15053208231359827;0;4;1402;Аскиз;Askiz;0.5009234780775083
10077810;7050022;39;0.03741729902246437;0.058662433431289344;0.00032130502104787343;0.004224281249610853;0.03949198624661873;0;0;1416;Ачинский НПЗ;Achinskij NPZ;0.4107657866482197
10084562;6257254;51;0.18112837268628618;0.4975155690154931;-0.0072872987025687196;0.01630257575777979;0.20916761772410145;0;4;1381;Ак-Довурак;Ak-Dovurak;0.5103514464950809
10096350;6566784;57;0.09213604521970784;0.32410929345508005;-0.002947091319890617;0.013146638159486348;0.09924635242864374;0;0;1394;Камышта;Kamyshta;0.38758128143033327
10119577;7106322;49;0.06692031321412964;0.151140345558347;-0.0015488928026563462;0.010935332160616526;0.08839667878228677;0;0;1438;Троицкая;Troitskaja;0.4611772126316102
10125451;6532997;27;0.030119983126717705;0.03321230306177095;6.649280323605251e-05;0.0014884253516154666;0.006547240175786718;0;2;1393;Бея;Beja;0.3816870441174818
10132030;6523192;27;0.0005575211342348922;0.0006141467954344845;1.2483844725366729e-06;2.742528848369158e-05;0.00012004734233177954;0;2;1393;Бея;Beja;11807.91195192733
10132030;6523213;27;0.02687475610763897;0.029632296411064605;5.937463084435624e-05;0.001327729349084682;0.005838834271531892;0;2;1393;Бея;Beja;11790.479229109746
10150276;6621909;43;0.13771907368920025;0.3660151609105512;-0.0021539756183003396;0.019092839221083815;0.17202268340928972;0;4;1399;Абаканская;Abakanskaja;0.5717066446631756
10158881;6626699;58;0.12145575241433361;0.5707403458012408;-0.004619854050720168;0.016488412245847225;0.14745480138924216;0;4;1392;Абакан-районная;Abakan-rajonnaja;0.6217615071468979
10163970;6536256;43;0.09561014704950668;0.18457435067927733;-0.0006339767503323667;0.011992051639899757;0.07962990155603697;0;0;1400;Означенное;Oznachennoe;0.4878297430982635
10165912;6635456;41;0.015107855302657092;0.02606091372250026;-8.461684033121781e-05;0.001453638102551003;0.00896687716505738;0;0;149;Абаканская ТЭЦ;Abakanskaja TETs;0.23861810454199336
10168950;6553233;16;0.06737879382340747;0.07956570867240936;0.001874261956520025;0.0035350035208229795;0.015617387888347586;0;2;1401;Алюминиевая;Aljuminievaja;0.18015782085398205
10172358;6501862;43;0.13117592067854256;0.18429754257810466;0.0012475902812849832;0.0118231579134319;0.08922477659146308;0;0;1847;ОРУ Саяно-Шушенская ГЭС 500 кВ;ORU Sajano-Shushenskaja GES 500 kV;0.43132865552311245
10175278;6540078;52;0.05233906950280731;0.2059427178015836;-0.00362104371175416;0.008054380183278658;0.08682466298010409;0;0;1395;Означенное-районная;Oznachennoe-rajonnaja;0.14214869037940084
10175281;6539959;9;0.0013802205812442224;0.0014616414961954617;2.797499437839627e-05;5.0415615390629566e-05;0.00020934742941317334;0;2;1395;Означенное-районная;Oznachennoe-rajonnaja;119.17343330793011
10175302;6539924;27;0.017631489133089515;0.03413940710754252;-0.00014803056019752073;0.002255575696519119;0.021381182498425192;0;2;1395;Означенное-районная;Oznachennoe-rajonnaja;155.9988916833938
10175311;6539927;27;0.017266025678049475;0.03249697174796733;-7.400498233435818e-05;0.0021413830081676594;0.017053325054394636;0;2;1395;Означенное-районная;Oznachennoe-rajonnaja;154.70512340076226
10175334;6539870;9;0.010606213904527739;0.01123499545601473;0.00021694854094911258;0.0003853708523037661;0.001613072506177999;0;2;1395;Означенное-районная;Oznachennoe-rajonnaja;215.54842659254217
10175343;6539871;9;0.011936596398713074;0.012415772190937077;0.000120564287025109;0.0004970295275455797;0.0013909322534811797;0;2;1395;Означенное-районная;Oznachennoe-rajonnaja;217.10753834567998
10175386;6539990;9;0.001757480055850583;0.0018276665145390062;1.7420557733154964e-05;7.36169816620871e-05;0.00020422886827092682;0;2;1395;Означенное-районная;Oznachennoe-rajonnaja;139.43323924509406
10178840;6555918;16;0.025675271093793167;0.028680414475145036;0.00038202454600605077;0.0011796001449999617;0.006412856047187571;0;2;1396;САЗ-2;SAZ-2;0.591801656475469
10179675;6555892;36;0.034435195499724236;0.06356185634231132;1.830135656030639e-05;0.003396920719216393;0.033064625592004016;0;0;1391;ГПП-2 САЗ;GPP-2 SAZ;0.46046186607681694
10180054;6555545;36;0.024344238898126827;0.0450407080567323;7.524051243066976e-06;0.002400330973614744;0.023430312384203764;0;0;1390;ГПП-1 САЗ;GPP-1 SAZ;394.4475560155134
10180115;6555545;36;0.002893882080427874;0.005372854758786064;6.549455461677805e-07;0.00028543232960792056;0.002805324980421181;0;0;1390;ГПП-1 САЗ;GPP-1 SAZ;359.6644047536819
10180300;6555854;36;0.04224564687030155;0.07815952964177736;1.3078568667905772e-05;0.0041653882135128896;0.04065794669899535;0;0;1390;ГПП-1 САЗ;GPP-1 SAZ;0.5632471940945749
10180639;6538656;37;0.01020313169905899;0.02519979772268254;-6.731323636555007e-06;0.0012203779084708835;0.009224082578349082;0;0;1395;Означенное-районная;Oznachennoe-rajonnaja;5546.4656088547945
10180642;6538648;37;0.04231535598797674;0.09710489511383041;-0.0004778728327432337;0.004742405392757283;0.07043654475575366;0;0;1395;Означенное-районная;Oznachennoe-rajonnaja;5551.420915244043
10180672;6538666;37;0.041144048534313166;0.09374882481124487;-0.00047746262210789537;0.004594014545994698;0.06973452946439238;0;0;1395;Означенное-районная;Oznachennoe-rajonnaja;5575.827839541765
10185056;7146327;45;0.002303300116677448;0.00789387972775896;-7.262587824247453e-05;0.0005065044140751207;0.005088832364398649;0;0;1436;Рассвет;Rassvet;0.20960080960937003
10185213;7146256;45;0.09775178137212427;0.33084895291990796;-0.003028251595330734;0.021345219009925753;0.21350636617412022;0;4;1436;Рассвет;Rassvet;172.4491900015408
10185467;6521780;37;0.02703240474623773;0.061939745163852325;-0.0003133926291692666;0.0030242657710560688;0.04570250357802995;0;0;150;Майнская ГЭС;Majnskaja GES;0.4079718243377791
10191147;6273769;50;0.10054823404027205;0.2587022643680725;-0.002729044601424637;0.009461198235607144;0.1075859364138715;0;0;1388;Чадан;Chadan;0.1700237921911143
10213173;6627423;57;0.1300204884494948;0.29725827200415417;-0.00400338588199985;0.015021366122065834;0.12325068098884567;0;4;1385;Минусинская-опорная;Minusinskaja-opornaja;0.16957134099953963
10235501;6573751;52;0.13331351478598963;0.27397933094039245;-0.003290174059169216;0.016256004645420947;0.1802489653198257;0;4;1389;Шушенская-опорная;Shushenskaja-opornaja;0.33938485560769305
10237759;6631034;56;0.11000543908471234;0.386493494798214;-0.0056792151477632795;0.010394333313597456;0.11373260601250446;0;4;1383;Крупская;Krupskaja;0.3082949402936968
10272502;6978299;52;0.08865162748927294;0.14967643049564755;-0.0006227740083640423;0.010876625021907073;0.07331458804616009;0;0;1888;ОРУ Красноярская ГЭС 500 кВ;ORU Krasnojarskaja GES 500 kV;0.5143444468183135
10275048;6977710;57;0.08025525807717529;0.33004184602496367;-0.00016248476996298292;0.015809802965768883;0.29326937489166893;0;4;1861;Красноярская ГЭС;Krasnojarskaja GES;0.21323144477218198
10275048;6977710;57;0.08025525807717529;0.33004184602496367;-0.00016248476996298292;0.015809802965768883;0.29326937489166893;0;4;1912;ОРУ Красноярская ГЭС 220 кВ;ORU Krasnojarskaja GES 220 kV;0.21323144477218198
10286194;6979569;45;0.1254797523536081;0.45247760790609054;-0.0037262415150847382;0.022475639810917488;0.40416685583259326;0;4;1427;Дивногорская;Divnogorskaja;0.46611013515133576
10310340;6980963;12;0.0006720360653416114;0.0016429243800758248;-3.061564609047401e-05;0.00034045108385608535;0.001421566413782825;0;2;1433;Октябрьская;Oktjabr'skaja;19194.548897612785
10310354;6980991;12;0.0005722657967383169;0.0013989865831245567;-2.60740176424111e-05;0.00028990082706813815;0.0012104951196682807;0;2;1433;Октябрьская;Oktjabr'skaja;19171.294773083224
10310434;6980985;12;0.01908003522287435;0.047360735763656084;-0.0008023059251318646;0.00986984844687301;0.04101843544890245;0;2;1433;Октябрьская;Oktjabr'skaja;19099.016812968363
10310450;6980950;12;0.019079940268476283;0.04736167017210859;-0.000802224317438975;0.009870051803536497;0.041019252706086994;0;2;1433;Октябрьская;Oktjabr'skaja;19096.983302701195
10315498;7320001;49;0.17296217584408563;0.6255699326601047;-0.0036528543716089043;0.04310378117120355;0.523816793920261;0;4;1442;Абалаковская;Abalakovskaja;0.5599186542130188
10321320;6993333;3;0.003612750217369837;0.00790261212372068;-0.0024834867976658093;0.00541912532605455;0.007902612123720542;0;2;1431;Левобережная;Levoberezhnaja;6262.469745481668
10321321;6993280;3;0.2599584099580461;0.5710008077025761;-0.1810631927654965;0.3899376149370623;0.5710008077025716;0;3;1431;Левобережная;Levoberezhnaja;6244.725332684638
10324317;6661902;56;0.13569157248543653;0.5802184288020167;-0.007863577316306542;0.013976778912465565;0.14260108431826796;0;4;1411;Курагино;Kuragino;0.13047547496913223
10327252;6991325;60;0.09813202601109959;0.696883586458687;-0.0007948613723092469;0.04097073527058525;0.6968835864586859;0;4;1431;Левобережная;Levoberezhnaja;0.4092483357649377
10328206;6987979;45;0.023164978016679192;0.08066790604542107;-0.0006876865574272198;0.004014805057035806;0.0716116335110789;0;0;1433;Октябрьская;Oktjabr'skaja;0.48460363164669606
10338125;7005261;35;0.09978800152985239;0.374176479276632;-0.0045327593372115026;0.014184339892034156;0.16084628592975528;0;4;1432;Новокрасноярская;Novokrasnojarskaja;0.4409089822891219
10338719;6996225;25;0.019403195215207728;0.024180519580533886;-0.00022713961364280344;0.0017225834120504038;0.008680286665276035;0;2;1440;Центр;Tsentr;0.12402523916827368
10339422;6983288;45;0.001994698435633199;0.0068874227971890065;-5.764642381535019e-05;0.0003437927328137572;0.006138657907096185;0;0;1434;Правобережная;Pravoberezhnaja;3587.8661635165495
10339466;6983301;45;0.001449755822425721;0.005005828307706876;-4.189737379443774e-05;0.0002498710626915936;0.004461628812479224;0;0;1434;Правобережная;Pravoberezhnaja;3542.4848640618166
10339477;6983251;45;0.06759289722471568;0.2334372248596811;-0.0019455112076059934;0.011658211752457707;0.20815279817153454;0;0;1434;Правобережная;Pravoberezhnaja;3553.9735176992062
10339495;6983281;45;0.06757672757610036;0.23338302972377678;-0.0019450531210492689;0.011655475277759663;0.2081048489308321;0;0;1434;Правобережная;Pravoberezhnaja;3524.770470216072
10342677;6984797;57;0.02182128205746689;0.08003282006312318;-0.00022376457354571358;0.004924300514069327;0.07133213251803147;0;0;1434;Правобережная;Pravoberezhnaja;0.5318953633221111
10345978;6690615;48;0.07922531385212775;0.37218528489874103;-0.004528763471123021;0.010976099268262261;0.1685286106026595;0;4;1407;Ирбинская;Irbinskaja;0.5653147279759877
10348077;6995266;53;0.02235782758196001;0.08995509439796723;-0.00017421161484399442;0.0044288751556916545;0.08026484230006159;0;0;1429;Зелёная;Zelenaja;0.26683345113626034
10350148;7004476;7;0.07334140255471823;0.08541420888249537;0.00648356923690304;0.007896981661713426;0.028317577089370938;0;2;1448;Енисей;Enisej;0.32735761728205315
10350201;7002039;30;0.03289082305023376;0.06494053912018195;-0.0009188695470963298;0.0034086088077339228;0.013793566371139376;0;0;1445;КРАМЗ;KRAMZ;0.5819336723608587
10350359;7008117;9;0.011016575355481612;0.01663336848790756;-0.00025477630285101766;0.001773465398652071;0.005929452760493434;0;2;1430;КИСК;KISK;0.3680244559606495
10350621;7008210;32;0.02790834146777232;0.08008173313675442;-0.0015744876826415607;0.0050415095631988205;0.07157291616243637;0;0;1453;КИСК;KISK;0.5232422470452024
10351368;6999383;53;0.044563830962057516;0.17716182308558015;-0.00035680199389090536;0.008693708891440414;0.15768685755260178;0;0;1426;ГПП-8 КрАЗ;GPP-8 KrAZ;1917.2071357201276
10351372;6999391;53;0.03849322103732461;0.15126794332157634;-0.00031752044326084823;0.0074119921536641665;0.13428929886807955;0;0;1426;ГПП-8 КрАЗ;GPP-8 KrAZ;1908.753936277858
10351400;6999380;53;0.022866102213030735;0.0933392669728386;-0.00016762671711654628;0.004611770206261087;0.08357083528528994;0;0;1426;ГПП-8 КрАЗ;GPP-8 KrAZ;1896.6036285044572
10351873;7021331;35;0.10031762687975236;0.23621507322817956;-0.004719722460229564;0.011328263174432735;0.058843135638984856;0;0;1446;КТМЭ;KTME;0.34566634067612606
10351902;7019065;32;0.011526302683398298;0.020633322246304483;-0.000334013849814409;0.0009415097562660215;0.004146192023403354;0;0;1419;ГПП-2;GPP-2;0.3233524391563359
10351914;7018310;35;0.01594314521076236;0.07064581349297201;-0.0007313449957898847;0.002379848420475849;0.0377791633052172;0;0;1417;ГПП-1;GPP-1;0.42501742210992316
10352169;7001388;23;0.010117221211178817;0.012751486907089642;-0.00014207208346072306;0.0009018195468151542;0.004616535633857751;0;2;1425;ГПП-7 КрАЗ;GPP-7 KrAZ;0.2970161274333459
10352216;7004658;41;0.0022430982598751485;0.0073961182611959175;-0.00011114581397007805;0.0003980293040195725;0.006601060284150589;0;0;1449;Красноярская;Krasnojarskaja;835.2950349864009
10352216;7004658;41;0.0022430982598751485;0.0073961182611959175;-0.00011114581397007805;0.0003980293040195725;0.006601060284150589;0;0;1928;Красноярская;Krasnojarskaja;835.2950349864009
10352217;7004737;41;0.047365721779893996;0.24324597410269191;-0.003348788834409942;0.012519135993443089;0.21719041842173278;0;0;1449;Красноярская;Krasnojarskaja;826.2907397961535
10352217;7004737;41;0.047365721779893996;0.24324597410269191;-0.003348788834409942;0.012519135993443089;0.21719041842173278;0;0;1928;Красноярская;Krasnojarskaja;826.2907397961535
10352257;7004716;41;0.0017103216102532714;0.005639405602684778;-8.474666086754419e-05;0.0003034901022198781;0.005033188361171431;0;0;1449;Красноярская;Krasnojarskaja;787.8262973987215
10352257;7004716;41;0.0017103216102532714;0.005639405602684778;-8.474666086754419e-05;0.0003034901022198781;0.005033188361171431;0;0;1928;Красноярская;Krasnojarskaja;787.8262973987215
10352269;7004710;41;0.001618256088904911;0.005399376415010267;-7.817342854008192e-05;0.0002926388640052612;0.00483242082464513;0;0;1449;Красноярская;Krasnojarskaja;776.4002164302956
10352269;7004710;41;0.001618256088904911;0.005399376415010267;-7.817342854008192e-05;0.0002926388640052612;0.00483242082464513;0;0;1928;Красноярская;Krasnojarskaja;776.4002164302956
10352309;7004688;41;0.02201309527515112;0.07335332898279244;-0.0010556069423985615;0.003988384976644046;0.06567573418678936;0;0;1449;Красноярская;Krasnojarskaja;739.0478120345902
10352309;7004688;41;0.02201309527515112;0.07335332898279244;-0.0010556069423985615;0.003988384976644046;0.06567573418678936;0;0;1928;Красноярская;Krasnojarskaja;739.0478120345902
10352310;7004595;41;0.0023357639946590394;0.007793370351120646;-0.00011283422999293974;0.00042239008193315473;0.006975036056799188;0;0;1449;Красноярская;Krasnojarskaja;755.5207092285347
10352310;7004595;41;0.0023357639946590394;0.007793370351120646;-0.00011283422999293974;0.00042239008193315473;0.006975036056799188;0;0;1928;Красноярская;Krasnojarskaja;755.5207092285347
10352597;7000652;21;0.010280004091859682;0.01922921494265051;-0.00043483282220803057;0.0008797812053967013;0.00408967274586422;0;2;1426;ГПП-8 КрАЗ;GPP-8 KrAZ;158.27187704934775
10352606;7000658;21;0.016781983279573705;0.030604279713831197;-0.0006797176376843249;0.0013695876340537178;0.00650579496572639;0;2;1426;ГПП-8 КрАЗ;GPP-8 KrAZ;147.52810737203615
10352619;7000631;21;0.013556525802351485;0.024338183496490792;-0.0005335070568141083;0.0010889262457822759;0.005280801795586333;0;2;1426;ГПП-8 КрАЗ;GPP-8 KrAZ;151.09635688766696
10352661;7004704;52;0.0009336057231690813;0.0016614015729664337;-8.397163412041571e-06;0.0001162420595169262;0.0007902573652098158;0;0;1449;Красноярская;Krasnojarskaja;388.9275733010953
10352661;7004704;52;0.0009336057231690813;0.0016614015729664337;-8.397163412041571e-06;0.0001162420595169262;0.0007902573652098158;0;0;1928;Красноярская;Krasnojarskaja;388.9275733010953
10352735;7004749;52;0.02773187985589098;0.05407955589689314;-0.0005992192184043543;0.003954402421224336;0.026098246352181866;0;0;1449;Красноярская;Krasnojarskaja;308.81912226092436
10352735;7004749;52;0.02773187985589098;0.05407955589689314;-0.0005992192184043543;0.003954402421224336;0.026098246352181866;0;0;1928;Красноярская;Krasnojarskaja;308.81912226092436
10352738;7000725;30;0.004927561971438273;0.014178442996948322;0.0002573092039370836;0.0009661886186111727;0.011894647879988693;0;0;1426;ГПП-8 КрАЗ;GPP-8 KrAZ;0.5838368374524139
10352779;7004724;52;0.0007164909482928605;0.0012750341594621004;-6.444360211975517e-06;8.920937542251014e-05;0.0006064789824472925;0;0;1449;Красноярская;Krasnojarskaja;269.34076422651634
10352779;7004724;52;0.0007164909482928605;0.0012750341594621004;-6.444360211975517e-06;8.920937542251014e-05;0.0006064789824472925;0;0;1928;Красноярская;Krasnojarskaja;269.34076422651634
10352879;6986762;45;0.0847010966032897;0.3185696385869998;-0.003188662932804538;0.015535636254394487;0.2832703324976539;0;4;1428;Заводская;Zavodskaja;0.41318881980892647
10353023;6986610;3;4.521219465706878e-17;9.877225695600938e-17;3.220942617356994e-17;6.405190837607726e-17;9.626133454965876e-17;0;2;1428;Заводская;Zavodskaja;209.7537859611118
10353025;6986621;3;1.6987460050535213e-17;2.4992823085762398e-17;-7.32013478613803e-18;7.32013478613937e-18;9.375819533402819e-18;0;2;1428;Заводская;Zavodskaja;203.35164303506187
10353042;7004782;60;0.0850057683341506;0.2001536831113265;-0.00018115186175219117;0.014982984437003312;0.1486408832956029;0;0;1449;Красноярская;Krasnojarskaja;0.26958238004386753
10353042;7004782;60;0.0850057683341506;0.2001536831113265;-0.00018115186175219117;0.014982984437003312;0.1486408832956029;0;0;1928;Красноярская;Krasnojarskaja;0.26958238004386753
10353412;7004142;44;0.008020298010072579;0.02667875152420451;-0.00016430433802759695;0.001521446044988447;0.023943649215506478;0;0;1424;ГПП-6 КрАЗ;GPP-6 KrAZ;0.6586340775812622
10353803;7003721;47;0.011105138754922961;0.04240513730191336;-0.00022870392059230955;0.0020456864791368696;0.0380702647752864;0;0;1423;ГПП-5 КрАЗ;GPP-5 KrAZ;0.5052811591783468
10353907;7003675;47;0.009102896746403626;0.03464345218211686;-0.00018666666072266068;0.0016783192319458574;0.0311081303117117;0;0;1423;ГПП-5 КрАЗ;GPP-5 KrAZ;114.07606282088001
10354066;7003416;49;0.00817286422081189;0.03228195433634052;-0.00011755565767019705;0.0015222393181135961;0.028962964605958277;0;0;1422;ГПП-4 КрАЗ;GPP-4 KrAZ;0.4765553474371045
10354568;7002957;51;0.011253449974770114;0.04524193953184824;-0.00012320979544967783;0.002156793728341032;0.04059945617420635;0;0;1421;ГПП-3 КрАЗ;GPP-3 KrAZ;0.2659812972025898
10355096;7002874;58;0.0620101205390236;0.6974008739165111;-0.0013883936966990861;0.02510359685232425;0.6899509101301936;0;4;1441;ЦРП-220;TsRP-220;0.33922853654144886
10355103;7002429;54;0.009248623120396668;0.03873886820077818;-4.766731408423527e-05;0.0019146469454684283;0.0347616491697542;0;0;1420;ГПП-2 КрАЗ;GPP-2 KrAZ;0.10807946136858944
10355715;7001852;57;0.011702851785939439;0.05132556093657658;1.5743634697706236e-06;0.0024585021672485874;0.0460769661846485;0;0;1418;ГПП-1 КрАЗ;GPP-1 KrAZ;0.44942178365053487
10361149;6993656;24;0.022277871765993912;0.03138823258506978;-0.0002536332614785731;0.0019827942947662274;0.013249784562074863;0;2;1437;ТПК;TPK;0.37032831462892435
10362215;7642024;5;0.11481294695522788;0.12479435383361233;-0.0022777507322651954;0.006780932417168928;0.011709428110372191;0;2;1450;Тайга;Tajga;0.47241088908348955
10363233;7004463;9;0.020604216159044713;0.023088575789680685;0.0005667073334323195;0.0022430583057036764;0.0077632788966654764;0;2;153;Красноярская ТЭЦ-3;Krasnojarskaja TETs-3;0.5229678876760557
10367232;6989631;24;0.03657500530556235;0.051053488411699634;-0.00041869355517446357;0.0032445351236324183;0.02130331691637146;0;2;1437;ТПК;TPK;7293.70864120124
10367236;6989625;24;0.017917456449258216;0.02408282097503145;-0.00020946401164666315;0.0015686133553051622;0.009563872379117782;0;2;1437;ТПК;TPK;7300.355919099673
10367261;6989636;24;0.032004042647302146;0.04522629058990287;-0.0003637184080497778;0.0028514844624831733;0.019160767891317605;0;2;1437;ТПК;TPK;7315.162510534791
10385711;6497739;9;0.0823123765459552;0.0870739284675381;0.0015939032468278197;0.0030939352998801805;0.012289528513462183;0;2;1382;Ергаки;Ergaki;0.5921401933725061
10394471;6722984;56;0.12942472297931032;0.5425977651546982;-0.007386633466444578;0.01314000860372276;0.17865734121482874;0;4;1408;Кошурниково;Koshurnikovo;0.5003986015576152
10396042;7004998;39;0.08785994630371173;0.27629922272826923;-0.0057210589990910705;0.008858987700606887;0.09598116092424633;0;0;1439;Узловая;Uzlovaja;0.29852343290852246
10396340;7004502;9;0.005145030437531876;0.01698076668906679;0.001737763600599816;0.0024384753591371396;0.007457154850007296;0;2;1439;Узловая;Uzlovaja;578.8406498485659
10396353;7004506;9;0.005146280179176458;0.016984891362680665;0.0017381857080229763;0.0024390676713192923;0.007458966212851449;0;2;1439;Узловая;Uzlovaja;582.2616084863369
10401565;6761193;56;0.09999614761476502;0.32583517398732004;-0.005255655930888888;0.009288282918746784;0.14465456183286432;0;4;1414;Щетинкино;Schetinkino;0.21919418318158201
10407956;7323374;21;0.07037922183756817;0.08170540518210995;-0.0008832709192225459;0.00507648834014966;0.020850301446580913;0;2;1444;Горевский ГОК;Gorevskij GOK;4322.767954812724
10411609;7325685;21;0.07137528977134923;0.08290025249705728;-0.0009015562518282219;0.005148692940829107;0.021161192316742752;0;2;1444;Горевский ГОК;Gorevskij GOK;0.15153431949795007
10419500;6792494;55;0.09245333324955349;0.2977663624393851;-0.0044281318711329115;0.008356702905769663;0.13093962910587884;0;0;1410;Крол;Krol;0.4787992582398367
10457665;6824740;56;0.08743996871796367;0.25465920965648275;-0.0033248251000176157;0.010039144564662579;0.16168547300268632;0;0;1412;Мана;Mana;0.4601674894129333
10458436;6399367;35;0.08156468067046423;0.19982376567673793;-0.0007727420588973368;0.009861395815413032;0.15634159991760707;0;0;1386;Туран;Turan;0.46102600704532865
10494386;6878792;56;0.0760678644381102;0.18325417969158733;-0.002124927664830662;0.006654359669282093;0.07072540290072599;0;0;1409;Кравченко;Kravchenko;0.22059385586195782
10517507;7011023;40;0.018515554252906883;0.02333655834670494;8.46504644107874e-05;0.0010510149846504428;0.00454360450461086;0;0;151;Красноярская ГРЭС-2;Krasnojarskaja GRES-2;0.29777321967757986
10520162;7004165;60;0.15787160615755233;0.4170828186379845;0.0008520196725541526;0.02615585053395684;0.4170828186379821;0;4;1927;Камала-1;Kamala-1;0.25977138123721694
10520162;7004165;60;0.15787160615755233;0.4170828186379845;0.0008520196725541526;0.02615585053395684;0.4170828186379821;0;4;1415;Камала-1;Kamala-1;0.25977138123721694
10524743;6331758;35;0.057622535372953185;0.11027631796579064;0.0018753114938032396;0.007224180882532692;0.07725032149798472;0;0;1384;Кызылская;Kyzylskaja;0.2880236085826494
10530924;7374764;42;0.1604766148654078;0.5450969931691346;-0.004280034979625971;0.029942338543135168;0.27606876855562795;0;4;1443;Раздолинская;Razdolinskaja;0.42179485374492776
10543742;6916571;56;0.06737000261554761;0.11498127505132284;-0.0006780196841814692;0.004672286079506246;0.027639578540943274;0;0;1413;Саянская-тяговая;Sajanskaja-tyagovaja;0.43304527519584635
10835796;7365315;10;0.1418699580080795;0.16065185383789843;0.0013735854532701867;0.014723591370547727;0.03714864500258194;0;2;1435;Приангарская;Priangarskaja;0.2844493811961904
10838519;7311274;11;0.16271626124455765;0.20682596601231365;0.008198208629567558;0.014177747374717387;0.033888349621660596;0;2;1447;Ангара;Angara;0.274281644156754
10915930;6973186;55;0.0847329839125844;0.11815365370639448;0.00028388548009333677;0.009148541317761232;0.075946376021351;0;0;1456;Тайшет;Tajshet;547.6705871820267
10915930;6973186;55;0.0847329839125844;0.11815365370639448;0.00028388548009333677;0.009148541317761232;0.075946376021351;0;0;1532;Тайшет;Tajshet;547.6705871820267
10915936;6973204;10;0.0006171898141899795;0.0007422065685795761;1.9588183723762643e-05;5.655822258238119e-05;0.00014466947855679336;0;2;1456;Тайшет;Tajshet;529.0009989255619
10915936;6973204;10;0.0006171898141899795;0.0007422065685795761;1.9588183723762643e-05;5.655822258238119e-05;0.00014466947855679336;0;2;1532;Тайшет;Tajshet;529.0009989255619
10915938;6973203;45;0.0005619881713236851;0.0008227216364937628;1.117925351286901e-06;6.253690874920605e-05;0.0005099402217698767;0;0;1456;Тайшет;Tajshet;529.7178355164614
10915938;6973203;45;0.0005619881713236851;0.0008227216364937628;1.117925351286901e-06;6.253690874920605e-05;0.0005099402217698767;0;0;1532;Тайшет;Tajshet;529.7178355164614
10916009;6973728;60;0.15005900996080043;0.37307408552303123;-6.252986354773519e-05;0.028997322410586734;0.3730740855230291;0;4;1456;Тайшет;Tajshet;0.4725065500072811
10916009;6973728;60;0.15005900996080043;0.37307408552303123;-6.252986354773519e-05;0.028997322410586734;0.3730740855230291;0;4;1532;Тайшет;Tajshet;0.4725065500072811
10920992;6986100;11;0.14827462073099018;0.19491842863012623;0.009165153080586741;0.014786530042736524;0.053324417339139146;0;2;1455;Озёрная;Ozernaja;0.37266140270123105
11036385;7418101;10;0.16321184751830914;0.2035560269703753;0.008475497536350069;0.01666062108041934;0.05670716882315495;0;2;1862;КРУЭ Богучанская ГЭС 220 кВ;KRUE Boguchanskaja GES 220 kV;0.10129249917080847
11037769;7404331;41;0.07295101457614125;0.28595629457454197;-0.0008866466725073015;0.021750962447221585;0.28193071791268853;0;4;1452;Кодинская ГПП;Kodinskaja GPP;0.5201233140274958
11089730;7321164;32;0.010049670646670613;0.04322778131202837;-0.00011307963235446882;0.003923110544624835;0.0426192381503648;0;0;1451;Имбинская;Imbinskaja;0.2985501628813677
11091885;7322155;32;0.061346447019011915;0.2801723948258267;-0.0012939198550014843;0.025816524642215132;0.2762282882808792;0;4;1451;Имбинская;Imbinskaja;2372.0274394557273
11091902;7322221;32;0.06137521294522248;0.2803073399889891;-0.0012946655442233439;0.02582901831296666;0.2763613337423115;0;4;1451;Имбинская;Imbinskaja;2415.619661770227
11091916;7322111;6;0.0011649565189788815;0.0012834313509806374;-9.680176309285279e-06;6.65968962221378e-05;0.00014807697780805872;0;2;1451;Имбинская;Imbinskaja;2382.403223455436
11091919;7322197;6;0.0008547259609085885;0.0009416506228935069;-7.10242324125614e-06;4.8861969565577305e-05;0.00010864346292016765;0;2;1451;Имбинская;Imbinskaja;2420.581089559051
11091937;7322232;32;0.0008631835200595237;0.003712909870311882;-9.712676512092603e-06;0.0003369626402883499;0.0036606410318444243;0;0;1451;Имбинская;Imbinskaja;2451.910940211916
11091956;7322178;32;0.0012349539534969908;0.005312044795209832;-1.3895687587987869e-05;0.0004820916259819074;0.0052372639846777315;0;0;1451;Имбинская;Imbinskaja;2446.159834910803
11134658;7239078;6;0.0013416832946586711;0.0016206870225076704;-5.3756208423378706e-05;0.00020215860711236895;0.0005586662166378673;0;2;1481;Джижива;Dzhizhiva;1882.5946087021443
11134678;7239118;6;0.0013607039161464137;0.0016436627564009388;-5.451828887990621e-05;0.00020502436371614644;0.0005665858666087031;0;2;1481;Джижива;Dzhizhiva;1919.0388502358028
11134961;7237220;33;0.008334642479436806;0.043177757906650654;-0.0003338733390678982;0.004081647373759048;0.042569940559381486;0;0;1481;Джижива;Dzhizhiva;0.46121461481849946
11136972;7238377;33;0.062291527722220526;0.324190999610638;-0.002632909299978952;0.030923562382412992;0.3196273489072143;0;4;1481;Джижива;Dzhizhiva;2320.52647843585
11137001;7238441;33;0.000986769189175409;0.0051119748334939675;-3.952844440682595e-05;0.00048324156322229034;0.00504001308455647;0;0;1481;Джижива;Dzhizhiva;2377.930971984224
11137058;7238394;33;0.06231831400656275;0.32432822403025713;-0.0026339862845930857;0.03093667222003238;0.3197626415952752;0;4;1481;Джижива;Dzhizhiva;2403.713537325544
11137072;7238422;33;0.0006567270932819443;0.0034021858262334023;-2.6307543980045752e-05;0.0003216127459634731;0.0033542929371732405;0;0;1481;Джижива;Dzhizhiva;2429.6703733473933
11205947;6760668;59;0.21362528369889944;0.44609819794168554;-0.0003073117286032879;0.03660293717603614;0.35849551203883034;0;4;1509;Тулун;Tulun;0.4611425051607641
11232391;7017122;45;0.20479683978108906;0.2540024810698856;0.0023100755204559205;0.015202123811252894;0.08013578195098747;0;0;1524;Братский;Bratskij;0.29159646617133134
11248123;6914885;43;0.0016244528945153333;0.002017014009761903;6.681596539646926e-06;0.00011290083773917326;0.0008966823752362286;0;0;1499;Покосное;Pokosnoe;364.35193710135763
11248191;6914950;55;0.0008312338104741601;0.0011997809680844595;1.755883422317197e-06;0.00010024330972335781;0.0007822620110843317;0;0;1499;Покосное;Pokosnoe;343.08374089930027
11248208;6914931;55;0.07423813402127992;0.1379394394139771;-0.00036171114007906366;0.010247056194852989;0.09118125455723175;0;0;1499;Покосное;Pokosnoe;317.81775700774745
11248451;6914726;55;0.05638294343313927;0.08976367347797082;0.0013842625592793247;0.004520712732736228;0.040065505057139746;0;0;1499;Покосное;Pokosnoe;0.24262961442813052
11258190;7052643;4;0.07831536886018967;0.10201760866524585;0.018629237896081657;0.01728470043463042;0.0488363832674957;0;2;1493;НПС-3;NPS-3;0.583310551301625
11266374;7109657;49;0.059957492722737565;0.08353632136730134;-6.323984173521096e-05;0.006823454146661623;0.05528134932570278;0;0;1519;Седановский;Sedanovskij;26828.876203409327
11266863;7110585;28;0.07100976791050011;0.0797819647061583;-0.00015398424673564485;0.003698469834560118;0.01261174142120404;0;0;1519;Седановский;Sedanovskij;25803.871786657626
11266902;7110767;28;0.017624545301197257;0.02176740643698083;-9.787611940108305e-05;0.0013708665116128724;0.0062227700236052955;0;0;1519;Седановский;Sedanovskij;25618.028744473406
11267418;7111746;27;0.053170976327598436;0.08148699955289779;0.00025721032917503853;0.011404140418299303;0.056717986485702226;0;0;1519;Седановский;Sedanovskij;24538.74691705483
11267822;7112693;28;0.054632222725866486;0.069778060761271;-0.00038467464718129916;0.0049928412292441285;0.02441682759490007;0;0;1519;Седановский;Sedanovskij;23520.602230782064
11268620;7114346;21;0.0177131447780096;0.024302682199587772;-2.229749058842342e-05;0.0033834142921809448;0.01534626607434373;0;2;1519;Седановский;Sedanovskij;21724.274077687245
11268680;7114471;21;0.14569585243475233;0.22864348667774057;0.011254854787715167;0.01598023194455265;0.22780134997114787;0;4;1519;Седановский;Sedanovskij;21588.783436624544
11269687;7116494;27;0.01935831138143294;0.026807393966439136;0.00012925704994289406;0.0027626300351365368;0.01231756015250271;0;2;1519;Седановский;Sedanovskij;19394.8197705387
11269714;7116626;21;0.17718562346082387;0.2783150045797771;0.013723094170561086;0.019481587021267826;0.27751118070582703;0;4;1519;Седановский;Sedanovskij;19260.088130973832
11270190;7117632;21;0.1951098179481417;0.3071291874609761;0.015203507603895718;0.02153728783001394;0.30681025383172617;0;4;1519;Седановский;Sedanovskij;18179.74955626401
11270281;7117723;27;0.08000354229082654;0.23150098482119452;-0.002572398183631265;0.03132070268324545;0.20503200412589145;0;4;1519;Седановский;Sedanovskij;18073.19309068217
11271520;7120347;21;0.40614747229183507;0.6398795617934723;0.031724422914877023;0.04486383394522256;0.6396547769877786;0;1;1519;Седановский;Sedanovskij;15281.057559654948
11272460;7136864;10;5.806240524321042e-05;7.438204243603111e-05;-5.293112745936722e-06;4.967250019507468e-06;3.7018274141056844e-05;0;2;1519;Седановский;Sedanovskij;1834.3455586469195
11272529;7136857;10;0.001739447533864511;0.0022297093036631847;-0.00015904020152906207;0.00014926584547305603;0.0011124177565486736;0;2;1519;Седановский;Sedanovskij;1784.5178721233474
11272923;7135785;10;0.00023404144493116867;0.0002998236228027033;-2.133579809608515e-05;2.0022290964858733e-05;0.00014921549206475034;0;2;1519;Седановский;Sedanovskij;799.4137091174307
11273184;7135203;21;0.3888718054314886;0.5832104686221402;0.026092182343616033;0.0648944139976471;0.58285942055412;0;1;1519;Седановский;Sedanovskij;550.1350633466101
11273185;7135204;28;0.05261010812444102;0.0672769114117489;-0.0003729141030871752;0.004838453350442128;0.023718208569763095;0;0;1519;Седановский;Sedanovskij;548.7697135624203
11273217;7135195;27;0.1415010982688139;0.5746302761112909;-0.008672694643350938;0.06964936119914747;0.5176478179262446;0;4;1519;Седановский;Sedanovskij;526.0413279613572
11273238;7135253;28;0.004292488872120375;0.009458875471855465;-7.229908101756846e-05;0.0009514633255497895;0.006142896521878625;0;2;1519;Седановский;Sedanovskij;478.67563581561456
11273467;7135461;28;0.004200832808730979;0.011991635241397855;-0.00010779757005782736;0.0012704028308467693;0.00929078152579437;0;2;1519;Седановский;Sedanovskij;194.5325492659641
11273471;7135453;28;0.039250207937653596;0.04415926620074665;-8.573520663794558e-05;0.002054145823036933;0.006940040995894237;0;0;1519;Седановский;Sedanovskij;191.39949614326014
11273521;7135453;28;0.001862447827401191;0.005890084062080257;-4.529251189251783e-05;0.0005923530895086161;0.00467548425974625;0;2;1519;Седановский;Sedanovskij;141.94839598909587
11273545;7135454;28;0.0005628480010419995;0.0017760245672562695;-1.3622193849948198e-05;0.00017899321179716703;0.0014088925302383787;0;2;1519;Седановский;Sedanovskij;118.17412798016156
11273547;7135472;28;0.0012653244361918172;0.0036011038858858218;-3.23311328348668e-05;0.0003823848201712872;0.0027871179047294125;0;2;1519;Седановский;Sedanovskij;113.96986322670973
11273661;7135477;41;0.08390531252281673;0.4299643543671042;-0.0023511094401637562;0.03229635515573683;0.42422404888390663;0;4;1519;Седановский;Sedanovskij;0.3835673201557291
11289706;7009652;33;0.05619811426869521;0.0622208432866101;-2.3791617072039692e-05;0.002823438569458211;0.009855418022818772;0;0;1497;Опорная;Opornaja;0.12410177082047888
11292703;7009201;50;0.091338768036663;0.1324296710407092;0.0005602859178829994;0.008869517031965281;0.08097654460224493;0;0;1472;БрАЗ;BrAZ;0.5138680875876268
11293215;7008834;51;0.05815414267918502;0.13512394907303826;0.00019372065168246343;0.006429358772365382;0.05760192766301478;0;0;1473;БрАЗ;BrAZ;0.5460453915036694
11293832;7008407;53;0.10419721439100758;0.686879966921696;-0.004040054636570851;0.030022017330313098;0.6546838320638781;0;4;1474;БрАЗ;BrAZ;0.3553460976291787
11294353;7008038;46;0.05681158028163281;0.07170536153250748;0.0002703470534648971;0.0040275886043969426;0.026947790016061204;0;0;1475;БрАЗ;BrAZ;0.40357792384026286
11295176;7007847;48;0.04145809740139544;0.0529536318239737;0.00025801329232746917;0.003101678513070361;0.019304732436946342;0;0;1476;БрАЗ;BrAZ;316.4819487375459
11295564;7007203;48;0.005422881089662452;0.0069309691064107426;3.1795412644298495e-05;0.0004065498544403234;0.002525287666162856;0;0;1477;БрАЗ;BrAZ;0.44332747400078915
11295926;7021378;42;0.022464197145893542;0.027465612406996086;4.5969390539599066e-05;0.0015688766756202913;0.01221913011254988;0;0;1472;БрАЗ;BrAZ;12595.94482159442
11295956;7021396;42;0.0429480108942579;0.05244317122365008;9.698781060802475e-05;0.002957796359160069;0.022659605853186333;0;0;1472;БрАЗ;BrAZ;12621.044568222202
11303083;7171446;10;5.503531695985923e-05;7.05367750076052e-05;-5.028436598090539e-06;4.719272382892534e-06;3.517067993565765e-05;0;2;1529;Кашима;Kashima;17450.78721094914
11303130;7171403;10;0.002035519961632259;0.0026104326253847576;-0.0001865261068754323;0.00017507713676410348;0.00130479590576145;0;2;1529;Кашима;Kashima;17387.226347650325
11303811;7171449;10;0.00018069455811379394;0.00023158967904314448;-1.650960109410748e-05;1.549453850638299e-05;0.00011547404140816756;0;2;1529;Кашима;Kashima;16957.931361791274
11309029;7007313;42;0.04830953388752114;0.06030663987474068;0.0002588343852245776;0.003693822111641343;0.03330003858472275;0;0;1471;БЛПК;BLPK;0.12379079090124916
11312921;7173264;26;0.08348936581726109;0.3092943499753354;0.006446935341536278;0.016721344854475705;0.13754055853221328;0;0;1529;Кашима;Kashima;14598.378143143353
11312973;7173239;26;0.21384807673637476;0.6302716134974683;-0.016409593909903878;0.039640473601426425;0.5767629956502144;0;4;1529;Кашима;Kashima;14565.821357424556
11315146;7158836;36;0.0364717343473855;0.11140922900628168;-0.00211177987761058;0.009569596916241891;0.10432049756947571;0;0;1529;Кашима;Kashima;0.3905819377877121
11321218;7038737;46;0.11268751781978735;0.7014626180346029;-0.007633233362066959;0.016970975970359667;0.4019523812290116;0;4;1502;Пурсей;Pursej;3803.2646461470513
11321255;7038736;46;0.01776554001094012;0.02253832174499583;0.00011246303547500574;0.0012909091462704537;0.009469842308552365;0;0;1502;Пурсей;Pursej;3779.753301424852
11321293;7038657;46;0.04539426244791933;0.055702307748412484;2.026663920984922e-05;0.0031094089199917266;0.01606654364535653;0;0;1502;Пурсей;Pursej;3694.044247519522
11323565;7035744;46;0.03001994243348761;0.1471452366734993;-0.001513258833440077;0.0037655090473653723;0.0833170252395848;0;0;1502;Пурсей;Pursej;0.2218838660209286
11326952;7039387;64;0.02887466420315212;0.4253142331626971;-0.0007501178820722911;0.022112267206413436;0.42531423316269695;0;4;1498;Падунская;Padunskaja;0.4106990371023767
11330558;7033974;59;0.2491791580144753;0.3586342300139955;0.001239309686733787;0.03966942711323334;0.2709416281385898;0;4;1898;ОРУ Братская ГЭС 500/220 кВ;ORU Bratskaja GES 500/220 kV;0.6286728004088789
11336869;7029008;48;0.12099694484286572;0.6866475039707481;-0.008645397855964047;0.018797771801431544;0.6443502748415374;0;4;189;Братская ГЭС;Bratskaja GES;7429.242090561544
11337098;7028840;21;0.0028485491522031235;0.00314220183056891;-3.008036443103172e-05;0.0001071341820184771;0.0004459750308512247;0;2;189;Братская ГЭС;Bratskaja GES;7712.034177191674
11344719;7032619;48;0.03636120332479406;0.08644671208927773;-0.0006275267319702234;0.003472223483435384;0.07387059771535316;0;0;1482;Заводская;Zavodskaja;0.3003534596884517
11346309;7029595;21;0.07659361892031426;0.10269457077156197;-0.002935913562788482;0.003940221685121546;0.02816816328305774;0;2;1482;Заводская;Zavodskaja;3416.3434099945966
11359277;6672991;33;0.15862201038805024;0.1776367544817585;-8.887267583899047e-05;0.008170330705631505;0.02823937226360071;0;0;1520;Новозиминская;Novoziminskaja;0.24593057830319842
11368182;6681268;33;0.07653783444026256;0.08669379061589529;-5.053611334331189e-05;0.003985734152765146;0.013792245556264376;0;0;1520;Новозиминская;Novoziminskaja;12157.58576313104
11368191;6681302;33;0.0010147643071812538;0.0011509032001360787;-7.160438954046033e-07;5.312053539414844e-05;0.0001832573223733106;0;0;1520;Новозиминская;Novoziminskaja;12187.33946927247
11368269;6681251;33;0.0016080523169461386;0.001823785626339384;-1.1346832332294398e-06;8.4177773511996e-05;0.0002903998098418123;0;0;1520;Новозиминская;Novoziminskaja;12209.94810706771
11368277;6681250;33;0.0013405359009132666;0.0015432628208936357;4.092070105352344e-07;7.259996602693034e-05;0.00024640248237324525;0;0;1520;Новозиминская;Novoziminskaja;12215.164854282006
11368338;6681238;33;0.04541110590052037;0.05220656020590092;1.5571861379571495e-05;0.002446688223513362;0.008328007301457503;0;0;1520;Новозиминская;Novoziminskaja;12252.098731167907
11368370;6681270;33;0.0011516274663063574;0.0013257860912637425;3.5154152336712e-07;6.236917256192391e-05;0.0002116794233364208;0;0;1520;Новозиминская;Novoziminskaja;12297.303741287611
11387250;6627297;51;0.1566659497788654;0.22361749506048287;0.00023432880298868413;0.015123555050927778;0.11518670989724038;0;0;1526;Тыреть;Tyret';0.4266973285728863
11424219;7304647;34;0.16993903070004968;0.5438592794541883;-0.004964787356948335;0.06976582725387963;0.494685887949666;0;4;1505;Сибирская;Sibirskaja;3949.3207427962434
11426655;7307162;34;0.06832296209508498;0.36135841337081964;0.002302817531992678;0.031986648190821906;0.35696096070403294;0;4;1505;Сибирская;Sibirskaja;640.5914651890322
11427294;7307125;55;0.022981802912715656;0.07957282140370274;-0.00025741017954621174;0.006508459412577474;0.07199794655168389;0;0;1505;Сибирская;Sibirskaja;0.6459654024775305
11428110;7305232;51;0.029505080003772093;0.12204851926244488;-0.0005490274586316642;0.007313407363024566;0.12071936469546071;0;0;1517;ПС №6;PS №6;108.0958058097685
11428211;7305192;55;0.0032721085433213095;0.019145001803930212;-3.679991833428572e-05;0.0011207163231684778;0.01853968856302239;0;0;1517;ПС №6;PS №6;0.5697664267543894
11428230;7305427;51;0.014094269195781056;0.025360253394831465;0.000381802624176046;0.0022114538143078303;0.025222894032973484;0;0;1517;ПС №6;PS №6;235.42774737304637
11433513;7301104;47;0.16357613991111675;0.22945199138867511;0.0014123462637187988;0.012119228973493539;0.0739743154487405;0;0;1848;ОРУ Усть-Илимская ГЭС 500/220 кВ;ORU Ust'-Ilimskaja GES 500/220 kV;0.3705845370501811
11433562;7300677;25;0.008509266229370155;0.008552195286380524;-1.0257424777583435e-06;3.14401968209023e-05;0.00017157590276109698;0;2;1848;ОРУ Усть-Илимская ГЭС 500/220 кВ;ORU Ust'-Ilimskaja GES 500/220 kV;429.7732664237306
11433616;7300619;25;0.006566180068491861;0.0065993062994619866;-7.915147594759465e-07;2.4260845547659936e-05;0.0001323966417991658;0;2;1848;ОРУ Усть-Илимская ГЭС 500/220 кВ;ORU Ust'-Ilimskaja GES 500/220 kV;495.8226422142794
11433630;7300659;25;0.6912803122786869;0.6947518437677382;-7.460169217791304e-05;0.002514108733794753;0.013885987946129608;0;1;1848;ОРУ Усть-Илимская ГЭС 500/220 кВ;ORU Ust'-Ilimskaja GES 500/220 kV;460.1477633677431
11433846;7301495;4;0.0023451666107165638;0.004025800307648232;-0.00137631966824348;0.001209152204929234;0.0030950781729389702;0;2;1848;ОРУ Усть-Илимская ГЭС 500/220 кВ;ORU Ust'-Ilimskaja GES 500/220 kV;513.875434061861
11433863;7301519;4;7.281399822654733e-05;0.00010538220615777882;-2.037047000679273e-05;2.9837348188182096e-05;6.746297625164968e-05;0;2;1848;ОРУ Усть-Илимская ГЭС 500/220 кВ;ORU Ust'-Ilimskaja GES 500/220 kV;543.1746867557766
11434118;7302488;27;0.0077784671045848875;0.03169750876091231;0.00010456885722776264;0.0032126262358549884;0.03155421744140506;0;2;1516;ПС №3;PS №3;229.73903837816982
11434187;7302449;27;0.02556031340687695;0.10696218671847686;-0.001872487055019412;0.00940222077067061;0.10572224077136766;0;0;1516;ПС №3;PS №3;161.04689924117142
11434200;7302227;24;0.02144162533094594;0.04253941451313758;-0.0006912260777887791;0.001976355313401458;0.02223596821643161;0;2;1516;ПС №3;PS №3;282.46592282192364
11434217;7302453;24;0.001089209302567971;0.0017306419003759543;-2.241436251364605e-05;7.961068929395466e-05;0.0006335515070179994;0;2;1516;ПС №3;PS №3;130.7843758071845
11434217;7302497;24;0.0008425318340942083;0.0010003104120477188;-6.412897212058572e-06;4.923644979589062e-05;0.00018599909115818273;0;2;1516;ПС №3;PS №3;133.0299220295723
11434238;7302541;24;0.0011537311154932524;0.0013697871116906191;-8.781578042051185e-06;6.742252559159917e-05;0.0002547000958762638;0;2;1516;ПС №3;PS №3;130.94648966342567
11434240;7302499;24;0.0036224445655583005;0.004182909099453139;3.982119817001138e-06;0.00022988118551917612;0.0009368381837279033;0;2;1516;ПС №3;PS №3;111.22024615714753
11434241;7302456;3;0.005772785063053163;0.006253537344089839;0.00037269106572052394;0.00037269106572036673;0.0006968747116692948;0;2;1516;ПС №3;PS №3;106.59840315566788
11434249;7302542;24;0.0015596697924671673;0.0017347320083745564;-7.727577139273478e-06;7.919601511593546e-05;0.00027206179646177575;0;2;1516;ПС №3;PS №3;122.5514779804936
11434252;7302458;24;0.006993407905283696;0.007773431639103396;-3.317460043540399e-05;0.0003566217105213871;0.0012180870893327483;0;2;1516;ПС №3;PS №3;95.4440409631017
11434347;7302468;51;0.0025784151994157245;0.011713679186654849;-2.4158137513861234e-05;0.0006391923821415207;0.011598342367366668;0;0;1516;ПС №3;PS №3;0.289750963428805
11434807;7301082;24;0.006452224389628496;0.0070912186907680815;-3.538548429662844e-05;0.0003141932807251212;0.0011066257316812685;0;2;1848;ОРУ Усть-Илимская ГЭС 500/220 кВ;ORU Ust'-Ilimskaja GES 500/220 kV;1294.5494446059365
11434852;7301105;24;0.013966327214601185;0.015441589328519635;-7.478892966261848e-05;0.0006915217464385314;0.0024164992749663144;0;2;1848;ОРУ Усть-Илимская ГЭС 500/220 кВ;ORU Ust'-Ilimskaja GES 500/220 kV;1339.3641282823114
11439590;7302219;43;0.017706149635621917;0.021869290034531873;6.785580200024903e-05;0.0011503038280080684;0.006961464676072639;0;0;1507;Таёжная;Taezhnaja;0.13848180351834077
11451590;7068322;12;0.08428332635318443;0.09195023985276184;-0.00061395358054142;0.00506329861771397;0.011970708295419574;0;2;1494;НПС-4;NPS-4;0.5145602493526501
11473043;6540034;61;0.10594186546497507;0.24067732577259449;-0.0006586986112540179;0.02416006587287253;0.23664753600048669;0;4;1513;Черемхово;Cheremhovo;0.5071180721000361
11489836;6506052;29;0.07415918394951997;0.08414144535629561;-3.572153885415764e-05;0.0038846639089173845;0.013514755039874982;0;0;1489;Лесная;Lesnaja;0.4040629776350534
11493469;6518319;33;0.001215210208543024;0.0014198403886329187;-2.6904618290060536e-06;7.098715408743761e-05;0.0002309386882865332;0;0;1489;Лесная;Lesnaja;12793.842742720653
11493505;6518294;33;0.045356343575512166;0.053223448354159944;3.0158022862136614e-05;0.0029855155551331168;0.010639829465506949;0;0;1489;Лесная;Lesnaja;12780.163721285651
11493523;6518328;33;0.0011391411433646342;0.0013309619951611589;-2.522045768317334e-06;6.654353897201198e-05;0.00021648251436046724;0;0;1489;Лесная;Lesnaja;12817.902455708809
11496775;7255023;26;0.022067313454867434;0.024542933008833933;-0.0001363722173003974;0.0007847789274064016;0.0036475314584256888;0;2;1508;Тубинская;Tubinskaja;0.3292267907083185
11503938;7259248;26;0.0983247580151462;0.10956524039246064;-0.0006592567748892472;0.0035092886469244456;0.015594669581140488;0;0;1508;Тубинская;Tubinskaja;8316.371565628317
11504025;7259252;26;0.07286323026383981;0.08077714791356423;-0.00040078649044621287;0.002616067082613568;0.011876475378012792;0;2;1508;Тубинская;Tubinskaja;8393.437101807056
11523894;6495896;11;0.007283772222977427;0.008344371207650745;0.00010618144134907379;0.00037992741007585257;0.00137653069465109;0;2;1531;Электрокотельная;Elektrokotel'naja;0.3848581693747833
11524197;6497127;11;0.040161688155703916;0.04592562495348582;0.0005852615837318127;0.0020786024399750873;0.007469786823980265;0;2;1531;Электрокотельная;Elektrokotel'naja;1268.1194134301088
11524224;6497150;11;0.0011250760379176465;0.00128889973626609;1.6401143758528167e-05;5.8684869891467435e-05;0.00021262357643811957;0;2;1531;Электрокотельная;Elektrokotel'naja;1297.0703258183182
11529937;6493073;53;0.0014482648764334244;0.001894521438114014;6.148146916683883e-06;0.00017895714360246443;0.001140044999121033;0;0;158;Иркутская ТЭЦ-11;Irkutskaja TETs-11;3317.4037558753726
11529969;6493131;53;0.06081864667071314;0.08722228285813471;1.2535832085687248e-05;0.008086807198123627;0.054001788671863345;0;0;158;Иркутская ТЭЦ-11;Irkutskaja TETs-11;3276.992473213252
11530173;6493039;53;0.0010176561534192827;0.00135537350250979;2.816413486833782e-06;0.0001241926125022024;0.0008373290309349233;0;0;158;Иркутская ТЭЦ-11;Irkutskaja TETs-11;3090.646711595615
11530206;6493054;53;0.06261607542915841;0.0854287863573495;0.00020577052613731306;0.007490835429182613;0.05296586557773598;0;0;158;Иркутская ТЭЦ-11;Irkutskaja TETs-11;3055.4812515374647
11533283;6493878;53;0.015629683662280295;0.020355800934105443;5.531308740489696e-05;0.0019190604722011395;0.01257029653418128;0;0;1871;ОРУ ТЭЦ-11 220/110 кВ;ORU TETs-11 220/110 kV;0.11390522473128943
11542887;6334554;51;0.0033893271899305875;0.005710754042810365;5.2787314638475865e-05;0.0003398326933246212;0.0024866196912369967;0;0;1506;Слюдянка;Sljudjanka;0.3522556479611048
11543012;6334673;51;0.07169849227741332;0.12262781585569696;0.0010854086729875454;0.007315961964779798;0.05344315672539031;0;0;1506;Слюдянка;Sljudjanka;172.93413915359085
11543035;6334643;51;0.07342893598295723;0.12257887396129746;0.001246379362296688;0.007109164883800499;0.05342103477319239;0;0;1506;Слюдянка;Sljudjanka;173.02679701356348
11543040;6334682;51;0.0009751925993952085;0.0016596631914191713;1.4449112353167116e-05;9.99570349608294e-05;0.0007226684553718502;0;0;1506;Слюдянка;Sljudjanka;199.82551610069194
11543061;6334650;51;0.0009471019828372918;0.001576968834270611;1.5618630923258606e-05;9.184308709028294e-05;0.0006866505702536583;0;0;1506;Слюдянка;Sljudjanka;199.04853097894227
11547023;7188093;36;0.08740953849769985;0.1097610399829603;-0.0007828100663060443;0.0033000764267028366;0.012772403724968032;0;0;1503;Рудногорская;Rudnogorskaja;0.42362332418699844
11556421;6463220;7;0.0011019210729444205;0.001292690189779955;4.498443507244871e-05;8.68604675371664e-05;0.000289640948235253;0;2;1511;УП-15;UP-15;8688.982219457124
11556458;6463222;7;0.050472801505748975;0.059393097304979804;0.002172847342973819;0.004019650734554964;0.013526753784070103;0;2;1511;УП-15;UP-15;8653.136416123469
11561388;6444873;33;0.046994979989172965;0.05402596202380457;-7.213429302963816e-05;0.0026132191191576047;0.008710800657875363;0;0;1521;Иркутская;Irkutskaja;1158.0731693761368
11561400;6444841;33;0.0010302053484715595;0.00118588883015622;-1.6316715131208937e-06;5.7597589237760606e-05;0.00019137612861162996;0;0;1521;Иркутская;Irkutskaja;1158.2114200908165
11561414;6444877;33;0.0009044181168138734;0.001041092772534834;-1.4324457539900124e-06;5.05649706330056e-05;0.00016800925960921975;0;0;1521;Иркутская;Irkutskaja;1132.2794529747969
11561816;6445163;34;0.0009749301744736635;0.001198204685066019;-2.235859768909562e-06;6.281795878288507e-05;0.00023376323005154694;0;0;1521;Иркутская;Irkutskaja;668.9211894011629
11561836;6445147;34;0.05023069127783569;0.06164665436301231;-0.00011285136183446729;0.0032175871710785854;0.011888565619649481;0;0;1521;Иркутская;Irkutskaja;651.9555334758768
11561863;6445170;34;0.0011235099651112745;0.0013808116100637272;-2.576605788528974e-06;7.239144353966419e-05;0.00026938884990538974;0;0;1521;Иркутская;Irkutskaja;621.4052064715037
11561921;6444546;15;0.209282391375089;0.23513196613997675;-0.005514372663133206;0.008714872278248709;0.08350753285516133;0;2;1521;Иркутская;Irkutskaja;911.040510969655
11561985;6444513;15;0.0025272926731306276;0.0028443550126530446;-6.704241328359173e-05;0.00010519154467980326;0.00100421860932102;0;2;1521;Иркутская;Irkutskaja;900.9497481145914
11562101;6444465;28;0.0013749163855280525;0.0015869481934585384;-9.287525131760923e-07;7.816342955871278e-05;0.0002538919460662605;0;2;1521;Иркутская;Irkutskaja;886.5050550490929
11562123;6444522;28;0.03441122012784186;0.03965906989423644;-2.189553507866299e-05;0.001946876925878931;0.006338933268380607;0;0;1521;Иркутская;Irkutskaja;825.5638137829101
11562173;6445658;15;0.012823949184449993;0.01443278197756755;-0.000340185571023194;0.0005337613003627825;0.005095590452552931;0;2;1521;Иркутская;Irkutskaja;494.2664065375174
11562181;6444544;28;0.0013766902247128296;0.0015889955840630784;-9.299507370214236e-07;7.826427158491151e-05;0.00025421950306333575;0;2;1521;Иркутская;Irkutskaja;782.0223223334862
11562477;6445268;59;0.14861066441331422;0.34378225023122355;-0.0004826850684795778;0.028035311862073867;0.2689171061303703;0;4;1521;Иркутская;Irkutskaja;0.36963529330247463
11562748;6445340;4;0.14122406909707236;0.5648962763810956;0.05648962763596866;0.37659751758979376;0.5648962763810954;0;1;1530;Иркутская;Irkutskaja;0.5322870378625914
11564934;6461481;41;0.04427411088143903;0.053316564101827876;0.00022907935474050732;0.002650817454113907;0.009774437576806995;0;0;1511;УП-15;UP-15;0.2673181049341482
11583090;6403800;13;0.00196105576537943;0.0025323578604368067;9.755507542083587e-05;0.00011063486790940221;0.0007786028013379159;0;2;1523;Ключи;Kljuchi;399.3094081560944
11583105;6403862;13;0.17158807063783466;0.22154688070255776;0.008560822311687394;0.009683421526211553;0.06836921658656253;0;2;1523;Ключи;Kljuchi;368.72424715772576
11583467;6403931;13;0.10918759263009924;0.12594536341045146;-0.0010663115628929377;0.0073734035478052245;0.02005840930854233;0;2;1523;Ключи;Kljuchi;0.21223256032146434
11583699;6404142;13;0.00889214557188921;0.011482638654472237;0.00044235046612801205;0.0005016590390465788;0.0035304704610670144;0;2;1523;Ключи;Kljuchi;313.4482343915205
11583758;6404430;13;0.09154615667610971;0.7066793009189102;0.021574148907868792;0.058849771698818144;0.6707939653707117;0;4;1523;Ключи;Kljuchi;577.5518053330185
11583790;6404405;13;0.013307157104628525;0.01749679563606526;0.0003752681669449773;0.0009046469904203733;0.003348928397612536;0;2;1523;Ключи;Kljuchi;573.4763625847763
11583815;6404479;13;0.0406238921632291;0.04676159309074627;-0.0005704984829469968;0.003441326145032822;0.00732905546802317;0;2;1523;Ключи;Kljuchi;649.0521115007257
11584905;6404219;11;0.04286324947722179;0.046904263087036775;0.0005341795787708027;0.0017436909710775474;0.006008104087459297;0;2;1486;КРУЭ;KRUE;578.699850999009
11584907;6404225;11;0.04317674719280318;0.04713843147731812;0.0005325654380373828;0.0017192367445538835;0.005849810679008777;0;2;1486;КРУЭ;KRUE;576.1507368269691
11584943;6404211;11;0.011730716241098898;0.012271578733915753;-7.468525966339932e-05;0.0002400820203473177;0.0008213892176038851;0;2;1486;КРУЭ;KRUE;541.7921235549961
11585422;6402029;6;0.06359464291245416;0.07683019842565449;0.006673673158242817;0.00676074591852564;0.025211923417320647;0;2;1486;КРУЭ;KRUE;2247.4537951535417
11585478;6404329;13;0.011303703774519173;0.013263375358785811;-0.00017887558699034533;0.0008585918141335544;0.0021143119676177435;0;2;1512;ЦРП-2 Общезаводская;TsRP-2 Obschezavodskaja;0.5566369188109543
11585481;6404276;13;0.011168097665359424;0.013104259836775748;-0.00017672968659705225;0.0008482916242494781;0.0020889473946248734;0;2;1486;КРУЭ;KRUE;0.32915839530751295
11585892;6403401;13;0.06186193394277661;0.08369899314201987;0.0012738539792059018;0.00584664638988491;0.02998504855072874;0;2;1514;Шелехово;Shelehovo;878.6515199220812
11585892;6404280;56;0.09468911460836818;0.2749644119770484;-0.0014772736845004768;0.011751277882200485;0.15934602031272377;0;0;1514;Шелехово;Shelehovo;0.3955485547617522
11585898;6403356;13;0.0013912672843696633;0.0018803929495268571;2.8431886946848485e-05;0.00013110987785103415;0.0006725809824468152;0;2;1514;Шелехово;Shelehovo;923.6697912465877
11585929;6403394;13;0.001258453862206793;0.0017008865200697704;2.5717716746502683e-05;0.00011859384175041619;0.0006083749287546349;0;2;1514;Шелехово;Shelehovo;886.416250449728
11587555;6405401;24;0.01512220836675701;0.018273248416398123;9.83911273539835e-05;0.0007378161802764479;0.0020695157975872853;0;2;1504;Светлая;Svetlaja;0.5482385625339651
11591596;6425003;30;0.03646014759803843;0.04155881058456119;4.604632165876795e-05;0.0019025791464340179;0.006544090238822034;0;0;1479;Бытовая;Bytovaja;4613.99569876357
11591844;6424982;30;0.036260839045592165;0.041403891898338464;2.416514005006809e-05;0.001869719001551674;0.006536984588203107;0;0;1479;Бытовая;Bytovaja;4417.487403514358
11592742;6423707;59;0.0012971347102523423;0.015395764689409279;-2.4275000420179107e-05;0.0004114291646203278;0.014869640641649183;0;0;1479;Бытовая;Bytovaja;4654.787472077308
11592770;6423726;59;0.043039085652691614;0.48910065436369904;-0.0012651739553157899;0.014671321305967445;0.46682149652245564;0;4;1479;Бытовая;Bytovaja;4622.8859040871575
11592895;7076744;57;0.20806880228670366;0.6814939078647727;-0.0015722704335911916;0.03502122005052967;0.6286634821603782;0;4;1485;Коршуниха;Korshuniha;0.40405744445008474
11592907;6423745;59;0.0012633997504759636;0.01492232248639899;-2.3166170595803625e-05;0.00040112832951421306;0.014410201300137116;0;0;1479;Бытовая;Bytovaja;4527.564337390169
11592935;6423761;59;0.044421551358492295;0.4855968022688839;-0.0012078005609343144;0.014704652318342793;0.4633822336403569;0;4;1479;Бытовая;Bytovaja;4498.40944526031
11595506;6427452;30;0.019536959672404864;0.02757702668311345;-0.00017006467658938276;0.0012140688062102036;0.010733958241311514;0;0;1479;Бытовая;Bytovaja;0.41254363556010354
11596455;6429188;59;0.02590014331847987;0.31548386385006794;-0.0005032801588806387;0.008292536224594148;0.3046800567427647;0;4;1491;Ново-Ленино;Novo-Lenino;0.5222153658304537
11597061;6304850;56;0.12258170827823274;0.5714040753071585;-0.0023522266271507547;0.01819482646404128;0.34036613789832604;0;4;1478;БЦБК;BTsBK;0.3436320256414447
11599639;6413464;42;0.07749555404701768;0.12365792964380584;-2.1084216123960644e-05;0.006347593003169169;0.054197060852574114;0;0;156;Ново-Иркутская ТЭЦ;Novo-Irkutskaja TETs;0.5210669931019236
11603803;6302012;51;0.08974723179851372;0.12368389368344078;0.0006845755411181413;0.010929425175135378;0.1004784921703106;0;0;1470;Байкальская;Bajkal'skaja;0.5325391451906129
11604105;6427510;14;0.0011287218450917124;0.0012904012516892706;7.918776714743955e-06;6.621881720834634e-05;0.00018524120772895724;0;2;1488;Левобережная;Levoberezhnaja;236.23353271748854
11604106;6427457;14;0.029899355569485947;0.03418844276946917;0.00020985757658580819;0.0017512188343970978;0.004926474602230134;0;2;1488;Левобережная;Levoberezhnaja;227.56998084144635
11604126;6427468;14;0.029901158456175216;0.034190523475324426;0.00020987051279925642;0.0017513155902788324;0.004926831352316592;0;2;1488;Левобережная;Levoberezhnaja;208.24762851044375
11604333;6427450;14;0.003891084054897085;0.004448446030328893;2.7298673935871114e-05;0.00022827918606599997;0.0006385844769285906;0;2;1488;Левобережная;Levoberezhnaja;0.47114826645326635
11612722;6412387;47;0.0010509782667553612;0.0016137811692836814;1.2482481293142087e-06;8.891117866229667e-05;0.0007059618746451751;0;0;1870;ОРУ Иркутская ГЭС 220 кВ;ORU Irkutskaja GES 220 kV;220.08542053200605
11612748;6412403;47;0.026998017786401114;0.04086246068078676;-1.4334152857508308e-05;0.0022436216249361353;0.017889765645396564;0;0;1870;ОРУ Иркутская ГЭС 220 кВ;ORU Irkutskaja GES 220 kV;205.74790480269925
11612819;6412384;47;0.0009681714006435462;0.0015227929063018311;3.2304870456756593e-06;8.117603196516894e-05;0.0006661770115088361;0;0;1870;ОРУ Иркутская ГЭС 220 кВ;ORU Irkutskaja GES 220 kV;138.39635230214046
11612836;6412405;47;0.027466684373889508;0.04196820940752922;1.17668459100604e-05;0.0022609408444802985;0.018374382106111167;0;0;1870;ОРУ Иркутская ГЭС 220 кВ;ORU Irkutskaja GES 220 kV;143.34058298510772
11612918;6412288;64;0.030098769679139138;0.6663317069635053;-0.0020032636181994148;0.04406969364335863;0.6663317069635052;0;4;1870;ОРУ Иркутская ГЭС 220 кВ;ORU Irkutskaja GES 220 kV;0.504311690367707
11613708;6425298;42;0.04478792290535488;0.07428088920555295;-0.0005650148697382084;0.003861751583418354;0.03253031735654676;0;0;1501;Правобережная;Pravoberezhnaja;0.45633049518102764
11614492;6414304;47;0.014287719727579735;0.022200123388784136;3.200498376226763e-05;0.001185237171445443;0.009711761652557594;0;0;1469;Байкальская;Bajkal'skaja;0.09601025899367072
11619400;6420340;6;0.06965765009626772;0.08287802965392387;-0.004528085796628595;0.009841052174060203;0.021415652444790358;0;2;1480;Восточная;Vostochnaja;0.33294804524792954
11650443;6294176;51;0.0764309358156326;0.11742212203179124;0.0011898921505925913;0.008268923764922597;0.06590736829699598;0;0;1459;Выдрино;Vydrino;0.23590934671840752
11716247;6313158;51;0.0009044028715672308;0.001259617612148305;5.7941219118848425e-06;0.00011112770137340743;0.0010295497268716217;0;0;1465;Переемная;Pereemnaja;785.8810300432401
11716250;6313170;51;0.11331315147903852;0.15781825795559293;0.0007489766147790004;0.013898491263085741;0.12866735806829493;0;0;1465;Переемная;Pereemnaja;773.5840879838634
11716281;6313196;51;0.09044424449249457;0.124255096180233;0.0009444150470844576;0.010615123120657537;0.0963291566105619;0;0;1465;Переемная;Pereemnaja;744.1211803072746
11716355;6313936;51;0.009531928512175655;0.013078059163135602;7.890362349501796e-05;0.0011514909660196608;0.010570310539262762;0;0;1465;Переемная;Pereemnaja;0.4957637549757213
11726095;7164846;4;0.10366874270289655;0.1352022650791174;0.003091937037990799;0.03048577724679992;0.05662729101379031;0;2;1496;НПС-6;NPS-6;0.08296800543221476
11774735;7114077;43;0.08361681373132175;0.11272120265943615;0.0001396735764654633;0.005120728028400281;0.0417722410713911;0;0;1527;Лена;Lena;0.5360478066581325
11787732;6334470;51;0.20178060225094108;0.29164303555498683;0.0015928390557913583;0.022693786384527508;0.23677775833488007;0;4;1537;Мысовая;Mysovaja;0.23507294561675718
11792077;7118353;4;0.16250342457913;0.17715876155165142;0.015261563520420027;0.016163766378000998;0.03985540585487843;0;2;1522;Усть-Кут;Ust'-Kut;0.5100731014291431
11792077;7118353;4;0.16250342457913;0.17715876155165142;0.015261563520420027;0.016163766378000998;0.03985540585487843;0;2;1528;Усть-Кут;Ust'-Kut;0.5100731014291431
11792977;7114612;31;0.09611169926270122;0.1433886197997405;3.2470530444199e-05;0.006473999269023563;0.08119388297494953;0;0;1515;Якурим;Jakurim;0.4633913696406073
11794072;5995132;45;0.20717811097690259;0.2927606464431102;0.00014667257316218723;0.018544788641093678;0.25087129522036805;0;4;1536;Дархан;Darhan;0.5703934972207526
11796984;7119320;28;0.6200046186066944;0.6957985469932462;-0.01390584312831814;0.02722675680014599;0.6731286379376495;0;1;1522;Усть-Кут;Ust'-Kut;5001.314371758668
11796984;7119320;28;0.6200046186066944;0.6957985469932462;-0.01390584312831814;0.02722675680014599;0.6731286379376495;0;1;1528;Усть-Кут;Ust'-Kut;5001.314371758668
11796991;7119364;28;0.006097706290192424;0.006739718057035893;-0.00011713981559737118;0.0002334024068662523;0.005571489815739025;0;2;1522;Усть-Кут;Ust'-Kut;5016.868046157846
11796991;7119364;28;0.006097706290192424;0.006739718057035893;-0.00011713981559737118;0.0002334024068662523;0.005571489815739025;0;2;1528;Усть-Кут;Ust'-Kut;5016.868046157846
11797036;7119318;28;0.006602375599963533;0.007297522696686492;-0.0001268347512126406;0.00025271967568280684;0.006032607453403614;0;2;1522;Усть-Кут;Ust'-Kut;5051.95954737958
11797036;7119318;28;0.006602375599963533;0.007297522696686492;-0.0001268347512126406;0.00025271967568280684;0.006032607453403614;0;2;1528;Усть-Кут;Ust'-Kut;5051.95954737958
11826093;6214866;35;0.2497363238871879;0.3306274800007292;-0.003379605345495651;0.012799466345675718;0.09950660134874864;0;4;1535;Селендума;Selenduma;0.20324726277239327
11837774;6371777;51;0.10168034523516846;0.14370117902385499;0.0003445194395154092;0.012303939058998318;0.11863363985904102;0;0;1576;Посольская;Posol'skaja;0.2834884466607086
11853472;6272376;45;0.3174306173104119;0.4168133259923441;0.002947673701372159;0.02763291270644458;0.31779694198902564;0;4;159;Гусиноозерская ГРЭС;Gusinoozerskaja GRES;0.4066748204394785
11856760;7104971;43;0.10843519343346263;0.131656476996484;0.0004320166852656044;0.006605077861909117;0.05346663797240625;0;0;1483;Звёздная;Zvezdnaja;0.4061244156869628
11885599;7075292;43;0.07602694624650241;0.13437966853671396;0.0010748264990352203;0.006079982531099136;0.07563553390790423;0;0;1490;Ния;Nija;3842.4905736932656
11885656;7075245;43;0.06383262611195853;0.08672883769477571;4.527593671917499e-05;0.005860306699379318;0.044932445020294996;0;0;1490;Ния;Nija;3806.3060324311264
11889194;7076649;43;0.016252916588881432;0.023931696713765462;0.00014532393003062144;0.0011259295867208875;0.008158115879849402;0;0;1490;Ния;Nija;0.3170681310228097
11896956;6380229;56;0.0070694961960070385;0.014991256840669988;-4.205218888084262e-05;0.000967541422191904;0.008998750276184207;0;0;1575;Селенгинский ЦКК;Selenginskij TsKK;0.24683678777826856
11897195;6380169;56;0.15449738076843328;0.6058272147761163;-0.003490540314403431;0.021582902400071602;0.36267444941514115;0;4;1575;Селенгинский ЦКК;Selenginskij TsKK;246.66217652544583
11897240;6380167;56;0.002178844233833572;0.006271744836697221;-2.8905463886541747e-05;0.0002892089192812905;0.003764718741144817;0;0;1575;Селенгинский ЦКК;Selenginskij TsKK;290.9352603728503
11897252;6380198;51;0.1242357288438816;0.18809143908666745;0.00045017039974126326;0.01536455042580669;0.15866741094999906;0;0;1575;Селенгинский ЦКК;Selenginskij TsKK;297.8653785321663
11915639;7228566;3;0.11427111085634667;0.11540800685650962;0.0016647159664410689;0.0016647159664408134;0.003248175865274386;0;2;1539;НПС-7;NPS-7;0.5895167945275367
11961671;7012896;43;0.1312511843766206;0.17904183344106678;9.593270235003335e-05;0.012141885467720057;0.09384808247200002;0;0;1484;Киренга;Kirenga;0.6382697944400207
11964123;6390946;49;0.12251514001068824;0.2423369538688211;0.0021798285918400748;0.013263286891377851;0.12654854002327812;0;0;1574;Татаурово;Tataurovo;0.5464023795877945
11974371;6357540;28;0.10002942720853518;0.12219741736972933;-0.0010622048806032073;0.004643163586541659;0.042874441954967216;0;0;1573;Северная;Severnaja;0.5441940922313814
11987683;6346456;18;0.015786054356972782;0.05578601049286263;0.0002287834083608954;0.009332850992424731;0.055680010903985756;0;2;1564;Районная;Rajonnaja;3328.195713011862
11989484;6349255;56;0.20328487790712796;0.4356102272279489;-0.00014491316943307902;0.03851370332993232;0.43451901751912153;0;4;1564;Районная;Rajonnaja;0.23389136215006642
11989749;6349262;46;0.08168962455741088;0.11127171403935016;0.0001409871408152041;0.0071085955522247266;0.09210553880666553;0;0;1564;Районная;Rajonnaja;265.3216502744095
11989749;6349271;18;0.10496490504006838;0.14029600992783697;0.006166888180833127;0.01644763619078673;0.11745083757713629;0;2;1564;Районная;Rajonnaja;265.71323810517424
11989924;6349400;18;0.004380811160003276;0.00583641623429105;0.00025396016791100066;0.0006865876796306033;0.004897158799515318;0;2;1564;Районная;Rajonnaja;463.50928869203915
11989938;6349395;46;0.004309439476071495;0.005872068962961057;6.5424175766135395e-06;0.0003756111691805582;0.004871793639965434;0;0;1564;Районная;Rajonnaja;475.3290606556215
12000532;6973044;43;0.09569028352866918;0.14981555281552195;-0.00038682728871755644;0.010882728663601817;0.10421965554730045;0;0;1510;Улькан;Ul'kan;0.3826251707494271
12004978;6235418;39;0.1558540311848967;0.19685195860421434;-0.001741290338117872;0.007716133414285398;0.0666389897002846;0;0;1558;Мухоршибирь;Muhorshibir';0.5966699679011891
12053863;6351777;51;0.11783471737578163;0.40493140775795033;-0.00020545007756921497;0.027284230436987352;0.4041628748313759;0;4;1563;Заиграево;Zaigraevo;0.32512705289934324
12055884;6522604;7;0.18282340844825232;0.20415484382006815;0.012752546739469059;0.012918739860931719;0.05837535128713123;0;2;1534;Горячинская;Gorjachinskaja;0.4692824000597994
12071328;6951012;43;0.1075177922830317;0.16922780718957603;-0.0004408830132639408;0.012388424158789171;0.11980901042943516;0;0;1487;Кунерма;Kunerma;0.49558394673516887
12072028;6277817;30;0.10527552195346382;0.1404181580494498;-0.0013780425693208586;0.005688981787290121;0.05222003780563769;0;0;1560;Саган-Нур;Sagan-Nur;0.46004195358168637
12081278;6263132;9;0.11476516527397194;0.1284558042767294;0.0009662498561927387;0.007393657682162992;0.019236755705710637;0;2;1560;Саган-Нур;Sagan-Nur;17355.359279764656
12100876;7347873;13;0.05750037807884803;0.16988854648943766;0.007449160638025995;0.02802897038390785;0.16988854648941443;0;2;1547;НПС-8;NPS-8;0.4849051978931898
12100876;7347873;13;0.05750037807884803;0.16988854648943766;0.007449160638025995;0.02802897038390785;0.16988854648941443;0;2;1538;НПС-8;NPS-8;0.4849051978931898
12101305;7347768;11;0.18446688900217767;0.6265280121729148;0.02617852817196848;0.11783660612518629;0.626528012172817;0;1;1547;НПС-8;NPS-8;442.14757687215774
12101305;7347768;11;0.18446688900217767;0.6265280121729148;0.02617852817196848;0.11783660612518629;0.626528012172817;0;1;1538;НПС-8;NPS-8;442.14757687215774
12101883;6327915;51;0.11610076157199724;0.38573991191232093;-0.00014553851858498118;0.026631975808590235;0.3850072808067928;0;4;1562;Новоильинск;Novoil'insk;0.16419442611639495
12118069;6274060;51;0.09496599070406306;0.2555170798805872;0.00042363786431129147;0.020240819415472223;0.25503147021127004;0;4;1559;Петровск-Забайкальская;Petrovsk-Zabajkal'skaja;0.3100616874192537
12118255;6273891;47;0.061468178738246684;0.12451820055716263;0.0007417088357762453;0.011123024346524502;0.07183385673827383;0;0;1559;Петровск-Забайкальская;Petrovsk-Zabajkal'skaja;251.62056779653975
12119286;6274958;15;0.12845854277743787;0.1713114660116166;0.0057601193964937104;0.006953861133056621;0.05290283720840051;0;2;1559;Петровск-Забайкальская;Petrovsk-Zabajkal'skaja;1512.5128267682983
12119286;6275002;15;0.0015784441502271315;0.002105102990645379;7.057232629508688e-05;8.543216008157915e-05;0.0006476841635978683;0;2;1559;Петровск-Забайкальская;Petrovsk-Zabajkal'skaja;1539.037718556188
12119424;6274971;15;0.002794866583191962;0.0037273932067127613;0.00012495864135064023;0.0001512701537824561;0.0011468196863613149;0;2;1559;Петровск-Забайкальская;Petrovsk-Zabajkal'skaja;1632.8524713331133
12119427;6275055;15;0.006483623518024229;0.006755809420262191;3.928778264447225e-05;3.756677497377654e-05;0.0002730909016994349;0;2;1559;Петровск-Забайкальская;Petrovsk-Zabajkal'skaja;1683.5727849245695
12119429;6274974;26;0.21058166920698598;0.6949217780700414;-0.031717948577143176;0.044552367181874;0.36453646501376497;0;4;1559;Петровск-Забайкальская;Petrovsk-Zabajkal'skaja;1638.6757776139418
12119452;6275010;15;0.32470170093741185;0.3383918865441784;0.001975857219038434;0.0018890888624342858;0.013738149813661615;0;2;1559;Петровск-Забайкальская;Petrovsk-Zabajkal'skaja;1677.929485150871
12119475;6946657;43;0.09838218172149077;0.16753347452025055;-0.0005814431397340361;0.012344207183050463;0.1220709414495983;0;0;1460;Даван;Davan;0.14136848967537197
12120271;6295829;51;0.0933948895511088;0.3200695323783221;-0.00017706214244507675;0.021765232072643404;0.3194622877215125;0;4;1561;Кижа;Kizha;0.613584362153644
12146343;6256202;47;0.0585119309133627;0.10783681582655572;0.0006973929895328725;0.012215054858704113;0.10683784400652326;0;0;1572;Тарбагатай;Tarbagataj;0.3557232911101518
12172793;6931300;43;0.16814263689845876;0.3236750080336727;-0.0012790582222082882;0.02514161417993363;0.28169181699058154;0;4;1466;Северобайкальск;Severobajkal'sk;0.21723178721393402
12221059;6286925;26;0.006265516899349953;0.01099557596062287;-0.00020924718010738395;0.0005218158575092989;0.005767970609019957;0;2;1571;Бада;Bada;6305.706479335776
12221068;7439181;9;0.20892207072897762;0.6267662121857369;0.09401493182765476;0.07834577652357966;0.6267662121856392;0;1;1545;НПС-9;NPS-9;108.34475731591986
12221068;7439181;9;0.20892207072897762;0.6267662121857369;0.09401493182765476;0.07834577652357966;0.6267662121856392;0;1;1546;НПС-9;NPS-9;108.34475731591986
12221086;6286908;26;0.6482194814509192;0.7032338358761927;0.0027508202492207813;0.03847238124320144;0.4305220326208128;0;1;1571;Бада;Bada;6275.246282954732
12221176;7439180;13;0.11860974797872322;0.32781496299385;0.018414487497864913;0.04603086496477019;0.32781496299380514;0;4;1545;НПС-9;NPS-9;0.44343885680530637
12221176;7439180;13;0.11860974797872322;0.32781496299385;0.018414487497864913;0.04603086496477019;0.32781496299380514;0;4;1546;НПС-9;NPS-9;0.44343885680530637
12221739;6286467;26;0.05683320054668683;0.12764536033319548;-0.004594407112789979;0.006368718958564434;0.05687878753506179;0;0;1571;Бада;Bada;5537.154612356145
12222239;6287732;6;0.07295301007722965;0.07316120500909579;6.563625307864544e-05;0.00017442162293498375;0.0007123272401575731;0;2;1571;Бада;Bada;5481.524186131184
12227152;6285301;47;0.10963181840206526;0.21958372160835155;0.0014267895861267037;0.01857847722007748;0.14105824577555748;0;0;1571;Бада;Bada;0.06739176360282208
12256148;6976982;41;0.15177571193715905;0.30066124346748924;-0.0024531206171738455;0.01838953534917005;0.11233199291581972;0;4;1461;Кичера;Kichera;0.3475289347995078
12297411;6280850;47;0.09269176412815776;0.17571463536695048;0.0011409892433130978;0.012371171790299703;0.09819089722920907;0;0;1570;Хилок;Hilok;0.20208636877278116
12343439;7585148;4;0.0015394959557687381;0.0019142130193171973;-0.0002987949973455963;0.00024947313925642914;0.0007449106875275213;0;2;1545;НПС-9;NPS-9;190407.19490146366
12343439;7585148;4;0.0015394959557687381;0.0019142130193171973;-0.0002987949973455963;0.00024947313925642914;0.0007449106875275213;0;2;1546;НПС-9;NPS-9;190407.19490146366
12343447;7585036;4;0.0009505115987398665;0.0011818536296466372;-0.0001844693823446267;0.00015401909638314897;0.0004598910286918417;0;2;1545;НПС-9;NPS-9;190326.48734297592
12343447;7585036;4;0.0009505115987398665;0.0011818536296466372;-0.0001844693823446267;0.00015401909638314897;0.0004598910286918417;0;2;1546;НПС-9;NPS-9;190326.48734297592
12343474;7585016;13;0.07862776492770376;0.19781147091335155;0.01328846646594631;0.026208971407209066;0.19781147091332454;0;2;1545;НПС-9;NPS-9;190328.50884086854
12343474;7585016;13;0.07862776492770376;0.19781147091335155;0.01328846646594631;0.026208971407209066;0.19781147091332454;0;2;1546;НПС-9;NPS-9;190328.50884086854
12343508;7585093;13;0.07866090047643907;0.1979207392092853;0.013292639113611004;0.0262257008639241;0.19792073920925826;0;2;1545;НПС-9;NPS-9;190409.35741720567
12343508;7585093;13;0.07866090047643907;0.1979207392092853;0.013292639113611004;0.0262257008639241;0.19792073920925826;0;2;1546;НПС-9;NPS-9;190409.35741720567
12346411;6989738;41;0.14612897260159596;0.28299097281724567;-0.0021989431657423184;0.01691712729285668;0.1047729237922797;0;0;1458;Ангоя;Angoja;0.4042648777869539
12376296;6309563;47;0.09659770678039507;0.18453378627218858;0.0012468703424992004;0.014057325464786356;0.11158804499111932;0;0;1569;Харагун;Haragun;0.3982627265706625
12415060;8671398;52;0.159710549695726;0.6583060216968343;0.008611635730903004;0.02678830067622527;0.42296680556117283;0;4;1622;Айхал;Ajhal;0.434684114170773
12438390;7010839;41;0.22192597517393595;0.4447326580863882;-0.0037811069920725545;0.027930967816935458;0.16900888911317755;0;4;1462;Новый Уоян;Novyj Uojan;0.3692914984201432
12439763;8668461;52;0.07327471177005314;0.3539886171115245;-0.00048042697169021147;0.01939720716577592;0.17493789237416973;0;4;1622;Айхал;Ajhal;24876.546849685557
12439867;8668548;52;0.0017812117661211008;0.005440267940903421;3.0012644064814495e-05;0.000408531056396525;0.0035426814503421744;0;0;1622;Айхал;Ajhal;24969.74325286907
12439870;8668389;42;0.0016716041407205428;0.005299850946380035;7.296044227383776e-05;0.00020940980959559957;0.003451242446378685;0;0;1622;Айхал;Ajhal;24991.36818500741
12439895;8668476;50;0.06252056250464612;0.1797317562522758;0.0008034882725308234;0.016535038828084644;0.17495938367457742;0;0;1622;Айхал;Ajhal;25005.871377814463
12439931;8668454;42;0.0009497538206583009;0.003011435641989025;4.146481633833978e-05;0.00011897762745520018;0.0019609904287382044;0;0;1622;Айхал;Ajhal;25044.201669093003
12439932;8668504;50;0.0009585513200946777;0.0031565055266244246;2.896172230183115e-05;0.00021147097447697934;0.002055457217701418;0;0;1622;Айхал;Ajhal;25039.3667425077
12465898;6337174;47;0.09680132218451809;0.1815686988032388;0.0011152845312546397;0.012551800072279984;0.09339971217221002;0;0;1568;Могзон;Mogzon;0.3443087720866957
12501130;8758284;51;0.08230996896923225;0.2904274251057095;0.0029041853672606734;0.016962149062732378;0.18837053930791228;0;4;1623;ГПП-6;GPP-6;0.23996010285562866
12520326;8150515;54;0.16843465782397168;0.6238873311420235;0.005868431983045233;0.040349949793558625;0.3991068621429479;0;4;173;Вилюйская ГЭС;Viljujskaja GES;0.10439736680180385
12521105;8149160;60;0.01479277399838511;0.06860184432574809;-0.0005037528845725102;0.005341346017770701;0.06860184432573951;0;0;1621;Чернышевская;Chernyshevskaja;0.45425545767364295
12521105;8149160;60;0.01479277399838511;0.06860184432574809;-0.0005037528845725102;0.005341346017770701;0.06860184432573951;0;0;1806;Чернышевская;Chernyshevskaja;0.45425545767364295
12521154;8149202;37;0.13755027828518768;0.5412318098345136;-0.013491092810690226;0.026239745464421288;0.5412318098344759;0;4;1621;Чернышевская;Chernyshevskaja;64.70199183882217
12521154;8149202;37;0.13755027828518768;0.5412318098345136;-0.013491092810690226;0.026239745464421288;0.5412318098344759;0;4;1806;Чернышевская;Chernyshevskaja;64.70199183882217
12521194;8149227;37;0.0021870533785238737;0.008550607296832052;-0.0002151634137359796;0.0004110532932298176;0.008550607296831464;0;0;1621;Чернышевская;Chernyshevskaja;111.59122164332656
12521194;8149227;37;0.0021870533785238737;0.008550607296832052;-0.0002151634137359796;0.0004110532932298176;0.008550607296831464;0;0;1806;Чернышевская;Chernyshevskaja;111.59122164332656
12521207;8149230;9;0.07788996497800044;0.09750937375330732;-0.0014839048734002838;0.01319818423622358;0.04341806929037507;0;2;1621;Чернышевская;Chernyshevskaja;123.91816956300654
12521207;8149230;9;0.07788996497800044;0.09750937375330732;-0.0014839048734002838;0.01319818423622358;0.04341806929037507;0;2;1806;Чернышевская;Chernyshevskaja;123.91816956300654
12522678;8147880;45;0.1698744298481027;0.6482352313500399;-0.012182829955510566;0.06434929061111364;0.6482352313499602;0;4;1621;Чернышевская;Chernyshevskaja;2028.4325418787312
12522678;8147880;45;0.1698744298481027;0.6482352313500399;-0.012182829955510566;0.06434929061111364;0.6482352313499602;0;4;1806;Чернышевская;Chernyshevskaja;2028.4325418787312
12522725;8147759;9;0.07567706344079314;0.09331396803755022;-0.0008870274834467815;0.013407845140927395;0.04307057570917425;0;2;1621;Чернышевская;Chernyshevskaja;2142.2185323988315
12522725;8147759;9;0.07567706344079314;0.09331396803755022;-0.0008870274834467815;0.013407845140927395;0.04307057570917425;0;2;1806;Чернышевская;Chernyshevskaja;2142.2185323988315
12527947;6349045;47;0.07820715922514483;0.14866315549612785;0.0009907876621504243;0.010516655006462048;0.08389869946063895;0;0;1567;Сохондо;Sohondo;0.44591759251369023
12548337;7572035;9;0.15802862997694014;0.2174391409151114;0.00870208891857949;0.034829114977043024;0.07818219763915665;0;2;1543;Пеледуй;Peleduj;0.6000577065434611
12554589;7675365;7;0.013718817982513256;0.017579049593055982;0.0002138776677046645;0.0021703854371312105;0.007132586404243605;0;2;1541;НПС-11;NPS-11;0.37451539394524164
12557434;7674146;7;0.10535080702627674;0.13508414139327454;0.0016416545745078421;0.01671557873986382;0.05492003235468765;0;2;1541;НПС-11;NPS-11;3095.3251467119967
12557451;7674131;7;0.0008114607695734535;0.0010397799023808617;1.2656971039410557e-05;0.00012837037637520072;0.00042188577085031467;0;2;1541;НПС-11;NPS-11;3116.8676286726845
12557475;7674266;7;0.10539677064605923;0.1351460101465486;0.0016407858310323418;0.016724595391556088;0.054944736161295304;0;2;1541;НПС-11;NPS-11;3088.3265859147136
12557529;7674233;7;0.0013303551547754562;0.001704711725195394;2.0730487264663673e-05;0.00021047956035877575;0.00069167303763023;0;2;1541;НПС-11;NPS-11;3150.5579558338154
12560157;7028884;41;0.13419167223122194;0.2674813873884544;-0.0023929901201263193;0.01768926464869826;0.10601303834161363;0;0;1467;Янчукан;Janchukan;0.21598935106783937
12571294;6356564;42;0.0009321596326903697;0.001531924463177756;-3.7160625758403653e-06;0.00010764277527130372;0.0006695915130679365;0;0;1566;Лесная;Lesnaja;15796.255008108905
12571307;6356548;42;0.08785381657716461;0.14663061870064517;-0.0004485297991315263;0.010300510710995166;0.06426369099171325;0;0;1566;Лесная;Lesnaja;15775.643209701648
12571348;6356546;42;0.07183642630812039;0.11998481043617865;-0.000445044738236956;0.008390938210553691;0.050323157880970026;0;0;1566;Лесная;Lesnaja;15748.853963638298
12581020;6344117;42;0.0391634239925405;0.06412706478061658;-0.00016472982830310188;0.004498367304387622;0.027423106817483014;0;0;1566;Лесная;Lesnaja;0.23756761257280903
12602742;7039196;41;0.1384562747275813;0.2770784368308671;-0.002436209097710275;0.017969191462082736;0.10800934129003029;0;0;1457;Ангаракан;Angarakan;0.4288225380625613
12603825;6388054;20;0.5554394667639388;0.6164558057614786;0.01030309889145186;0.04321330078236389;0.37750629872350505;0;1;1565;Чита;Chita;1247.747498132355
12604317;6387641;20;0.02174805316348625;0.024142915372178907;0.00040530091399291465;0.0016858761146940967;0.014752273989615964;0;2;1565;Чита;Chita;797.8329298122671
12604917;6387905;5;0.02287717349079307;0.030670500322703336;0.0019475534318246863;0.009697871553269795;0.0193673562476648;0;2;1565;Чита;Chita;148.83726916075878
12605065;6387918;20;0.06582763026332908;0.08527629067024664;-0.0002050798551131262;0.004524297023883169;0.030934591482605897;0;2;1565;Чита;Chita;0.3686335871422032
12618723;6384768;54;0.09466074892410584;0.19788966922579898;0.0016231045047062056;0.010727681922193486;0.07994783389972104;0;0;170;Читинская ТЭЦ-1;Chitinskaja TETs-1;0.47365004061786625
12624303;7025763;41;0.15397147713722822;0.28561817876968437;-0.001982852104860815;0.02486086383318566;0.13241228467998012;0;4;1464;Перевал;Pereval;0.4645180949405608
12627170;6383007;22;0.11046818803610231;0.11987496725074226;-0.0008636165972266926;0.0017208629458068062;0.01315098380163339;0;2;1610;Чита-1;Chita-1;0.03175547204156167
12633729;8157466;17;0.04918393424177209;0.15312406807335488;0.004393259325187622;0.01933854114920404;0.15312406807334492;0;2;172;Светлинская ГЭС;Svetlinskaja GES;0.46741272913579285
12642142;7017645;41;0.13845825885488516;0.25823243567737486;-0.0016814201676073177;0.022915971574123558;0.12746846825380034;0;4;1463;Окусикан;Okusikan;0.4456083470035237
12665362;6342899;48;0.08710830782643263;0.1273069498547411;0.001419556874590609;0.008543716470677911;0.05913185679770789;0;0;1606;Новая;Novaja;0.4580382608646153
12682687;8071287;20;0.14556748917709156;0.4260694996800323;0.01744617197454893;0.04596027431115558;0.4260694996800123;0;4;1620;Районная;Rajonnaja;0.38687010650654546
12682934;8067907;6;2.96172530144329e-16;4.594679043145311e-16;6.285535048206527e-17;1.908791653332236e-16;3.788141034168093e-16;0;2;1619;Фабрика №3;Fabrika №3;921.1630827263396
12683124;8068407;45;0.0014596867497976111;0.006187844054525633;-9.802910269263721e-05;0.0002844414720211135;0.006187844054525202;0;0;1619;Фабрика №3;Fabrika №3;579.1115116949196
12683147;8068399;45;0.11286883009996548;0.5512168693574011;-0.010271405633960742;0.018807140868767606;0.5512168693573628;0;4;1619;Фабрика №3;Fabrika №3;556.2718536629048
12683210;8068436;53;0.001959235845827734;0.00809417905041626;-0.00010932065973876594;0.0007157015199393331;0.008094179050415264;0;0;1619;Фабрика №3;Fabrika №3;493.5583414121484
12683236;8068425;59;0.13060600804765443;0.6602564943547593;-0.0059604670409528476;0.04730656369031189;0.6602564943546783;0;4;1619;Фабрика №3;Fabrika №3;467.1978229588613
12683703;8068414;54;0.00846485289495512;0.03322128664679522;-0.0003543426552161206;0.004130410661221436;0.03322128664679117;0;0;1619;Фабрика №3;Fabrika №3;0.07332953055940201
12686500;8062552;60;0.02988468881499749;0.1319388611875659;-0.0007517630801263784;0.013935830983557001;0.13193886118754974;0;0;1805;Мирный;Mirnyj;0.3855172120545585
12686500;8062552;60;0.02988468881499749;0.1319388611875659;-0.0007517630801263784;0.013935830983557001;0.13193886118754974;0;0;1618;Мирный;Mirnyj;0.3855172120545585
12689047;6326280;49;0.03590789742056945;0.04692120481332023;0.0007680262094917536;0.003426731129038019;0.032430728177002155;0;0;1604;Дарасун;Darasun;0.3909840542217208
12690932;6338619;10;0.2688968054473116;0.27525419464032447;-0.00045067812399218315;0.002548684714968096;0.009489075067622532;0;2;1605;Маккавеево;Makkaveevo;0.43256741551394573
12692732;7274795;32;0.20011556178814915;0.2712649053455637;-0.00107586290789428;0.031264666915430304;0.15841426670953068;0;4;1548;Мамакан;Mamakan;0.46507343538805773
12696612;6328484;49;0.10899938340963522;0.18801392083376778;0.0012977291909810297;0.016348731987643837;0.187636871704147;0;0;1604;Дарасун;Darasun;7879.452154131699
12696695;6328338;49;0.10078089993260142;0.14583131320373527;0.0016948917024413716;0.010210734574153751;0.0679869177753153;0;0;1604;Дарасун;Darasun;7919.994555228608
12696718;6328346;49;0.0013528225385486187;0.0018193120622142062;3.277990942735309e-05;0.00011506081684552677;0.0008239093760413121;0;0;1604;Дарасун;Darasun;7944.283383468312
12730684;6321666;48;0.13445666649625002;0.17396168121121813;0.002065154170076318;0.015549891252824537;0.17361305592187815;0;0;1603;Карымская;Karymskaja;0.2326929311598771
12754377;7125234;32;0.11704282623134452;0.16039091568258645;-0.0008607727796358098;0.01914873438044187;0.11030190628629138;0;0;1552;Дяля;Djalja;142.59330008969482
12754425;7125368;31;0.003469611516714329;0.004671715773284708;-1.5119565720227362e-05;0.0005782149603563349;0.0032188189942274287;0;0;1552;Дяля;Djalja;0.29194314345983424
12758349;7174834;32;0.0016780060669737392;0.0023015742021778346;-1.2320252708309979e-05;0.0002760951686479709;0.0015743381427533029;0;0;1549;Чаянгро;Chajangro;79.39790496853782
12758349;7174834;32;0.0016780060669737392;0.0023015742021778346;-1.2320252708309979e-05;0.0002760951686479709;0.0015743381427533029;0;0;1550;Чаянгро;Chajangro;79.39790496853782
12758380;7174848;32;0.13275619039422532;0.1819567119669873;-0.0009689591956633579;0.021755190138586265;0.12422307003861335;0;0;1549;Чаянгро;Chajangro;46.118255748065735
12758380;7174848;32;0.13275619039422532;0.1819567119669873;-0.0009689591956633579;0.021755190138586265;0.12422307003861335;0;0;1550;Чаянгро;Chajangro;46.118255748065735
12758426;7174855;32;0.0019482475511350904;0.0026722408168853755;-1.4304419179853662e-05;0.0003205600663701274;0.0018278839937743646;0;0;1549;Чаянгро;Chajangro;0.4143827436783376
12758426;7174855;32;0.0019482475511350904;0.0026722408168853755;-1.4304419179853662e-05;0.0003205600663701274;0.0018278839937743646;0;0;1550;Чаянгро;Chajangro;0.4143827436783376
12777677;6341249;37;0.1699607687483468;0.18657798399845252;-4.148922557953721e-05;0.004526632726554715;0.02706215166463355;0;0;1602;Урульга;Urul'ga;0.5956828850841857
12787088;7041083;39;0.27301888771715094;0.39049325146300484;-0.0013206856767369126;0.04600922204797117;0.25686516498313855;0;4;1553;Таксимо;Taksimo;0.46081844499277086
12792219;7761342;9;0.21732952933386843;0.2680595506482851;-0.004874396183429259;0.035558344168871686;0.10889432771244162;0;2;1542;Городская;Gorodskaja;0.3775626688227239
12827135;7401623;6;0.13364608983286197;0.1484068320474277;0.008991521024905778;0.016101471415287238;0.05856792065335889;0;2;1544;Сухой Лог;Suhoj Log;0.4582813562123318
12830483;7782926;10;0.13591651624417184;0.21994878760583295;-0.007288624409038116;0.023721114350825283;0.06916549270995402;0;2;1617;НПС-12;NPS-12;0.48644409632209445
12857230;6341936;37;0.173421798139539;0.18542715768044069;-0.0001279382330520494;0.004676023685192318;0.02546330658937765;0;0;1601;Размахнино;Razmahino;0.1625091365677523
12878927;6207430;26;0.3688266035816933;0.4770252452168361;0.006604455752919271;0.008194843726528482;0.08045409334309811;0;4;1872;ОРУ Харанорская ГРЭС 220/110 кВ;ORU Haranorskaja GRES 220/110 kV;0.4787705618954971
12914250;6353704;37;0.15224645764783876;0.16616039879533026;-0.0001239491620799702;0.0037270979950581725;0.02329919148926632;0;0;1600;Шилка;Shilka;0.5163833092465305
12922318;7039421;37;0.1813597865718277;0.3667565889113681;-0.002098659530109797;0.030495798801846323;0.16702125492655123;0;4;1554;Куанда;Kuanda;0.5267441487275084
12937458;6361883;54;0.25479690535247357;0.3778591373886372;0.006448461504758767;0.02735587672474989;0.37709970655376174;0;4;1599;Холбон;Holbon;0.47236016953214777
12948874;6157653;34;0.25428910512884595;0.3065777238244215;-0.002139217008313099;0.007423601316976771;0.05989421084230223;0;4;1608;Шерловогорская;Sherlovogorskaja;0.300065325229163
12981960;6364023;34;0.14473244823791528;0.15823883703083672;-0.0006088189819912735;0.0035594341450239544;0.01990041276646279;0;0;1598;Приисковая;Priiskovaja;0.22045908685254934
13027849;6401069;34;0.1693569864933583;0.18235553304616053;-0.0005612483636082333;0.004023890717440198;0.02263894964203475;0;0;1597;Шапка;Shapka;0.3279357402506838
13028144;6455915;34;0.14280367085757534;0.15751278120824105;-0.0006716938480477772;0.0036187699557478905;0.020574251290351037;0;0;1596;Чернышевск;Chernyshevsk;0.4895898393499659
13052017;6502008;34;0.0017378890327626715;0.0019765445473113852;-1.1398657471078304e-05;4.8565653702907065e-05;0.0002784125546166677;0;0;1594;Жирекен;Zhireken;3938.126161332797
13052053;6501999;34;0.07484577281234085;0.08505324906266733;-0.0004852293416852616;0.0020969083874919185;0.012054266603366767;0;0;1594;Жирекен;Zhireken;3901.558747574337
13052054;6501968;34;0.09763543858311974;0.11009994503759296;-0.0005857360847391074;0.0026640468608323587;0.015407523235751314;0;0;1594;Жирекен;Zhireken;3898.413818795259
13054318;6489363;34;0.12556378126431178;0.1358078302508895;-0.00045560768028222364;0.0029945504191598825;0.01676919313780309;0;0;1595;Бушулей;Bushulej;0.45351962482940567
13055944;6501713;34;0.0256829694291525;0.02909621387154308;-0.00016198407779595823;0.0007087268944939027;0.004079288645470136;0;0;1594;Жирекен;Zhireken;0.36273628162091964
13083406;6536520;34;0.14591508234455752;0.1691460139964088;-0.0011730751569321329;0.004393046330834779;0.022847307933713923;0;0;1593;Зилово;Zilovo;0.4477495838589441
13093396;7994676;11;0.21535483284618637;0.43008610377449275;-0.017853769160645124;0.042239539309036046;0.121771123349596;0;4;1624;Сунтар;Suntar;0.1414618330331738
13138028;7752186;10;0.16681640377145196;0.3000077911036321;-0.010504026159925335;0.03187533617280948;0.10716437214742497;0;2;1615;НПС-13;NPS-13;0.4661619152033522
13149075;6551208;34;0.10908922588358272;0.1279064140635537;-0.00099152056454374;0.0034013661615346653;0.01614482791624211;0;0;1592;Урюм;Urjum;0.46275803463823145
13156753;6093831;49;0.17399671678509623;0.29128153516421806;0.001786623026556667;0.02457767072481337;0.2868335315567153;0;4;1609;ЦРП ППГХО;TsRP PPGHO;0.35509063652525075
13162077;7110681;37;0.187927661780245;0.2938204114612964;-0.0019339753356226214;0.028947610650231277;0.17347480314996447;0;4;1556;Чара;Chara;0.4534373275637834
13190788;6308873;5;0.28504979981609224;0.28673352405958347;-0.00017292899886304876;0.0013797551836890881;0.0026386920206377673;0;2;1607;Быстринская;Bystrinskaja;0.2832269934642902
13191436;6574657;34;0.12197778491748425;0.14291350323221896;-0.0010969455571529477;0.0038343086930835604;0.0181924776268573;0;0;1591;Сбега;Sbega;0.40110011069639356
13216681;6611113;34;0.11091346139798375;0.1316256749003746;-0.0010853228178159895;0.003557169875517652;0.01655910316282215;0;0;1590;Ксеньевская;Ksen'evskaja;0.2924085662649746
13260386;6632420;34;0.10613835318948985;0.12725044967344296;-0.0010906979365924799;0.003609309373382009;0.016178806302121984;0;0;1589;Кислый Ключ;Kislyj Kljuch;0.027821752924642243
13292227;6649118;34;0.09160986014189422;0.11020238625128544;-0.0009639404654466707;0.0031337779865447824;0.01405363868137914;0;0;1588;Пеньковая;Pen'kovaja;0.37925111679128815
13334934;6636224;34;0.13142761797465657;0.16199169855850806;-0.001553040745607427;0.005149657977687889;0.020816510780437364;0;0;1587;Могоча;Mogocha;0.4911977386961342
13357204;7132720;36;0.14073640251348016;0.20029872621171596;-0.0013669740067214157;0.021411654891437395;0.13339722654896063;0;0;1557;Хани;Hani;0.40722948205254605
13397854;6634059;34;0.09017630251715304;0.11510776020486593;-0.0012436700287371657;0.004287428787343243;0.02037082661643924;0;0;1586;Семиозерный;Semiozernaja;0.2639125041995321
13399385;7698541;11;0.15887254405253654;0.22890116438551014;0.008673198276881759;0.042845645494363024;0.22188064827200737;0;4;1638;Олекминск;Olekminsk;0.4101602267868486
13399571;7698691;4;0.23536850022045774;0.33890591810594944;-0.054878475227260894;0.05349635687858745;0.0931715302704422;0;4;1638;Олекминск;Olekminsk;239.2374014081222
13431223;7146338;36;0.0011242662601567896;0.0017342600468034438;-1.4411609334825963e-05;0.0001665335876548595;0.0010243530005778145;0;0;1611;Олекма;Olekma;656.8928679597851
13431242;7146354;36;0.10717587844521596;0.1649331358021058;-0.0013683452722428452;0.01581876629621015;0.09749832787602672;0;0;1611;Олекма;Olekma;639.2254350200391
13431878;7146295;36;0.005848560209868937;0.009021816862034928;-7.497082132846589e-05;0.0008663265534883414;0.0053288001360136256;0;0;1611;Олекма;Olekma;0.654506378985194
13453119;6656245;34;0.10356869566368149;0.12957544413117492;-0.0013107647036646386;0.00440151317587189;0.017988980715702693;0;0;1585;Амазар;Amazar;0.23334733935370208
13453599;7702040;11;0.045851342017392265;0.1416934482560066;-0.014600132768627793;0.015408993657555792;0.09269402914932695;0;2;1637;НПС-14;NPS-14;0.4435337412174059
13453646;7702417;7;0.001231341001638691;0.0014290214827551422;8.118134333787764e-05;0.00013859142006968688;0.0004635336235457334;0;2;1637;НПС-14;NPS-14;380.343900597856
13453686;7702417;7;0.0971296422005238;0.11256741016600984;0.006378343510858905;0.01090701696724595;0.036687971425749186;0;2;1637;НПС-14;NPS-14;387.3186630179986
13453742;7702469;7;0.0012407146782667056;0.0014397755565854;8.177720665134778e-05;0.0001396251785201574;0.0004671438445847903;0;2;1637;НПС-14;NPS-14;452.5983176306515
13453783;7702468;7;0.09715179471907796;0.11258336599260609;0.00637807330432575;0.010907845113241289;0.03670273342995753;0;2;1637;НПС-14;NPS-14;466.2493778249536
13502059;6683373;34;0.08851707253213195;0.11518478076869633;-0.0013234460051797707;0.004651728672533352;0.024716733496266824;0;0;1584;Чичатка;Chichatka;0.10847972259325311
13540465;7083132;36;0.12596662365530284;0.20292545454434263;-0.0018976860232514281;0.018551057672824455;0.10788612306216067;0;0;1614;Юктали;Juktali;0.4612686184957335
13545955;6691151;34;0.07673226163051544;0.09777289659069158;-0.0010508390621290491;0.0036135110936582437;0.01698169457478363;0;0;1583;Аячи;Ajachi;0.5000573683516454
13576943;6670591;34;0.09064029004634189;0.12352284589796095;-0.0015319482992631123;0.005690590587731909;0.03355187471197617;0;0;1582;Ерофей Павлович;Erofej Pavlovich;0.4750068730876305
13592623;7625959;7;0.17858664269731564;0.21217595994888266;0.012448036954344585;0.02084226333699675;0.06239251924044284;0;2;1636;НПС-15;NPS-15;0.5388436692051738
13609407;6679764;34;0.08214573335475206;0.11171512107430467;-0.0012693339854899165;0.005844203372620367;0.042246692357916456;0;0;1581;Большая Омутная;Bol'shaja Omutnaja;0.4667743037060613
13669218;6951123;37;0.11762234390166106;0.19530989929103698;-0.0017161681645310148;0.019412701991215607;0.10006119425719774;0;0;1613;Лопча;Lopcha;0.42310685273021925
13681190;6683640;34;0.07545164928409516;0.11262256399780989;-0.0015186914035273979;0.006383272761927088;0.036230399905695425;0;0;1580;Уруша;Urusha;0.1267282527505377
13768859;6695902;34;0.08166629041401319;0.11189241430020917;-0.001222072662119941;0.006105050349606706;0.046113978007600136;0;0;1579;БАМ;BAM;0.2934028299470355
13778449;7499425;7;0.13899927989686614;0.1744045045323565;0.011658211699575274;0.01796534895123093;0.045128083170435235;0;2;1634;НПС-16;NPS-16;588.8167507076106
13778504;7499318;7;0.13025918615039808;0.1477897515923564;0.006161925018422886;0.01283894038824687;0.04514957885822342;0;2;1634;НПС-16;NPS-16;660.9876303784896
13778507;7499435;7;0.001571098108154059;0.0019741931938392432;0.00013230093235878611;0.0002035637731430972;0.0005082165119063265;0;2;1634;НПС-16;NPS-16;552.6013314438121
13778542;7499400;7;0.001969283838900458;0.0025394868464370802;0.0001814421848035451;0.0002682848441428629;0.0006886849159250385;0;2;1634;НПС-16;NPS-16;570.7765162593782
13778721;6888718;37;0.09071932263732552;0.15298536660463574;-0.0017855350949775172;0.01233626334117077;0.05996314071329813;0;0;1612;Хорогочи;Horogochi;0.4706575087276086
13778748;7499932;9;0.06124418394473051;0.2569290969454498;-0.027593407884813036;0.03214517913027611;0.2292755153524387;0;2;1634;НПС-16;NPS-16;0.49103189069677117
13791354;6676871;30;0.15906552173454488;0.6995386525719138;0.014109260039649397;0.02631080664537683;0.6406623021626472;0;4;1577;Сковородино;Skovorodino;5469.990668662159
13791593;6674900;30;0.037140585283582286;0.04260758032572923;-8.924197647137311e-05;0.0022425808416482403;0.015230764742998323;0;0;1577;Сковородино;Skovorodino;4104.220353007974
13795244;6673026;44;0.13673454450082648;0.42100756573791553;-0.004284556835181477;0.019875463665182985;0.21245999766882326;0;4;1577;Сковородино;Skovorodino;0.45634752187804306
13799130;6676343;34;0.01921155716212548;0.0301960959334298;-0.00043309418345981654;0.002038088399076467;0.010256802562626626;0;0;1578;Сковородино-тяговая;Skovorodino-tjagovaja;0.36135861478445913
13827490;6654130;36;0.05399438968387138;0.11263941139832867;-0.0018078779808971563;0.0068462236936838;0.04354788063352086;0;0;1794;Ульручьи;Ul'ruch'i;0.24283568344392312
13890111;6852224;44;0.20367034684563026;0.4253741606013491;-0.005041230838796711;0.026536778491646942;0.15186009094153102;0;4;1625;Тында;Tynda;0.35697095046144034
13890174;6851947;4;0.6970540728811085;0.6992710737001088;0.001673394631729691;0.0014514608991600768;0.003670798224854721;0;1;1625;Тында;Tynda;284.0159077027052
13890190;6852009;4;0.011865607842844407;0.011903498017713397;2.8564993738122694e-05;2.476445170732147e-05;6.27698720153183e-05;0;2;1625;Тында;Tynda;229.04222193333726
13893672;6633603;36;0.0008091224850519631;0.0018065617094860883;-2.9705345722397804e-05;0.00010871025922346524;0.0007650950817515795;0;0;1793;Талдан;Taldan;580.0010160793578
13893684;6633579;36;0.06902255573693562;0.1537108738839349;-0.002526701886498403;0.009246680005753035;0.06521924200865245;0;0;1793;Талдан;Taldan;554.3377795650531
13893772;6633032;36;0.0051615454815802375;0.008960840689416164;-0.00014771113934677196;0.0006147745512010186;0.004480989351505975;0;0;1793;Талдан;Taldan;0.5430036539903265
13893859;6633458;32;0.0007558685930594305;0.0010163150299203345;-1.8660566160726934e-05;7.930571307181167e-05;0.0005358551097035723;0;0;1793;Талдан;Taldan;434.9191189792656
13893873;6633434;32;0.06079235994985206;0.08165243665915622;-0.0014989798006555905;0.006363098560792334;0.043016909318209146;0;0;1793;Талдан;Taldan;414.5960270597568
13897295;7091019;7;0.0062125937487773385;0.009260207632696669;-0.0002209468832432438;0.0027749534369873965;0.0055314673926563016;0;2;1852;ОРУ Нерюнгринская ГРЭС 220 кВ;ORU Nerjungrinskaja GRES 220 kV;330.7130513219834
13897350;7091019;7;0.006178369342897769;0.00914133349630933;-0.0001837061467784125;0.002782575948067467;0.005460415983216906;0;2;1852;ОРУ Нерюнгринская ГРЭС 220 кВ;ORU Nerjungrinskaja GRES 220 kV;309.3130102581024
13897447;7091313;42;0.17996307045819626;0.3609234425710308;-0.003041423004720105;0.02139356481427398;0.07617231025280935;0;4;1852;ОРУ Нерюнгринская ГРЭС 220 кВ;ORU Nerjungrinskaja GRES 220 kV;0.29515148483008213
13898809;7086334;7;0.04335178229437321;0.06456230299147445;-0.0015193151463443906;0.019303813476734766;0.03842258405905424;0;2;1852;ОРУ Нерюнгринская ГРЭС 220 кВ;ORU Nerjungrinskaja GRES 220 kV;5161.638329361721
13898816;7086410;7;0.0424442416333022;0.06456492940152347;-0.0022005718155037684;0.02036437103067353;0.038428776606479045;0;2;1852;ОРУ Нерюнгринская ГРЭС 220 кВ;ORU Nerjungrinskaja GRES 220 kV;5090.2494881032935
13900110;7080650;7;0.009338360350527463;0.013873060516243615;-0.00030752924817367255;0.004177403532366946;0.008286863786480657;0;2;1627;НПС-19;NPS-19;0.37766022851053355
13915190;6856815;9;0.023208441865132635;0.03149004288402177;-0.0015668752942407866;0.007438924640399418;0.01870545434888005;0;2;1795;НПС-20;NPS-20;0.4472049301926453
13951967;7393742;9;0.015532724451393785;0.021543675221531493;-0.0001719852954943203;0.002834120710742123;0.009383783731892248;0;2;1630;НПС-17;NPS-17;0.5287223556275842
13953596;7394157;9;0.08791780675961426;0.11309793274141376;0.0016631424666987687;0.014165396266163425;0.038053514259306906;0;2;1630;НПС-17;NPS-17;1681.5225044422816
13953621;7394169;9;0.0010810270771143644;0.0013918633944426816;2.0279655277817468e-05;0.000174759798663511;0.0004709258416138221;0;2;1630;НПС-17;NPS-17;1708.7205095467816
13953653;7394262;9;0.06163551933474323;0.09583512800552835;-0.0022963082722572197;0.012343193152390672;0.04707134261169745;0;2;1630;НПС-17;NPS-17;1764.8688192456884
13953754;7394145;9;0.05991208539941021;0.08579630866831962;0.004068377134376803;0.00774892658908447;0.031582196997159986;0;2;1630;НПС-17;NPS-17;1832.3639542803087
13957700;6613469;32;0.049514474738355366;0.06711743899414348;-0.001409791461209219;0.0056340396308185645;0.04663692677569664;0;0;1792;Гонжа;Gonzha;0.2891578306838556
13971320;7291638;9;0.15241298620767182;0.21821077227116714;0.010415892244290872;0.019607443635462077;0.07999607766261727;0;2;1629;НПС-18;NPS-18;0.41132912924978865
13973229;7440801;35;0.1448711610113474;0.33080510217600895;0.0030375019405158815;0.022542910781351254;0.16318999931886655;0;4;1631;Нижний Куранах;Nizhnij Kuranah;0.5329848968073032
14005543;6592197;44;0.09716837195868945;0.32136095692697364;-0.0034603720271225045;0.017524294440318142;0.16507916087259833;0;4;1791;Магдагачи;Magdagachi;0.35209136703281213
14048888;6565744;35;0.04132468611173945;0.10079750449166863;-0.0015353160150646213;0.005728361936454257;0.03987205194491256;0;0;1790;Сулус;Sulus;0.17002799688950443
14051367;7456340;10;0.05007339788226399;0.058059517102200656;0.0019710920810002562;0.00392648668670353;0.018724348843493832;0;2;1632;Томмот;Tommot;758.9201681494986
14052125;7456308;9;0.33460939597134165;0.5432572010830514;-0.014734620703260972;0.07125484249052999;0.27551333131779054;0;1;1632;Томмот;Tommot;0.5585922764455243
14060646;6544202;49;0.11189309629037882;0.2932815328056846;-0.004060359442074518;0.0227113648290559;0.15363952489114735;0;4;1789;Ключевая;Kljuchevaja;0.2391046830282884
14075095;6517862;32;0.03760078286225367;0.05811567769175476;-0.0014300836529137152;0.003846739703284654;0.025263082885430686;0;0;1787;Чалганы;Chalgany;0.4591964378817298
14105935;6468167;32;0.0006362344942775118;0.001005439910705351;-2.5476305922250743e-05;6.390483121242989e-05;0.0004077848233632014;0;0;1785;Сиваки-тяговая;Sivaki-tjagovaja;6447.060525679265
14105955;6468189;32;0.04466715845991052;0.0711470481571206;-0.0018657781015199214;0.00447029548512227;0.027218731147633683;0;0;1785;Сиваки-тяговая;Sivaki-tjagovaja;6421.886811223932
14112143;6469906;36;0.011724326876963644;0.030349415104348198;-0.0005315006187574161;0.002229174339896809;0.014091571838166683;0;0;1785;Сиваки-тяговая;Sivaki-tjagovaja;0.12242515948922805
14112561;6851572;40;0.08948424104325685;0.25047166313425;-0.002792971356761253;0.010715708267256506;0.05372518341118185;0;0;1668;Дипкун;Dipkun;0.5306836420735354
14112703;6470001;36;0.06125424671157306;0.3404314758007201;-0.00503805063166662;0.02136836683365524;0.2831307644441615;0;4;1786;Сиваки;Sivaki;120.75049190048819
14112720;6470121;49;0.07690700674080704;0.26037433799684906;-0.0036562030399969426;0.018863378821624508;0.18749538719744757;0;4;1786;Сиваки;Sivaki;0.44776601117890147
14112752;6469978;36;0.001555080130865205;0.008676046951865963;-0.00012825973913988556;0.0005453656620082393;0.00722113794416377;0;0;1786;Сиваки;Sivaki;146.115054986775
14145101;6425481;9;0.018801281630582662;0.02938844127581287;0.0028194124403178584;0.0037615946342185315;0.02100999565582877;0;2;1784;НПС-24;NPS-24;0.3430659550592554
14159403;6640856;46;0.07214289829534834;0.2374126050078654;-0.002445633288318878;0.016012209301304668;0.13728087753791499;0;0;1775;Светлая;Svetlaja;0.39029072443479224
14160622;6418186;36;0.10155968763859742;0.474919960373975;-0.00736799877497777;0.03038206076786256;0.3650747768517246;0;4;1783;Мухинская;Muhinskaja;0.24560457929443202
14167577;6639115;36;0.008968510593815369;0.014262117035267438;-0.00030665513382333167;0.0007922004628189848;0.006333085216792702;0;0;1774;Энергия;Energija;0.5497616671749056
14167577;6641781;36;0.014850937365303959;0.036229154241614825;-0.0006454475488649688;0.0019066261274198605;0.01277591718231835;0;0;1774;Энергия;Energija;2665.5235141025487
14167580;6641774;36;0.017204001507308088;0.033267434729793835;-0.0006468741279355936;0.00181328716807539;0.010508292945040024;0;0;1774;Энергия;Energija;2658.525516227672
14167604;6641778;36;0.010295706166423502;0.015139624650767482;-0.00032453195382697403;0.0009555436079177903;0.00938313183309707;0;0;1774;Энергия;Energija;2662.663191249242
14171859;6641570;53;0.14460629142077133;0.5486468352752126;-0.0037800964033113536;0.04308201704299341;0.5231653035893225;0;4;1886;ОРУ Зейская ГЭС 220 кВ;ORU Zejskaja GES 220 kV;0.22058477048729147
14171859;6641570;53;0.14460629142077133;0.5486468352752126;-0.0037800964033113536;0.04308201704299341;0.5231653035893225;0;4;1918;ОРУ Зейская ГЭС 500/220 кВ;ORU Zejskaja GES 500/220 kV;0.22058477048729147
14182341;6110512;15;0.017023303799803508;0.029313021324203915;0.0011880037712133583;0.0025778956224811007;0.01955323999585756;0;2;1738;Айгунь;Ajgun';0.29270622093577753
14185005;6119792;10;0.03271340493158954;0.05090254613781223;0.004054200179231925;0.005688963258424596;0.03443280166274107;0;2;1739;Хэйхэ;Hejhe;0.4183184059541938
14189139;6834251;40;0.05683153712831215;0.13072165655947604;-0.0018524941560044647;0.0061908685554357985;0.037334524846670124;0;0;1667;Тутаул;Tutaul;0.4035669210843605
14197840;6131510;52;0.06074459241867953;0.2599983719278623;-0.00024318370708874393;0.013258710677146176;0.25786078197566886;0;4;1737;Благовещенская;Blagoveschenskaja;0.5094481800034621
14214341;6374515;54;0.10208222472024825;0.5755914180863606;-0.00398778377799565;0.05312461983186506;0.5440533327541235;0;4;1781;Шимановск;Shimanovsk;0.4312705392335036
14215651;6376031;35;0.0417839872786897;0.06577976584845732;-0.0012171640221888588;0.004384557743301967;0.0342187949828266;0;0;1782;Шимановск-тяговая;Shimanovsk-tjagovaja;0.34104194676008337
14252621;6337865;35;0.000748932990545574;0.0011150073083785743;-2.5367119711057527e-05;6.776124194350518e-05;0.0006637271508333708;0;0;1776;Ледяная;Ledjanaja;3529.719507164482
14252629;6338636;35;0.0006541823397195384;0.003779995449823052;-5.044074074057472e-05;0.0002194399221307388;0.003079523899501015;0;0;1777;Ледяная-тяговая;Ledjanaja-tjagovaja;3636.345998910583
14252641;6338641;35;0.045075093319205894;0.25942349429696626;-0.0034623535936751616;0.015065155138194123;0.21116951036817525;0;0;1777;Ледяная-тяговая;Ledjanaja-tjagovaja;3623.3929967908466
14252658;6337888;35;0.040456505580663125;0.06014056247658214;-0.0013638600955427572;0.003669767130923607;0.035966140032503126;0;0;1776;Ледяная;Ledjanaja;3494.8073688341788
14256092;6339745;35;0.012593120594370451;0.049854362555410744;-0.0007457678803506673;0.0029209604806150116;0.034502376053866524;0;0;1777;Ледяная-тяговая;Ledjanaja-tjagovaja;0.17198363423780666
14256139;6337578;54;0.0511729868703425;0.3008344050603205;-0.0015909193112598136;0.02591980199894404;0.2563762865327597;0;4;1776;Ледяная;Ledjanaja;0.13882722937660505
14257566;6282516;43;0.19323849457021636;0.5444998743952643;-0.006985842339505567;0.02227852624997439;0.1504820871352316;0;4;1748;Амурская;Amurskaja;0.4965410131955353
14259838;6340758;6;0.014289155566791547;0.017180112686661236;0.0010819126149274841;0.002879240237530696;0.011412023180551194;0;2;1779;Восточная;Vostochnaja;2874.1277409919844
14259932;6340661;6;0.007227260881828453;0.008720611599156759;0.0005582057842987446;0.0014861774989366548;0.005886519887100039;0;2;1779;Восточная;Vostochnaja;2867.1624335114116
14261035;6278373;57;0.0023341693644328776;0.00943893213593691;-7.685228530564052e-06;0.0008015274892223041;0.007015983299213706;0;0;1747;Свободный;Svobodnyj;0.288063081861849
14261162;6278337;54;0.07377930536505352;0.31713295484707393;-0.001198537299039898;0.026612744136675165;0.23564164958855444;0;4;1747;Свободный;Svobodnyj;132.1718017589587
14262046;6342598;8;0.008464605878678288;0.012161931391123502;0.0012390519311081488;0.0017097038317060431;0.008180039605248369;0;2;1779;Восточная;Vostochnaja;0.34341639654365624
14266815;6277870;34;0.017157784599247113;0.025125897679881836;-0.0005505996244633352;0.0016024053961843736;0.01530074816306171;0;0;1746;Михайло-Чесноковская;Mihajlo-Chesnokovskaja;0.3804146810454333
14275255;6349416;8;0.011491669556382304;0.01596513874770139;0.0014217007245816812;0.0021675223542072576;0.010594965616084098;0;2;1780;ГПП;GPP;0.270276614595836
14304738;6213222;38;0.11816190942780733;0.2049892250915289;-0.006343159240440884;0.007282895128736638;0.11746339459781277;0;0;1745;Белогорск-тяговая;Belogorsk-tjagovaja;0.1311825076885729
14310985;6128240;26;0.08640682688052809;0.20070058075647412;-0.007653148773775592;0.010163780116065078;0.12388464297291414;0;0;1736;Варваровка;Varvarovka;0.4775146074168304
14311160;6773079;39;0.08948405913448204;0.12773275461724776;-0.0019152530316089455;0.009713627079061237;0.0793465853463014;0;0;1669;Призейская;Prizejskaja;0.29699579064068665
14311993;6213894;57;0.031876975023036026;0.2604117202140444;-0.001561326405559086;0.016926798609752297;0.17242588883308183;0;0;1744;Белогорск;Belogorsk;0.4217700418988166
14312098;6213947;38;0.0761434356505769;0.24386987178124092;-0.0037461901662195693;0.012505515403288488;0.17024368577805998;0;0;1744;Белогорск;Belogorsk;117.53560860286908
14312107;6213951;38;0.035400340534973554;0.051838227769192675;-0.0010896370586201036;0.003947324862821353;0.03100602559826456;0;0;1744;Белогорск;Belogorsk;127.37497513097942
14312141;6213931;38;0.12118597616792402;0.21565099175676933;-0.006781371318765963;0.010366476443519047;0.12885407503134408;0;0;1744;Белогорск;Belogorsk;152.56562879429998
14351674;6323744;42;0.0739054579676414;0.216179877939192;-0.002698785771958793;0.011228673469442556;0.07558454420852156;0;0;1751;Новокиевка;Novokievka;0.628325306870421
14360547;6883741;9;0.04091217849700002;0.06560494577823203;0.006531478217247759;0.009395928339781447;0.047956944171535204;0;2;1664;А;A;0.17234442315413714
14363079;6146815;38;0.13107271208622615;0.2330526489987233;-0.007326394793342539;0.011197048121804148;0.1392543372032765;0;0;1741;Короли;Koroli;0.4603706765583885
14365591;6159005;11;0.03171739418308077;0.045595398839651816;0.002303774273704595;0.005229560357283934;0.02844088722672776;0;2;1742;НПС-27;NPS-27;0.44281130435329913
14375119;6135892;45;0.015731200496977585;0.02792268691084991;-0.0004986231473467574;0.0019923137705987848;0.01877900825626399;0;0;1740;Хвойная;Hvojnaja;0.5138744219538751
14375760;6136966;40;0.13770783181818302;0.24335999579295875;-0.00618872981139865;0.015970677909884292;0.17029335106659857;0;4;1740;Хвойная;Hvojnaja;1250.9232157338968
14375778;6136993;40;0.0018865591100787921;0.0033466331404687546;-8.440975201113301e-05;0.0002123402741159256;0.0023117949256869458;0;0;1740;Хвойная;Hvojnaja;1283.333174379085
14375787;6136421;45;0.1162594722662748;0.3040750778750002;-0.005411648129883132;0.01729038956183221;0.14668429051678936;0;4;1740;Хвойная;Hvojnaja;852.0926212932472
14406024;6093880;39;0.25234842671425695;0.4514073049100889;-0.011449909829290237;0.02854808128796239;0.2805766563936739;0;4;1734;Завитая;Zavitaja;0.11131801625727394
14408728;6609124;36;0.06983989050593495;0.10411994250159344;-0.001937249234177436;0.007833084818201434;0.06807026420621737;0;0;1773;Тунгала;Tungala;0.3789286209191633
14411236;6099025;38;0.05241881823414261;0.09171230110491332;-0.0028616134369649133;0.004351173632528174;0.054544209793975965;0;0;1735;Завитая-тяговая;Zavitaja-tjagovaja;0.14851023520299267
14434094;6087182;6;0.00041297868178415104;0.0004907223924321181;2.8676837230018323e-05;7.721367083090677e-05;0.0003025573983191101;0;2;1735;Завитая-тяговая;Zavitaja-tjagovaja;25743.816517697967
14434098;6087164;6;0.038940187386172664;0.04627958355489411;0.0027081406037320023;0.007289708784078247;0.02856893064129442;0;2;1735;Завитая-тяговая;Zavitaja-tjagovaja;25755.652675591406
14437025;6045728;57;0.1707245288118632;0.38704129572676665;-0.0008135636852085278;0.03253216066071966;0.21016289179792016;0;4;165;Райчихинская ГРЭС;Rajchihinskaja GRES;0.4835920667730788
14438191;6418184;20;0.008145308158660111;0.015561793356346276;-0.00029669080128317805;0.0014030668918737;0.0103281202434908;0;2;1752;Уландочка;Ulandochka;0.5442602764412542
14446037;6412054;20;0.0426728511171648;0.08152423128604121;-0.0015508528305633554;0.007360638626464598;0.05415967916208701;0;2;1752;Уландочка;Ulandochka;9956.739867560947
14446055;6412036;20;0.0004010496367921686;0.0007662142980756119;-1.4608132163507887e-05;6.908264935103572e-05;0.0005085245139550965;0;2;1752;Уландочка;Ulandochka;9982.006626940183
14450108;7004038;9;0.041281794484038466;0.0662503425979033;0.006611164508204383;0.009465416045786997;0.04850133994082324;0;2;1665;Б;B;0.4655526177319963
14468533;6052698;6;0.021462845494875593;0.025503250783175738;0.001490359076383124;0.004012858678265499;0.01572415957501979;0;2;1796;Створ;Stvor;0.07907799846694073
14469053;6051928;5;0.04427145709120793;0.04830988295478399;-0.0008289674015299858;0.0033580082366364544;0.006683415557970487;0;2;164;Нижне-Бурейская ГЭС;Nizhne-Burejskaja GES;0.41637330612809065
14482819;5993642;51;0.1058511379877123;0.2866235339530963;-0.000665034939240832;0.02085990869834671;0.25287340065436287;0;4;1733;Архара;Arhara;0.25215630357148194
14485202;5994416;10;0.21868194307099778;0.31926712811545144;0.011554594615968703;0.04117587129228172;0.11549658675357556;0;4;1733;Архара;Arhara;2505.780771416055
14496776;7930934;9;0.3177807419069987;0.5169741006772739;-0.014086669551168636;0.06787619603450228;0.26254571118617553;0;1;1633;Майя;Majja;0.561456193161717
14500817;6121879;39;0.1272719476919581;0.2886814835747724;-0.009298237662659796;0.019406504160541037;0.2384262965402696;0;4;1743;Талакан;Talakan;0.15352738985790107
14502929;6122584;7;0.006581810201972972;0.011594316609078694;-0.0012139815695867869;0.0013479856120368755;0.006598510763795803;0;2;1797;Талакан-2;Talakan-2;1424.0554826810665
14503290;6123962;10;0.0058262945760441665;0.007805539127090088;0.0003558138472210889;0.0009470796424891534;0.004377556024158766;0;2;1797;Талакан-2;Talakan-2;0.4638477543943911
14504079;6122689;7;0.005408580197621236;0.009530819773570834;-0.0009983674540681232;0.0011083859899582924;0.005426676346782896;0;2;1851;ОРУ Бурейская ГЭС 220 кВ;ORU Burejskaja GES 220 kV;1166.279008083709
14504817;6122744;10;0.007464834216393411;0.00999859707641689;0.0004552246794523099;0.001213343090187866;0.005605536466295271;0;2;1851;ОРУ Бурейская ГЭС 220 кВ;ORU Burejskaja GES 220 kV;441.3963705028351
14504867;6122748;10;0.001861530399914379;0.002613269685271192;0.00015008097386507764;0.000307699466175953;0.001573085664074232;0;2;1851;ОРУ Бурейская ГЭС 220 кВ;ORU Burejskaja GES 220 kV;394.40863212261047
14504868;6122757;10;0.007683214173719989;0.01031555625412552;0.00047613724472928833;0.001249833426732322;0.0058057762275615914;0;2;1851;ОРУ Бурейская ГЭС 220 кВ;ORU Burejskaja GES 220 kV;396.2069228229187
14505244;6122632;21;0.12020037179738845;0.2603567164503616;-0.0016261727320554568;0.031869465939893545;0.20748904367330795;0;4;1851;ОРУ Бурейская ГЭС 220 кВ;ORU Burejskaja GES 220 kV;0.33180001323294583
14521448;7018035;9;0.03776341624328808;0.060541388060631564;0.006023154427447786;0.008676966767367485;0.044235673747891543;0;2;1666;Эльгауголь;El'gaugol';0.48249291162583297
14522530;5979951;4;0.042297137770025486;0.045574154675107434;-0.0026283844284490155;0.002267961165869035;0.006304184122720699;0;2;1732;НПС-29;NPS-29;0.35178620096080065
14544750;5966213;40;0.023079707920885074;0.04223330191184303;-0.0010257341509196328;0.002828492490928179;0.023575933609481223;0;0;1731;Тарманчукан;Tarmanchukan;0.623210953098495
14547168;5967214;40;0.10539133533492122;0.19995487836581438;-0.0045508202525476275;0.01303393740491158;0.10304281144380376;0;0;1731;Тарманчукан;Tarmanchukan;2616.4285732240996
14547185;5967232;40;0.0013775237027359305;0.0026119358043936586;-5.971198624983886e-05;0.00017015538016064283;0.0013288245466151283;0;0;1731;Тарманчукан;Tarmanchukan;2639.039340931358
14547429;5967368;40;0.14698844287373594;0.26332721178023666;-0.0068584299319937436;0.017690287316845202;0.15794107206519348;0;4;1731;Тарманчукан;Tarmanchukan;2916.7915080414127
14547444;5967384;40;0.001548087542861604;0.0027504080351099364;-7.019186585649159e-05;0.00018819747887691428;0.0016465957898936364;0;0;1731;Тарманчукан;Tarmanchukan;2936.912731216647
14566718;6442843;36;0.08851725173309444;0.15030337030340285;-0.0031305397994625265;0.009940633731149659;0.07625941056210896;0;0;1753;Февральская;Fevral'skaja;0.43801827969383567
14586551;5935192;40;0.08252009068967726;0.14916181323889835;-0.00369474046700472;0.010078508117852146;0.08586704051259908;0;0;1730;Ядрино;Jadrino;0.10729222144715604
14593226;5936757;43;0.11364165244741914;0.4021104393963935;-0.0052842111611750555;0.020192212533913886;0.26731182064081255;0;4;1728;Облучье;Obluch'e;0.3709207156052153
14597617;5928606;10;0.011916345510712367;0.016729862506087264;0.0009778877353126968;0.0020211154373937132;0.010236950517962294;0;2;1729;НПС-30;NPS-30;0.4369163908843356
14630291;5936508;40;0.023536653351165754;0.04964422244475231;-0.0009145981293005415;0.0028473650427811837;0.025333538337326076;0;0;1726;Кимкан;Kimkan;0.25746145249086205
14631463;5929868;40;0.0009256010792259601;0.0019516435268367505;-3.598648862147429e-05;0.00011201848191853767;0.0009959822280241834;0;0;1726;Кимкан;Kimkan;6742.512695239141
14631466;5929889;40;0.0637360423148361;0.13737393322324815;-0.0026971992683909804;0.007771945076066771;0.07022680612668092;0;0;1726;Кимкан;Kimkan;6722.357288143872
14631589;5930310;40;0.0008273967540554138;0.0017458005742397246;-3.213320390350492e-05;0.0001000534567331405;0.0008908273073899528;0;0;1726;Кимкан;Kimkan;6332.337338255258
14631592;5930327;40;0.06376082046628619;0.1377272154797524;-0.0027106287778045027;0.007772236230600313;0.07040084124590337;0;0;1726;Кимкан;Kimkan;6316.316721053634
14639054;5931778;10;0.010357914797554834;0.0148219291993112;0.000941435954182706;0.0017559437615041551;0.009167932324128745;0;2;1727;Центральная;Tsentral'naja;0.48577437134564094
14641689;6306115;32;0.06374552988976626;0.09387554694403034;-0.002168321324800142;0.006602720973848589;0.06164417026703174;0;0;1755;Этеркан;Eterkan;0.19737965615315015
14645527;5931853;10;0.020228588501152615;0.02898180344355526;0.001848355311824546;0.0034311352459976945;0.01795162662928282;0;2;1727;Центральная;Tsentral'naja;6473.916695476839
14645532;5931836;10;0.0003342748660221098;0.0004784869939622099;3.0427897548473907e-05;5.6669539377467355e-05;0.0002960323141845795;0;2;1727;Центральная;Tsentral'naja;6478.741699494874
14646638;5929754;10;0.020372485044247695;0.029172205672300288;0.0018566503749709465;0.0034551151309824774;0.018062121676457994;0;2;1727;Центральная;Tsentral'naja;7849.88377885752
14646644;5929728;10;0.0004103270459332728;0.0005870315169188057;3.725269232057758e-05;6.956046519808005e-05;0.00036303696511456667;0;2;1727;Центральная;Tsentral'naja;7862.419842260421
14654690;5966903;32;0.002965200500884634;0.004357119739287662;-0.0001014898280416583;0.000266607189761348;0.0025641808547221187;0;0;1800;Кульдур;Kul'dur;0.5119167286859633
14655217;5966554;32;0.053605926676443455;0.07880904740994585;-0.0018308785128569648;0.004827106510645085;0.04642873340425184;0;0;1800;Кульдур;Kul'dur;632.1964992429175
14655236;5966542;32;0.0005575036491558766;0.0008192060380865754;-1.908166057187114e-05;5.012628358142104e-05;0.0004821057406325987;0;0;1800;Кульдур;Kul'dur;654.6639988993325
14681224;5108498;10;0.021485877606624414;0.027147137967706216;0.00024412917875283222;0.0035373246107043305;0.011614554560647805;0;2;1670;Русская;Russkaja;0.2942603105021408
14682664;5939956;54;0.10400481632884738;0.3337482403842836;-0.0032621521611145665;0.021947128987793656;0.30133618397168815;0;4;1725;Лондоко;Londoko;0.5469102747736166
14685381;5124992;45;0.03463871282775978;0.1658727492114187;-0.0009428342834136683;0.009441385844669255;0.165872749211415;0;0;1803;2Р;2R;0.4772238248531394
14687871;5126079;57;0.04244058723037142;0.1860911168106235;-0.0006566257712569859;0.009829277425286647;0.18609111681062263;0;0;1673;Волна;Volna;0.06655230920786635
14688193;5114869;10;0.017609907129243946;0.02224797544251797;0.00019846198651807636;0.0029002820104873403;0.009512580811810587;0;2;1671;Патрокл;Patrokl;0.5490968021545884
14689757;5216559;57;0.08954732314145232;0.36757634730111405;-0.0015093618785517262;0.020672435110440517;0.36757634730111344;0;4;1688;Уссурийск-2;Ussurijsk-2;0.32672266382875137
14691096;5120906;11;0.04348851808745728;0.055617584579077825;0.0006493361278083502;0.007203660289878655;0.0239163936331354;0;2;1672;Зелёный Угол;Zelenyj Ugol;0.589216176150372
14691394;5116640;51;0.03945290060063304;0.17226421974538686;-0.0012783733630438586;0.012827081653926632;0.1722642197453832;0;0;160;Владивостокская ТЭЦ-2;Vladivostokskaja TETs-2;0.40203234824345574
14691970;5944596;40;0.03783559484370233;0.1003052726487347;-0.00106266811687523;0.004365772321147899;0.03075767655597672;0;0;1724;Лондоко-тяговая;Londoko-tjagovaja;5565.013005749421
14691977;5944616;40;0.0006447019454255209;0.0017249744447654888;-1.8228598993044136e-05;7.489279081706907e-05;0.0005339360629352525;0;0;1724;Лондоко-тяговая;Londoko-tjagovaja;5579.253097015792
14692228;5944181;40;0.0378458841866539;0.10042346967655852;-0.001062645743440392;0.00437451879275017;0.03084003167448862;0;0;1724;Лондоко-тяговая;Londoko-tjagovaja;5077.241899768019
14692235;5944201;40;0.0006354521304580824;0.00170177264480976;-1.7961910528255085e-05;7.394594215802652e-05;0.0005275371681813241;0;0;1724;Лондоко-тяговая;Londoko-tjagovaja;5091.570747339181
14692356;5119184;40;0.027798396693535454;0.10833178021839893;-0.0012669720906562214;0.008923580856183872;0.09715822085471193;0;0;1672;Зелёный Угол;Zelenyj Ugol;2133.172950036774
14693406;5120080;40;0.08123765515941145;0.3297695316675519;-0.0034419132000771944;0.026073025000227342;0.2953351735116823;0;4;1672;Зелёный Угол;Zelenyj Ugol;2452.6912190419366
14694631;5939708;40;0.014603381099822944;0.03909001270383798;-0.00041284606536646585;0.0016978259251030643;0.012108228194370674;0;0;1724;Лондоко-тяговая;Londoko-tjagovaja;0.46963331218073734
14704841;5148879;45;0.08572919779800256;0.3437527513064282;-0.001665577118634746;0.020873163850115707;0.34375275130642735;0;4;1674;Аэропорт;Aeroport;10528.365885062438
14711152;5167043;12;0.0804031148969047;0.10736170057793286;0.0024199307537948124;0.014102612761324667;0.04657263782189017;0;2;1675;Владивосток;Vladivostok;0.6298648246738562
14713014;5155516;11;0.0287216751325989;0.03567408004640139;-3.064101270454887e-05;0.004519490865789728;0.015113728917745081;0;2;1674;Аэропорт;Aeroport;0.231243530083874
14715550;6088350;36;0.0015726184091131535;0.002586748562956125;-4.6343711989078656e-05;0.0001444156742399032;0.0013567492270167905;0;0;1772;Тырма;Tyrma;0.510221617930818
14715666;6088299;36;0.07046253920025447;0.12117002945116233;-0.0021503119165855967;0.006606898840355598;0.06031602422779972;0;0;1772;Тырма;Tyrma;127.21742068618524
14715674;6088297;36;0.00035289500926340996;0.0005804654535369755;-1.039951241630558e-05;3.2406825713946674e-05;0.00030445404190971784;0;0;1772;Тырма;Tyrma;135.35392615671265
14728441;5153591;57;0.091334822645728;0.45904119946138533;-0.0013468771618682773;0.031350303935218385;0.40581474201059126;0;4;161;Артёмовская ТЭЦ;Artemovskaja TETs;0.4041918507911639
14732875;5120025;48;0.09309285631231179;0.4321836362017569;-0.003815393200675704;0.027889052433235934;0.3853714495609766;0;4;1676;Береговая-2;Beregovaja-2;0.3641184552773613
14733345;5119615;5;0.028054138140566648;0.03226585909105504;-0.0012671621741438077;0.0030212276940610903;0.0074504746282286725;0;2;1677;Звезда;Zvezda;0.3902815639715652
14737591;5256177;40;0.1402287736493833;0.28133516762168265;-0.0040198911819979005;0.020824315442422955;0.11421816963887484;0;4;1689;Дальневосточная;Dal'nevostochnaja;0.3868890412289946
14746376;5937623;42;0.013175758980403114;0.044255306263431965;-0.00046640159178213623;0.0017926031138937681;0.012003892176740364;0;0;1723;Бира;Bira;0.3989745969418091
14748246;5939966;42;0.05248425681137053;0.18040351003494676;-0.001872850779357276;0.0072234890552346056;0.04677560698598858;0;0;1723;Бира;Bira;2998.0781876670485
14748261;5939985;42;0.0007394327009034912;0.0024817823812721767;-2.6158723665724586e-05;0.0001005978103807981;0.0006740793712000457;0;0;1723;Бира;Bira;3022.2852965868074
14749183;5939793;42;0.05261705475482278;0.18103659367452726;-0.001879349608530978;0.007240888617648001;0.04684385871758624;0;0;1723;Бира;Bira;3548.233730232565
14749192;5939807;42;0.0006180172132687099;0.0020771434306920385;-2.188828847207895e-05;8.408619400081828e-05;0.0005627564235029111;0;0;1723;Бира;Bira;3563.9215808376057
14757866;5094736;31;0.05379094867086589;0.41268949699677654;-0.0005058440259886617;0.03143947259428655;0.3660063483006023;0;4;1678;Перевал;Pereval;0.5393264049300952
14775265;5281302;10;0.04301154204964745;0.05467174541123972;0.0007163270756035129;0.006963846913165339;0.02399483296527774;0;2;1690;НПС-40;NPS-40;0.40948832759375003
14777992;5312444;46;0.026962653136883598;0.055398168113741014;-0.0009276631889431241;0.003950555472321043;0.0201206258817364;0;0;1691;Новая;Novaja;0.47534648527135714
14780118;5223296;10;0.04437865219639671;0.0564109990312465;0.000740241639460492;0.007184980612049823;0.02476233962673034;0;2;1693;НПС-41;NPS-41;0.5453240960068466
14781566;6239944;36;0.08411477742002965;0.17544976846068042;-0.002930498139576308;0.009067425382534253;0.07108932153932856;0;0;1756;Ургал;Urgal;0.46733663433831546
14784514;5317902;57;0.08306492007711226;0.3657568426087338;-0.0014781554485100493;0.020767267473408572;0.36575684260873287;0;4;1692;Спасск;Spassk;0.4873602360306284
14788124;5073023;48;0.08903418563968207;0.4318983066174068;-0.0031490670785167363;0.027044724467182195;0.3815595776605624;0;4;1679;Широкая;Shirokaja;0.5139862367117001
14794648;5911150;56;0.08206111564827367;0.32936336950643585;-0.0022219675915308057;0.019309306320531308;0.329363369506435;0;4;1722;Биробиджан;Birobidzhan;0.4527176694155592
14811408;5095710;9;0.080999783091302;0.10881137457610982;0.0043678031159013345;0.017468326327297147;0.04731189545851876;0;2;1681;Лозовая;Lozovaja;0.677282574490596
14813848;5352131;19;0.034251555299132985;0.048895499167591824;0.0011964662991264016;0.004695571779669065;0.021230749246113886;0;2;1695;Свиягино;Svijagino;0.3827086750904195
14815788;5077338;6;0.03260894593367427;0.04056730583891804;0.0016108630106871692;0.006395677718592915;0.017584021729893456;0;2;1680;Козьмино;Koz'mino;0.2896605273572539
14818722;5899023;42;0.005254460436377349;0.01607053621097431;-0.00011765183843793318;0.0010739565828510862;0.011653932601462181;0;0;1721;Икура;Ikura;0.49689170726026455
14819262;5898892;42;0.04264894834629957;0.12973274476803753;-0.000946430757766893;0.009001510338437144;0.09903385617744002;0;0;1721;Икура;Ikura;555.5673299460813
14819283;5898898;42;0.0005977574061139259;0.001863760341736603;-1.2027576133880765e-05;0.00012906532224511868;0.00157949812940653;0;0;1721;Икура;Ikura;574.6711608419793
14819527;5898861;42;0.04423876245320998;0.12988517664297694;-0.0011367926081430777;0.008267663787085182;0.06886775979494407;0;0;1721;Икура;Ikura;821.0627225153598
14819550;5898864;42;0.000636619847504973;0.0019220609229665963;-1.5207586578018692e-05;0.00012496652830784667;0.0012293800401362185;0;0;1721;Икура;Ikura;843.0563381556415
14820198;5111814;14;0.05520482012142811;0.07210922991947309;0.0007557305350503512;0.007042247731080947;0.03160199115942035;0;2;1682;Партизанск;Partizansk;0.34646923058529916
14820550;5111660;60;0.06422815108405355;0.3092729388097075;-0.0001293928548462288;0.020857986692574746;0.2724750757725097;0;4;186;Партизанская ГРЭС;Partizanskaya GRES;0.23688013779103392
14832043;5251213;33;0.057117880469243355;0.13869807764027903;-0.0019117239806052593;0.009097419248904805;0.056275007269109084;0;0;1694;Арсеньев-2;Arsen'ev-2;0.3213036532150942
14851368;5442044;19;0.0086690789104575;0.012362177875533802;0.00029987312562414393;0.001188731433102565;0.005379730487301347;0;2;1698;Ружино;Ruzhino;0.4842510234916724
14853036;5440107;56;0.10338606887071292;0.2615961408631892;0.00038213712690173327;0.01910539161169125;0.10337166528878403;0;0;1697;Лесозаводск;Lesozavodsk;0.5128686472898295
14858262;5387194;48;0.06993592718052431;0.14297465655238892;-0.001988755823696062;0.010008884874432014;0.0593893157069396;0;0;1696;Кировка;Kirovka;1209.8584420568734
14859458;5387013;48;0.006049396722877238;0.01190650998680539;-0.00015441449739727337;0.0008554936930086722;0.004797767999253591;0;0;1696;Кировка;Kirovka;0.26347199084028294
14868766;6178082;31;0.0601491403934007;0.08828390713528286;-0.001985466870764763;0.006339404496653067;0.05439258062406874;0;0;1757;Сулук;Suluk;0.5029083529307635
14871759;5436265;11;0.050593827228731465;0.2695011827807488;0.009506299851094987;0.05059507217299949;0.2695011827807478;0;4;1697;Лесозаводск;Lesozavodsk;19112.701798111106
14884746;5502079;57;0.005565870449131323;0.013789037832792627;8.988218987231637e-06;0.0014781999045621243;0.00980215168899373;0;0;1700;Иман;Iman;0.594395322893339
14885169;5501284;51;0.06772768775935513;0.14534733333242492;-0.0009956715048596882;0.019414476432464047;0.13104582705875384;0;0;1700;Иман;Iman;900.2836175928974
14885173;5501419;44;0.000660214583091181;0.0014396322308245452;-1.3557008879769694e-05;0.00011575965672992855;0.000596272803861772;0;0;1700;Иман;Iman;785.885372370618
14885177;5501437;44;0.0641293727455262;0.14440996613856374;-0.0015306116557524362;0.011337995069082361;0.06007494068089697;0;0;1700;Иман;Iman;773.0664205009158
14886199;5475933;10;0.05477412119494688;0.06981837334351168;0.0010448596947921845;0.008834683017338925;0.031027200485025313;0;2;1699;НПС-38;NPS-38;0.09931041967814272
14892637;5878167;40;0.1972121399207958;0.47256875011043076;-0.004524220754587483;0.023958422717820307;0.17919028426787476;0;4;1917;Хабаровская;Habarovskaja;0.34320005641519075
14892637;5878167;40;0.1972121399207958;0.47256875011043076;-0.004524220754587483;0.023958422717820307;0.17919028426787476;0;4;1718;Хабаровская;Habarovskaja;0.34320005641519075
14892898;5878133;11;0.0010342142197186446;0.0028203830406885073;-4.622567577576497e-05;0.0003862456534632757;0.0022886281976476647;0;2;1917;Хабаровская;Habarovskaja;263.54554556154255
14892898;5878133;11;0.0010342142197186446;0.0028203830406885073;-4.622567577576497e-05;0.0003862456534632757;0.0022886281976476647;0;2;1718;Хабаровская;Habarovskaja;263.54554556154255
14892940;5877928;11;0.0002904451334889078;0.0007920665884533813;-1.2981858415130258e-05;0.00010847188932494798;0.000642730403139283;0;2;1917;Хабаровская;Habarovskaja;386.1838958130105
14892940;5877928;11;0.0002904451334889078;0.0007920665884533813;-1.2981858415130258e-05;0.00010847188932494798;0.000642730403139283;0;2;1718;Хабаровская;Habarovskaja;386.1838958130105
14892942;5877953;11;0.04029185361799151;0.10979441801542432;-0.0017951012776300141;0.015044729839827669;0.08908021679183817;0;2;1917;Хабаровская;Habarovskaja;372.8677837857405
14892942;5877953;11;0.04029185361799151;0.10979441801542432;-0.0017951012776300141;0.015044729839827669;0.08908021679183817;0;2;1718;Хабаровская;Habarovskaja;372.8677837857405
14894250;5878941;38;0.007751838785503923;0.010411536584901824;-0.00016080201615836667;0.000764411731408641;0.005582695761497866;0;0;1719;Ин;In;0.34734608143318735
14902823;5263951;60;0.032914449125578095;0.22212450576806048;0.00028171702590201107;0.009194814516352208;0.16362873765644714;0;0;1684;Чугуевка;Chuguevka;0.39420299035593603
14903668;5264240;27;0.07896344587789078;0.22480772589551307;0.01043767083286745;0.013552750435961295;0.15298373974222404;0;0;1684;Чугуевка;Chuguevka;892.7709875435544
14904765;5264878;16;0.10798386162545791;0.15203083657578578;0.0032782614575624595;0.01701700158087232;0.0669337572284545;0;2;1683;Чугуевка-2;Chuguevka-2;0.2792219193348512
14912143;5543018;21;0.03481722649170029;0.05216905268522177;0.0013542738721130496;0.005132883757062147;0.023106555386418967;0;2;1701;Губерово;Guberovo;0.27591855882913285
14945448;5625185;23;0.0391898136443989;0.06232723257580877;0.0018346270594019796;0.006023818287704047;0.02672773952714015;0;2;1702;Бикин;Bikin;0.49061439098771364
14949250;5578628;47;0.18032691361371697;0.3695288950367583;-0.0035336043266406473;0.03374933177959383;0.16543230114967472;0;4;162;Приморская ГРЭС;Primorskaja GRES;0.3354417409857479
14949492;5578371;4;0.23013880525479552;0.3682265726103237;0.09708384339183875;0.2119697134785603;0.3430849661607671;0;1;1913;Лучегорск;Luchegorsk;0.34005471580735747
14950904;5677276;23;0.020381191796280087;0.03231051784266517;0.0009299833771602943;0.00309499684588211;0.014020813603052708;0;2;1703;Розенгартовка;Rozengartovka;0.45795065415481234
14969703;5874755;56;0.06603112219008213;0.3152484522455535;-0.0016145668389867813;0.01649272960622564;0.31524845224555276;0;4;1717;Волочаевка;Volochaevka;0.3447118212048905
14970753;5687232;23;0.03484866121635906;0.05513193273510432;0.0015269659763526091;0.005185727371127452;0.02464189039201648;0;2;1704;НПС-36;NPS-36;5731.433561741488
14970833;5687637;23;0.024568274385477235;0.03908533243407678;0.001163151288288126;0.003810405767959992;0.01661130994448025;0;2;1704;НПС-36;NPS-36;5323.514559354324
14972684;5692628;10;0.05981342217396164;0.07920487056067228;0.002652342844964547;0.011735871990358701;0.037366036897224036;0;2;1704;НПС-36;NPS-36;0.4570241325472082
14987427;6246255;36;0.07100369525656472;0.12841532981809603;-0.0021668046289217975;0.007557217985678928;0.05725108089188325;0;0;1758;Джамку;Dzhamku;0.5954524332916211
14989106;5721588;24;0.05503667476077956;0.08984706991841208;0.0026977655141038445;0.008765078353605868;0.03966852653373498;0;2;1705;Аван;Avan;0.11987435273189642
15015729;5925067;4;0.04054118318757075;0.043850002752464874;-0.0026020245661174655;0.0023030129174375726;0.006326239507263784;0;2;1799;НПС-1;NPS-1;1311.736326443988
15015884;5925290;4;0.025982221581799702;0.028083286042691686;-0.001664286360424635;0.0014593234664566981;0.0040262874441978486;0;2;1799;НПС-1;NPS-1;1366.6239344136056
15016723;5924212;4;0.006543943104635134;0.0070752575779452105;-0.0004193532443288946;0.0003694298470749335;0.0010169683520155088;0;2;1799;НПС-1;NPS-1;0.6093535593767581
15018204;5761753;25;0.005213066405922106;0.008212727296532319;0.0002097909944980219;0.0007409197469844905;0.005147304513204621;0;2;1706;Дормидонтовка;Dormidontovka;0.5048281790002466
15018306;5872100;40;0.004996113026753002;0.007480426829879666;-2.805795025509274e-05;0.0006611612979950301;0.0038571261112600435;0;0;1716;Левобережная;Levoberezhnaja;0.40667123254788057
15018775;5871221;40;0.04739949454239543;0.1421673191567598;-0.0012288996877663372;0.006357828310075858;0.07227452521757094;0;0;1716;Левобережная;Levoberezhnaja;996.6763440474726
15018847;5871263;40;0.019152521355823272;0.0375655630710845;-0.00022252557168294068;0.0033930880180677906;0.026063759397906;0;0;1716;Левобережная;Levoberezhnaja;997.0117670238992
15019089;5761125;25;0.02573239320867404;0.04310430104673759;0.00129504419676827;0.004121105197941384;0.01957852316401765;0;2;1706;Дормидонтовка;Dormidontovka;1084.7102294401607
15019095;5761182;25;0.038194523121415073;0.04790292618776262;6.372841530518504e-05;0.004397748612562895;0.020511496873837413;0;2;1706;Дормидонтовка;Dormidontovka;1057.8065646668401
15023537;5782120;45;0.07814676670000387;0.2308610187247194;-0.0027587219997081106;0.01760468520904476;0.128084066243825;0;0;1707;Гидролизная;Gidroliznaja;0.24445879132098983
15037465;5874287;6;0.018004014473130273;0.02168812186960983;0.0010352750305528632;0.0033066626181319342;0.011133755578992231;0;2;1715;Амур;Amur;0.3620944639628858
15037937;5809368;28;0.02060131084702325;0.05611042076634776;0.00015409476430136348;0.004406231772430653;0.025087636119896825;0;0;1708;Кругликово;Kruglikovo;2663.4284078091514
15037951;5809390;28;0.02420854952332772;0.030330687998436273;9.628893190592082e-05;0.003487904329528322;0.015959436651755497;0;0;1708;Кругликово;Kruglikovo;2648.8344112693608
15037963;5809393;28;0.05364391513354685;0.1501740874732496;-0.0015032921214535148;0.0084240077476542;0.04443258703621408;0;0;1708;Кругликово;Kruglikovo;2636.7695445610493
15037974;5824940;39;0.09724094392613425;0.2339395583529215;-0.005354621605288865;0.01644989359909855;0.14312695526553865;0;0;1710;Хехцир;Hehtsir;0.4325202635026829
15038525;5825216;15;0.0972988590343337;0.1365999335281696;0.003086617967934888;0.012811246020168143;0.0669566686086366;0;2;1709;Хехцир-2;Hehtsir-2;0.3543764245984038
15039136;5869645;56;0.08017241555508685;0.3685221386270546;-0.0026367786144716487;0.026358316530689537;0.17578983577200005;0;4;1714;РЦ;RTs;0.14519796907383295
15039876;5273715;60;0.09518902408206284;0.25847573931430573;0.0009524330576527077;0.01653442279550438;0.13861692385402907;0;0;1685;К;K;0.5335617389001542
15040599;5809451;28;0.009149850374154306;0.020440997368376346;3.909600552617391e-05;0.0015666609950196067;0.007702554907409209;0;2;1708;Кругликово;Kruglikovo;0.3772567446240852
15042706;5964088;33;0.06824604526295175;0.10384100898077843;-0.0028524804542516677;0.007881658311020166;0.05461765631220282;0;0;1771;Литовко;Litovko;7377.837579085612
15042710;5964097;33;0.08767133802860262;0.12769796995308821;-0.0029958235464092524;0.00902732884185201;0.06761500902766057;0;0;1771;Литовко;Litovko;7368.1059504303985
15042723;5964072;33;0.05124463273778006;0.07443712381865188;-0.0018140826499258985;0.005452578506577462;0.039887012647159714;0;0;1771;Литовко;Litovko;7382.111056802634
15045091;5876681;35;0.05950324656987257;0.10548183400701573;-0.0015099730890280343;0.009418658038840762;0.049064847023462435;0;0;163;Хабаровская ТЭЦ-3;Habarovskaja TETs-3;0.3287715898181676
15046703;5970289;33;0.015247264275705384;0.021270829585492198;-0.00040643131352298835;0.0014074692345736133;0.011274677307666526;0;0;1771;Литовко;Litovko;0.2972568769442089
15049183;6007897;4;0.07873985619283966;0.0849046762124316;-0.0049217393405167;0.004268098061483945;0.011854985893915926;0;2;1770;НПС-2;NPS-2;0.33244074697619297
15050290;5875432;35;0.01570985248738805;0.02260271577581503;-0.0001276537501094653;0.0022303487708567977;0.010702119613502164;0;0;163;Хабаровская ТЭЦ-3;Habarovskaja TETs-3;5347.231567948906
15050304;5875415;35;0.0005413830434174996;0.0007799665757434311;-4.4179044503544404e-06;7.664355593429982e-05;0.0003681624599624112;0;0;163;Хабаровская ТЭЦ-3;Habarovskaja TETs-3;5364.831415885246
15050310;5875452;35;0.000778231570716105;0.0015320501883594377;-2.681877577348162e-05;0.00011443542918117246;0.0007110824859948817;0;0;163;Хабаровская ТЭЦ-3;Habarovskaja TETs-3;5362.061188131775
15050312;5875445;35;0.0005645260793144683;0.0008133085776408684;-4.60676097722151e-06;7.991991375123087e-05;0.0003839006644193475;0;0;163;Хабаровская ТЭЦ-3;Habarovskaja TETs-3;5365.616077662393
15050326;5875472;35;0.0428818207793174;0.10770559589321181;-0.0026357717731134577;0.007742909542100705;0.049989052113200344;0;0;163;Хабаровская ТЭЦ-3;Habarovskaja TETs-3;5373.1011828616265
15050346;5875447;35;0.000868062833568611;0.0017088947271220846;-2.9914466807545508e-05;0.00012764470969002105;0.000793162730632621;0;0;163;Хабаровская ТЭЦ-3;Habarovskaja TETs-3;5398.249923009214
15054149;6001785;4;0.025124267064031695;0.02707912452314803;-0.0015675216956951745;0.00135176666947544;0.0037641298280390277;0;2;1770;НПС-2;NPS-2;7875.161525561971
15063509;5875215;9;0.031824313741819044;0.04095541969552696;0.0012806884375989064;0.005525567017705557;0.020006204870181236;0;2;1713;НПС-34;NPS-34;2582.6560859773635
15063605;5875283;9;0.01527725602426088;0.01976580243456054;0.0006638993043481883;0.002635806627857175;0.00972462782694151;0;2;1713;НПС-34;NPS-34;2480.4342624701158
15063644;5875236;9;0.03469761169052946;0.04464857931756887;0.0013966216702918366;0.006024711498376955;0.021824654113286567;0;2;1713;НПС-34;NPS-34;2446.1748808365655
15066076;5875498;9;0.01119215787726046;0.014395750647131675;0.00044535704323537195;0.0019447802557266845;0.00701677432492576;0;2;1713;НПС-34;NPS-34;0.24255679894033097
15071090;5294157;50;0.002164832371557433;0.005078457703621941;-2.5876827767570547e-05;0.0003737131833968441;0.0029610155691478695;0;0;1798;Высокогорск;Vysokogorsk;0.1941080604884963
15071158;5294320;50;0.041702170431900304;0.09788843608372881;-0.00048815294114184214;0.007189759411252936;0.055934269624127585;0;0;1798;Высокогорск;Vysokogorsk;176.58484498369387
15079042;5863137;22;0.003653342848146721;0.0049576891248149174;-8.480302146103324e-05;0.00036113345015620157;0.0020287081759099972;0;2;1711;Князе-Волконка;Knjaze-Volkonka;0.45138481325446617
15079069;5862583;22;0.04157408364708717;0.05582191659848016;-0.0008941342129907443;0.00416958928956831;0.023447494181581516;0;2;1711;Князе-Волконка;Knjaze-Volkonka;554.2801062169668
15086972;5313124;60;0.035267005882028926;0.11048429920887332;0.0005615521614871822;0.006771851562553996;0.04799824759457694;0;0;1686;Горелое;Goreloe;0.5235547733670496
15086972;5313124;60;0.035267005882028926;0.11048429920887332;0.0005615521614871822;0.006771851562553996;0.04799824759457694;0;0;1801;Горелое;Goreloe;0.5235547733670496
15106268;6329597;40;0.07237029073855941;0.1940819982252216;-0.001796286967655601;0.011045968699427818;0.11002053868683695;0;0;1759;Березовая;Berezovaja;0.26802242578284224
15172182;6074121;4;0.046070519267591384;0.049673239998400114;-0.002877949557479085;0.002493852058852506;0.006929326746677386;0;2;1769;НПС-3;NPS-3;23531.291354472833
15172342;6074214;4;0.04831187829579653;0.05207967636703184;-0.003011589458107299;0.0026073706267687735;0.0072490804046349555;0;2;1769;НПС-3;NPS-3;23427.223525959875
15173920;6097588;4;0.02683117977004707;0.02892511356269098;-0.001673837437133468;0.0014490875432255125;0.004028472540899098;0;2;1769;НПС-3;NPS-3;0.30681188085235955
15214321;6255533;39;0.06409209036975996;0.10368989819521483;-0.0015128804071449483;0.007121715731280027;0.04847027553265042;0;0;1760;Горин;Gorin;0.11752059364176175
15236655;6156675;37;0.10270365155619658;0.1392224074075713;-0.0020063179330262193;0.010634475647338947;0.07362982139409308;0;0;1764;Комсомольская;Komsomol'skaja;0.5830469107738803
15242871;6184336;40;0.13192589401935323;0.48042554551140143;-0.004465095566191495;0.019779638279692955;0.2563409464919464;0;4;1761;Старт;Start;0.37265096254993474
15246557;6169273;36;0.027495378735715965;0.03790655030038025;-0.0006447676320499035;0.002642031727367026;0.019933832963976546;0;0;1763;ГПП-4;GPP-4;5114.496579288965
15246565;6169271;3;0.011462964112451783;0.013038379847020703;-0.0009085304997847827;0.0020006557043527025;0.0029091862041373887;0;2;1763;ГПП-4;GPP-4;5111.732068248349
15246565;6169298;3;0.031072816198304643;0.03495545434858104;-0.002140988022454359;0.005224950383466683;0.007365938405920855;0;2;1763;ГПП-4;GPP-4;5138.60806956111
15247056;6164183;36;0.022155712918905654;0.03173494585575336;-0.0003837000992106689;0.0024363301369271805;0.01668575949241624;0;0;1763;ГПП-4;GPP-4;0.3981915378808905
15256985;6163981;33;0.0210820934740564;0.0298769335520095;-0.0005906121585119826;0.0019565428921272257;0.01571443863731479;0;0;1762;Парус;Parus;0.4458317709914305
15309414;6136435;40;0.06827236482074595;0.13623182563317215;-0.001034900975586439;0.008970906307433172;0.06980294010405938;0;0;1765;Селихино;Selihino;0.42686766243893565
15412739;6132359;16;0.04042418323817845;0.07586878340712618;0.00017481750224177477;0.007370813419070253;0.04091740410900216;0;2;1766;Уктур;Uktur;0.5160584480042301
15486047;6096027;35;0.08158808552606185;0.12652321115891213;-0.0018118496580752379;0.008914972409283642;0.0543097875062152;0;0;1767;Высокогорная;Vysokogornaja;0.21327583143683174
15613228;5953875;31;0.06843622441488757;0.09649115271692453;-0.0016133185516216493;0.006894829631547809;0.04661826473468878;0;0;1768;Ванино;Vanino;0.34163986928741524
15809137;5716629;50;1.5080652973788555e-15;4.18205325736518e-15;1.256516375199671e-17;7.82452658632182e-16;3.2979174855425535e-15;0;0;1834;Чеховская;Chehovskaja;0.4541517023118704
15813858;5663999;52;1.6404950028613861e-15;4.753573941390196e-15;1.93427864604448e-17;8.387593991012541e-16;3.7678822058411154e-15;0;0;1836;Холмская;Holmskaja;0.21229564039239013
15817206;5760833;49;1.3769648617796283e-15;3.94443337551773e-15;1.4518784172626862e-17;7.461433248808668e-16;3.1440168161930637e-15;0;0;1833;Томаринская;Tomarinskaja;0.4434642249252549
15819399;5854539;46;1.6770016482147543e-15;5.071865714067461e-15;2.828556729939696e-17;9.298421761174058e-16;4.078589611257567e-15;0;0;1831;Красногорская;Krasnogorskaja;0.3736870339152729
15831650;5930771;51;1.742802559767267e-15;5.4461591785910434e-15;2.962460477092438e-17;9.197863861401185e-16;4.3750765521882874e-15;0;0;1830;Краснопольская;Krasnopol'skaja;0.26862888576941113
15831733;5792772;46;2.5443571638207436e-15;7.88914271060564e-15;5.073071242666349e-17;1.4553936738510686e-15;6.311229895292973e-15;0;0;1838;Ильинская;Il'inskaja;0.3177955639821349
15880634;6109300;16;2.706876962607897e-17;4.405836805491406e-17;-2.9007044149061437e-19;8.992009727637943e-18;2.687891651141563e-17;0;2;1828;Онор;Onor;102.82627976240083
15880657;6109308;16;2.0282156774137925e-15;3.32767023933035e-15;-4.1961832905671953e-17;8.046710580555115e-16;1.671908136241861e-15;0;2;1828;Онор;Onor;78.47569311505062
15880731;6109333;16;4.584705435950742e-17;7.08718192986524e-17;-8.842971628729417e-19;1.671135126410236e-17;3.9529017685255783e-17;0;2;1828;Онор;Onor;0.3842007914361399
15883552;6206009;43;1.8778504407257326e-15;5.497014050934782e-15;-1.0811309394877985e-18;9.577554367111792e-16;4.430398176568851e-15;0;0;1827;Тымовская;Tymovskaja;0.2619054234790357
15883980;5698441;55;1.6132670628414748e-15;5.220518237335864e-15;3.2411966050654427e-17;8.692938418465876e-16;4.166216717969185e-15;0;0;1835;Углезаводская;Uglezavodskaja;0.0872268893188422
15888604;5653286;55;1.4445613701230792e-15;4.4940818424529026e-15;2.6957915235345136e-17;7.360332716067698e-16;3.559000748611268e-15;0;0;1837;Южно-Сахалинская;Juzhno-Sahalinskaja;0.29342380402201945
15893530;5884466;49;1.848994918326974e-15;5.691766144952279e-15;3.0515887311469394e-17;1.0339899215915459e-15;4.555937979595044e-15;0;0;1832;Макаровская;Makarovskaja;0.21890009018286277
15898499;6044891;32;2.6317982481230564e-15;7.182400430069419e-15;-5.100716697926999e-17;1.4021511713706447e-15;5.804946290544103e-15;0;0;1829;Смирных;Smirnyh;0.4900350325271434
15914719;5935078;53;2.092322722271779e-15;6.756054375942607e-15;4.121853004040149e-17;1.1194298682815122e-15;5.449169969354156e-15;0;0;184;Сахалинская ГРЭС;Sahalinskaja GRES;0.2580447264353747
16386313;8152509;45;0.005344090736035957;0.24048408312153963;-0.0006020023161145049;0.01093109468734367;0.24048408312153932;0;0;181;Аркагалинская ГРЭС;Arkagalinskaja GRES;0.630678125507812
16495846;8111326;45;0.008277364396574016;0.3724813978457069;-0.0009324303766888234;0.01693097262935182;0.3724813978457064;0;4;1815;Берелех;Bereleh;0.16639161561315527
16654249;8062767;45;0.009932073417192593;0.4469433037735111;-0.0011188304047030774;0.02031560471697969;0.4469433037735107;0;4;1816;Ягодное;Jagodnoe;0.6167011674295342
16658588;7825347;37;4.041900095202756e-15;1.1645215605700446e-14;7.340949160879945e-17;2.441302845085239e-15;9.210455896368844e-15;0;0;1822;Усть-Омчуг;Ust'-Omchug;0.4679846686617442
16672610;7935844;37;5.746760908639393e-16;1.5707710460757604e-15;4.2539706815695704e-18;3.411291175648606e-16;1.252151919545355e-15;0;0;1821;Нововетренный;Novovetrennyj;0.21962208347281623
16678098;7934897;37;2.6742410399475483e-15;7.71583501494096e-15;2.17603333111154e-17;1.6635892650329249e-15;6.2828029127378464e-15;0;0;1821;Нововетренный;Novovetrennyj;5568.899948180136
16678108;7934903;37;1.5022561548853308e-15;4.8252204068411365e-15;1.545346812105837e-17;9.995827622377072e-16;4.0639572048999665e-15;0;0;1821;Нововетренный;Novovetrennyj;5577.739135173027
16678128;7934887;37;2.2681950284444816e-15;6.085925243890974e-15;1.6525408271254253e-17;1.3302877973999018e-15;4.768519403918949e-15;0;0;1821;Нововетренный;Novovetrennyj;5600.165567270376
16744222;7981748;40;3.151974854925198e-15;1.0071470622045897e-14;1.8241683603527207e-17;1.985775100307823e-15;8.508373338740103e-15;0;0;182;Колымская ГЭС;Kolymskaja GES;0.34738716055048524
16759012;7987037;26;6.570199300374204e-16;2.0272146117597097e-15;1.1128241896354638e-17;5.114639902902624e-16;1.7040101265710104e-15;0;2;1818;Электрокотельная;Elektrokotel'naja;0.3704395358009579
16760438;7988094;42;0.00026030939797223683;0.010932994714814877;-3.632224157745498e-05;0.00026665840767868835;0.010932994714814084;0;0;1817;Синегорье;Sinegor'e;0.2925307660639301
16763619;7991131;42;0.0062085736833864605;0.26076009470214023;-0.0008663126069839821;0.0063600023098095045;0.26076009470213585;0;0;1817;Синегорье;Sinegor'e;4397.95334429218
16763709;7991029;42;0.004129555256360702;0.17344132076704366;-0.0005762170125151521;0.004230276116270689;0.1734413207670409;0;0;1817;Синегорье;Sinegor'e;4394.725155976236
16791136;7565279;22;2.038147166106611e-15;4.929534103789023e-15;4.855030005894028e-18;1.430830782322045e-15;3.7884599043725125e-15;0;2;1824;Центральная;Tsentral'naja;0.4774091828148434
16803286;7651626;27;3.60644655079194e-15;9.511312374924048e-15;5.618199853148382e-17;2.371414836999641e-15;7.456809261508978e-15;0;2;1823;Палатка;Palatka;0.5638992916981905
16885657;8016361;42;0.011655917282612902;0.48954852586949127;-0.0016264070626895199;0.011940207948039551;0.48954852586948533;0;4;1819;Оротукан;Orotukan;0.11525623422122701
16937803;8043714;7;2.7298614634086276e-15;6.576957374919856e-15;9.548670296935395e-17;1.816887619552541e-15;5.420399336719026e-15;0;2;183;Усть-Среднеканская ГЭС;Ust'-Srednekanskaja GES;0.4766312846275992
17338536;8061298;42;0.010749602779446555;0.4514833167365315;-0.0014999445738756996;0.011011788213088975;0.45148331673652614;0;4;1820;Омсукчан;Omsukchan;0.6156721604252026
17611091;6457086;19;1.1820702014656609e-16;2.849816916495221e-16;-2.6001045772316118e-18;7.636510826512668e-17;2.6513583568183237e-16;0;2;180;Мутновская ГеоТЭС;Mutnovskaja GeoTES;0.4352858849985461
17626125;6547885;19;1.1820702014656609e-16;2.849816916495221e-16;-2.6001045772316118e-18;7.636510826512668e-17;2.6513583568183237e-16;0;2;1814;Авача;Avacha;0.28509095276264496
